"Format","AiM CSV File"
"Session","A.Senna Kart"
"Vehicle","22"
"Racer","Lucas Abreu"
"Championship","Brasilia Kart Series"
"Comment",""
"Date","Sunday, May 31, 2026"
"Time","10:05 AM"
"Sample Rate","20"
"Duration","154.997"
"Segment","Session"
"Beacon Markers","0.589","50.672","96.928","154.997"
"Segment Times","0:00.589","0:50.083","0:46.256","0:58.069"

"Time","GPS Speed","GPS Nsat","GPS LatAcc","GPS LonAcc","GPS Slope","GPS Heading","GPS Gyro","GPS Altitude","GPS PosAccuracy","GPS SpdAccuracy","GPS Radius","GPS Latitude","GPS Longitude","Logger Temperature","Internal Batt","RPM","WheelSpeed","Distance on GPS Speed"
"s","km/h"," ","g","g","deg","deg","deg/s","m","mm","km/h","m","deg","deg","C","V","rpm","km/h","m"

"0.000","52.6525","9","0.0000","0.0000","-1.9494","154.0545","0.0000","1056.8773","2410.0001","0.6480","10000.0000","-15.82588768","-47.97135650","25.0156","3.9380","0.0000","0.0000","0.0000"
"0.050","52.6525","9","0.0000","0.0000","-1.9494","154.0545","0.0000","1056.8773","2410.0001","0.6480","10000.0000","-15.82588768","-47.97135650","25.0156","3.9380","0.0000","0.0000","0.7313"
"0.100","52.6525","9","0.0000","0.0000","-1.9494","154.0545","0.0000","1056.8773","2410.0001","0.6480","10000.0000","-15.82588768","-47.97135650","25.0156","3.9380","0.0000","0.0000","1.4626"
"0.150","52.6525","9","0.0000","0.0000","-1.9494","154.0545","0.0000","1056.8773","2410.0001","0.6480","10000.0000","-15.82588768","-47.97135650","25.0156","3.9380","0.0000","0.0000","2.1939"
"0.200","52.6525","9","0.0000","0.0000","-1.9494","154.0545","0.0000","1056.8773","2410.0001","0.6480","10000.0000","-15.82588768","-47.97135650","25.0156","3.9380","0.0000","0.0000","2.9251"
"0.250","52.7129","9","-0.2422","0.0445","-1.9581","153.6821","-9.3098","1056.8107","2392.0000","0.6480","90.1149","-15.82589014","-47.97135573","25.0156","3.9380","0.0000","0.0000","3.6568"
"0.300","52.7139","9","-0.6185","-0.0180","-1.9934","152.5259","-23.7329","1056.6165","2342.0000","0.6480","35.3504","-15.82589717","-47.97135348","25.0156","3.9380","0.0000","0.0000","4.3890"
"0.350","52.6080","9","-0.7479","-0.0490","-2.0888","151.1261","-28.7340","1056.4835","2301.5001","0.6480","29.1391","-15.82590286","-47.97135062","25.0156","3.9370","0.0000","0.0000","5.1203"
"0.400","52.3916","10","-0.6681","-0.1118","-2.1385","149.8486","-25.7397","1056.3660","2263.9999","0.6480","32.3950","-15.82590796","-47.97134716","25.0156","3.9360","0.0000","0.0000","5.8495"
"0.450","52.3822","10","-0.8234","-0.0126","-2.1572","148.2400","-31.8034","1056.2229","2226.5000","0.6480","26.2139","-15.82591302","-47.97134345","25.0156","3.9360","0.0000","0.0000","6.5773"
"0.500","52.2928","11","-0.7882","-0.0242","-2.2207","146.7250","-30.4874","1056.0896","2196.0001","0.6984","27.2987","-15.82591806","-47.97133979","25.0156","3.9360","0.0000","0.0000","7.3048"
"0.550","52.3562","11","-0.8176","0.0306","-2.2467","145.4195","-31.6228","1055.8662","2169.6429","0.7395","26.3504","-15.82592371","-47.97133609","25.0148","3.9360","0.0000","0.0000","8.0338"
"0.600","52.4362","11","-0.8437","0.0518","-2.2415","144.1894","-32.5914","1055.6215","2142.8571","0.7653","25.6064","-15.82592954","-47.97133238","25.0141","3.9360","0.0000","0.0000","8.7659"
"0.650","52.5163","11","-0.8699","0.0730","-2.2363","142.9593","-33.5601","1055.3767","2116.0715","0.7910","24.9052","-15.82593536","-47.97132868","25.0133","3.9370","0.0000","0.0000","9.5086"
"0.700","52.5963","11","-0.8960","0.0942","-2.2311","141.7293","-34.5288","1055.1320","2089.2856","0.8167","24.2435","-15.82594119","-47.97132497","25.0125","3.9380","0.0000","0.0000","10.2543"
"0.750","52.6764","11","-0.9221","0.1154","-2.2259","140.4992","-35.4974","1054.8872","2062.5000","0.8424","23.6178","-15.82594701","-47.97132126","25.0117","3.9380","0.0000","0.0000","10.9949"
"0.800","52.6821","11","-0.8320","0.1313","-2.2397","139.0208","-31.9937","1054.6787","2036.0000","0.8712","26.2071","-15.82595257","-47.97131736","25.0109","3.9380","0.0000","0.0000","11.7305"
"0.850","52.7491","11","-0.3046","0.1095","-2.3352","136.9463","-11.6671","1054.6559","2006.5000","0.8838","71.9566","-15.82595699","-47.97131239","25.0102","3.9380","0.0000","0.0000","12.4706"
"0.900","53.6385","11","-0.0606","0.0748","-2.3255","137.1089","-2.3175","1054.7048","1976.0000","0.8388","368.3680","-15.82596181","-47.97130749","25.0094","3.9380","0.0000","0.0000","13.2141"
"0.950","53.7475","11","0.1605","0.0610","-2.3109","138.2482","6.1090","1054.8308","1951.0000","0.7596","140.0250","-15.82596681","-47.97130257","25.0086","3.9380","0.0000","0.0000","13.9533"
"1.000","53.2533","11","0.3959","0.0290","-2.4499","139.1963","15.0379","1054.8917","1928.0000","0.7056","56.3611","-15.82597169","-47.97129804","25.0078","3.9380","0.0000","0.0000","14.6885"
"1.050","52.8850","11","0.6048","-0.0019","-2.4803","140.6643","22.9582","1054.9017","1911.0000","0.6642","36.6618","-15.82597685","-47.97129393","25.0070","3.9380","0.0000","0.0000","15.4267"
"1.100","53.3752","11","0.7983","-0.0203","-2.4704","142.2904","30.3170","1054.9093","1893.0000","0.6588","28.0203","-15.82598253","-47.97128974","25.0063","3.9380","0.0000","0.0000","16.1653"
"1.150","53.6825","11","0.9335","-0.0103","-2.4505","143.3318","35.4885","1054.9181","1880.5000","0.6138","24.0749","-15.82598826","-47.97128557","25.0055","3.9380","0.0000","0.0000","16.9040"
"1.200","53.1293","11","1.0048","-0.0137","-2.4749","145.5887","38.2290","1054.9214","1866.0001","0.6912","22.1188","-15.82599466","-47.97128164","25.0047","3.9380","0.0000","0.0000","17.6464"
"1.250","52.8752","11","1.0064","-0.0051","-2.5171","147.4317","38.3229","1054.9775","1841.0000","0.7200","21.9591","-15.82600119","-47.97127750","25.0039","3.9380","0.0000","0.0000","18.3938"
"1.300","53.2467","11","0.9718","0.0083","-2.4857","148.7127","37.0237","1055.0719","1823.0000","0.6948","22.8893","-15.82600717","-47.97127352","25.0031","3.9380","0.0000","0.0000","19.1428"
"1.350","53.0905","11","0.9217","0.0199","-2.4850","150.3513","35.1214","1055.2072","1810.5000","0.6840","24.0583","-15.82601296","-47.97126984","25.0023","3.9380","0.0000","0.0000","19.8953"
"1.400","53.1922","11","0.9936","0.1160","-2.5049","152.7405","37.8305","1055.3522","1788.0000","0.7848","22.3782","-15.82601905","-47.97126660","25.0016","3.9380","0.0000","0.0000","20.6530"
"1.450","53.5295","11","1.0074","0.1392","-2.4240","154.5638","38.2188","1055.4679","1775.5001","0.7722","22.2914","-15.82602537","-47.97126340","25.0008","3.9370","0.0000","0.0000","21.4129"
"1.500","53.8314","11","0.9546","0.1191","-2.3440","156.3345","36.0686","1055.5166","1756.0000","0.7668","23.7534","-15.82603187","-47.97126059","25.0000","3.9360","0.0000","0.0000","22.1719"
"1.550","53.9470","11","0.8537","0.1234","-2.3116","157.8037","32.1400","1055.5339","1740.5000","0.7902","26.7142","-15.82603804","-47.97125799","25.0008","3.9360","0.0000","0.0000","22.9291"
"1.600","54.1761","11","0.6624","0.1658","-2.3314","159.4861","24.8414","1055.5433","1726.0000","0.7920","34.7098","-15.82604392","-47.97125560","25.0016","3.9360","0.0000","0.0000","23.6844"
"1.650","54.6540","11","0.4272","0.1376","-2.3357","160.5853","15.9405","1055.5310","1705.5000","0.7920","54.5683","-15.82604998","-47.97125297","25.0023","3.9370","0.0000","0.0000","24.4412"
"1.700","54.7413","11","0.2044","0.0623","-2.3072","161.2026","7.5964","1055.5138","1693.0000","0.7668","114.6898","-15.82605606","-47.97125042","25.0031","3.9380","0.0000","0.0000","25.1995"
"1.750","54.6103","11","-0.0788","0.0020","-2.3030","160.8986","-2.9215","1055.4718","1680.5000","0.7218","297.5005","-15.82606207","-47.97124761","25.0039","3.9380","0.0000","0.0000","25.9578"
"1.800","54.5131","11","-0.3936","-0.0203","-2.3128","159.7513","-14.5953","1055.4290","1658.0000","0.7128","59.4439","-15.82606799","-47.97124447","25.0047","3.9380","0.0000","0.0000","26.7161"
"1.850","54.3460","11","-0.6597","-0.0184","-2.3073","158.5244","-24.4781","1055.3956","1645.4999","0.6678","35.3354","-15.82607368","-47.97124113","25.0055","3.9380","0.0000","0.0000","27.4790"
"1.900","54.5335","11","-0.8483","0.0087","-2.2097","157.0608","-31.5020","1055.4172","1633.0000","0.6732","27.5515","-15.82607944","-47.97123758","25.0063","3.9380","0.0000","0.0000","28.2472"
"1.950","54.5990","11","-0.9800","0.0371","-2.1037","155.1366","-36.3891","1055.5190","1610.9999","0.6840","23.8800","-15.82608469","-47.97123369","25.0070","3.9380","0.0000","0.0000","29.0180"
"2.000","54.6170","11","-0.9979","0.0744","-2.0710","153.4809","-37.0187","1055.5796","1598.0000","0.6480","23.4816","-15.82608997","-47.97122962","25.0078","3.9380","0.0000","0.0000","29.7856"
"2.050","54.5978","10","-0.9316","0.0852","-2.1358","151.7360","-34.4877","1055.4440","1590.0000","0.6480","25.1959","-15.82609533","-47.97122601","25.0086","3.9380","0.0000","0.0000","30.5470"
"2.100","54.9688","10","-0.7791","0.0765","-2.1606","149.9363","-28.7726","1055.2557","1582.9999","0.6480","30.4059","-15.82610107","-47.97122213","25.0094","3.9380","0.0000","0.0000","31.3090"
"2.150","55.3978","10","-0.6262","0.0877","-2.1207","148.7401","-23.0738","1055.0289","1570.5000","0.6480","38.2114","-15.82610725","-47.97121857","25.0102","3.9380","0.0000","0.0000","32.0730"
"2.200","55.5512","10","-0.4969","0.0545","-2.0655","147.7233","-18.2604","1055.0188","1558.0000","0.6120","48.4176","-15.82611367","-47.97121435","25.0109","3.9380","0.0000","0.0000","32.8367"
"2.250","55.1946","10","-0.4090","0.0095","-2.0984","147.3735","-15.0082","1055.0294","1550.0000","0.6120","58.5312","-15.82611973","-47.97121037","25.0117","3.9380","0.0000","0.0000","33.6039"
"2.300","54.7549","10","-0.3558","-0.0204","-2.1264","147.2239","-13.0557","1055.0751","1543.0000","0.6120","66.7489","-15.82612549","-47.97120654","25.0125","3.9380","0.0000","0.0000","34.3732"
"2.350","54.8557","10","-0.3343","-0.0195","-2.0852","146.8203","-12.2751","1055.1265","1540.0000","0.6120","71.1244","-15.82613131","-47.97120244","25.0133","3.9380","0.0000","0.0000","35.1408"
"2.400","55.0959","10","-0.2862","0.0134","-2.0193","146.1377","-10.5130","1055.1892","1530.0000","0.7128","83.4086","-15.82613722","-47.97119826","25.0141","3.9380","0.0000","0.0000","35.9111"
"2.450","54.9597","10","-0.2230","0.0330","-2.0113","145.4977","-8.1892","1055.2537","1525.5001","0.6678","106.8132","-15.82614292","-47.97119394","25.0148","3.9370","0.0000","0.0000","36.6865"
"2.500","55.3382","11","-0.1408","0.0082","-1.9602","144.8329","-5.1656","1055.3335","1520.0000","0.6732","170.5002","-15.82614885","-47.97118952","25.0156","3.9360","0.0000","0.0000","37.4602"
"2.550","55.4378","10","-0.0249","-0.0015","-1.8975","144.2250","-0.9138","1055.3707","1520.0000","0.6498","965.5175","-15.82615465","-47.97118529","25.0164","3.9360","0.0000","0.0000","38.2311"
"2.600","55.1801","9","0.1522","0.0369","-1.8821","144.5552","5.5816","1055.3947","1510.0000","0.6192","157.3431","-15.82616056","-47.97118146","25.0172","3.9360","0.0000","0.0000","39.0029"
"2.650","55.5297","9","0.3877","0.0727","-1.8696","145.1541","14.1924","1055.4094","1505.5000","0.6156","62.2715","-15.82616664","-47.97117763","25.0180","3.9370","0.0000","0.0000","39.7851"
"2.700","55.9009","9","0.6083","0.0936","-1.8577","146.2193","22.2202","1055.4373","1500.0000","0.5760","40.0397","-15.82617297","-47.97117405","25.0187","3.9380","0.0000","0.0000","40.5776"
"2.750","55.6541","9","0.7951","0.1052","-1.9054","148.3965","28.9641","1055.4614","1490.5000","0.6102","30.5814","-15.82617937","-47.97117102","25.0195","3.9380","0.0000","0.0000","41.3724"
"2.800","55.4417","9","0.9363","0.1111","-1.7873","150.4525","34.0034","1055.5674","1490.0000","0.6480","25.9498","-15.82618576","-47.97116804","25.0203","3.9380","0.0000","0.0000","42.1640"
"2.850","55.6007","9","0.9157","0.1488","-1.6871","151.7999","33.1440","1055.6523","1485.5000","0.6642","26.6990","-15.82619220","-47.97116502","25.0211","3.9380","0.0000","0.0000","42.9509"
"2.900","56.4180","9","0.7894","0.1529","-1.5350","153.2980","28.4503","1055.7024","1480.0000","0.7344","31.5610","-15.82619888","-47.97116194","25.0219","3.9380","0.0000","0.0000","43.7344"
"2.950","57.2756","9","0.5930","0.1301","-1.4288","154.7875","21.2708","1055.6667","1470.5000","0.7560","42.8555","-15.82620542","-47.97115889","25.0227","3.9370","0.0000","0.0000","44.5160"
"3.000","57.2405","10","0.3022","0.1156","-1.4738","154.9999","10.8004","1055.5795","1468.0001","0.7056","84.3499","-15.82621174","-47.97115566","25.0234","3.9360","0.0000","0.0000","45.2974"
"3.050","56.9363","9","0.0097","0.0441","-1.4322","154.7133","0.3504","1055.5232","1460.0000","0.6318","2586.4604","-15.82621783","-47.97115209","25.0242","3.9370","0.0000","0.0000","46.0766"
"3.100","56.6387","9","-0.2832","-0.0657","-1.3785","154.1093","-10.0715","1055.4916","1452.9999","0.6120","89.5033","-15.82622372","-47.97114841","25.0250","3.9380","0.0000","0.0000","46.8514"
"3.150","56.3590","9","-0.5749","-0.0989","-1.3589","153.4296","-20.4925","1055.4781","1450.0000","0.5778","43.7713","-15.82622932","-47.97114468","25.0258","3.9380","0.0000","0.0000","47.6201"
"3.200","56.2371","9","-0.7706","-0.0959","-1.3114","151.9502","-27.5584","1055.5109","1438.0000","0.5760","32.4780","-15.82623487","-47.97114023","25.0266","3.9380","0.0000","0.0000","48.3873"
"3.250","56.2647","9","-0.8562","-0.1090","-1.2902","150.2226","-30.7185","1055.5936","1429.9999","0.5598","29.1512","-15.82624021","-47.97113538","25.0273","3.9380","0.0000","0.0000","49.1588"
"3.300","56.0900","9","-0.9034","-0.1272","-1.3777","148.8262","-32.5360","1055.6085","1423.0000","0.5400","27.4373","-15.82624551","-47.97113047","25.0281","3.9380","0.0000","0.0000","49.9278"
"3.350","55.7914","9","-0.9651","-0.1276","-1.4999","147.2292","-34.9115","1055.5381","1410.5000","0.5058","25.4342","-15.82625061","-47.97112571","25.0289","3.9380","0.0000","0.0000","50.6862"
"3.400","55.2339","10","-0.9438","-0.1069","-1.5287","145.1811","-34.2863","1055.5023","1400.0000","0.6192","25.6393","-15.82625542","-47.97112093","25.0297","3.9380","0.0000","0.0000","51.4342"
"3.450","55.2391","10","-0.8964","-0.1142","-1.6182","143.5565","-32.6878","1055.4342","1395.4999","0.6642","26.8956","-15.82626037","-47.97111621","25.0305","3.9370","0.0000","0.0000","52.1795"
"3.500","55.6096","9","-0.8855","-0.1399","-1.6543","142.1189","-32.4214","1055.3156","1390.0000","0.7092","27.2985","-15.82626543","-47.97111168","25.0312","3.9360","0.0000","0.0000","52.9281"
"3.550","55.4853","9","-0.8513","-0.1471","-1.6035","141.3352","-31.3202","1055.2854","1380.5000","0.7200","28.1951","-15.82627068","-47.97110727","25.0281","3.9360","0.0000","0.0000","53.6794"
"3.600","54.4142","10","-0.7706","-0.1329","-1.6867","139.8188","-28.4926","1055.4634","1378.0000","0.7776","30.3948","-15.82627539","-47.97110204","25.0250","3.9360","0.0000","0.0000","54.4328"
"3.650","53.7139","10","-0.5901","-0.1044","-1.8347","138.0523","-21.9102","1055.5229","1370.0000","0.8964","39.0175","-15.82627974","-47.97109681","25.0219","3.9360","0.0000","0.0000","55.1851"
"3.700","53.6552","9","-0.3936","-0.0711","-1.9136","136.8584","-14.6668","1055.5236","1370.0000","0.9108","58.2231","-15.82628428","-47.97109187","25.0187","3.9360","0.0000","0.0000","55.9341"
"3.750","53.9583","9","-0.2110","-0.0416","-2.0055","136.0025","-7.8829","1055.6348","1360.5000","0.8658","108.9411","-15.82628869","-47.97108653","25.0156","3.9370","0.0000","0.0000","56.6799"
"3.800","54.1231","11","0.0059","-0.0723","-2.0120","136.5600","0.2211","1055.7500","1350.0000","0.7992","3896.2981","-15.82629344","-47.97108166","25.0125","3.9380","0.0000","0.0000","57.4226"
"3.850","54.2759","9","0.2191","-0.0867","-2.0491","136.8963","8.2221","1055.7609","1350.0000","0.8280","105.0621","-15.82629821","-47.97107705","25.0094","3.9380","0.0000","0.0000","58.1636"
"3.900","54.1329","8","0.4119","-0.0816","-2.0802","137.9910","15.4977","1055.7778","1343.0001","0.8028","55.5923","-15.82630359","-47.97107266","25.0063","3.9380","0.0000","0.0000","58.9057"
"3.950","53.9201","9","0.6036","-0.0275","-2.0939","139.3821","22.7689","1055.8129","1340.0000","0.7920","37.6903","-15.82630922","-47.97106846","25.0031","3.9380","0.0000","0.0000","59.6539"
"4.000","53.6557","9","0.7353","0.0673","-2.1033","141.2255","27.7562","1055.8760","1338.0001","0.8712","30.7663","-15.82631508","-47.97106447","25.0000","3.9380","0.0000","0.0000","60.4091"
"4.050","53.4258","9","0.8191","0.0717","-2.0760","142.3468","30.8517","1055.9253","1330.0000","0.8838","27.5608","-15.82632046","-47.97106053","24.9969","3.9380","0.0000","0.0000","61.1659"
"4.100","53.3705","9","0.8559","0.0055","-2.1468","142.8763","32.1788","1055.8721","1323.0000","0.8388","26.3969","-15.82632588","-47.97105650","24.9937","3.9380","0.0000","0.0000","61.9209"
"4.150","53.3019","9","0.8189","-0.0345","-2.2204","144.9539","30.7945","1055.8698","1320.0001","0.9306","27.5480","-15.82633152","-47.97105268","24.9906","3.9390","0.0000","0.0000","62.6701"
"4.200","53.9647","11","0.7609","0.0001","-2.2046","146.6301","28.6507","1055.9438","1309.9999","0.9720","29.9775","-15.82633746","-47.97104868","24.9875","3.9400","0.0000","0.0000","63.4160"
"4.250","54.4716","11","0.6918","0.0570","-2.2149","147.8071","26.0482","1056.0084","1305.5000","0.9558","33.2822","-15.82634347","-47.97104464","24.9844","3.9400","0.0000","0.0000","64.1704"
"4.300","54.4996","11","0.6289","0.0823","-2.2525","148.5711","23.6407","1056.0133","1300.0000","0.9360","36.6905","-15.82634926","-47.97104086","24.9813","3.9400","0.0000","0.0000","64.9348"
"4.350","54.4263","10","0.5228","0.1026","-2.2966","150.2373","19.6017","1055.9689","1290.5000","0.9360","44.1912","-15.82635539","-47.97103769","24.9781","3.9400","0.0000","0.0000","65.7032"
"4.400","53.8451","10","0.4572","0.1194","-2.2654","151.2632","17.0857","1055.9147","1288.0000","0.9288","50.1571","-15.82636169","-47.97103461","24.9750","3.9400","0.0000","0.0000","66.4704"
"4.450","53.6711","10","0.4081","0.1065","-2.2410","152.4741","15.1924","1055.9445","1280.0000","0.8838","56.2256","-15.82636807","-47.97103149","24.9719","3.9400","0.0000","0.0000","67.2366"
"4.500","54.3851","9","0.3847","0.0938","-2.2045","152.4681","14.2749","1056.0762","1273.0000","0.8136","60.6357","-15.82637445","-47.97102766","24.9688","3.9400","0.0000","0.0000","68.0041"
"4.550","55.1916","11","0.3711","0.0812","-2.1678","152.5443","13.7271","1056.2659","1270.0000","0.7578","63.9905","-15.82638089","-47.97102356","24.9727","3.9390","0.0000","0.0000","68.7695"
"4.600","55.4323","11","0.3970","0.0597","-2.0725","153.4751","14.6492","1056.5156","1260.0000","0.7200","60.2240","-15.82638744","-47.97101994","24.9766","3.9380","0.0000","0.0000","69.5329"
"4.650","55.1921","11","0.5293","0.0783","-1.9642","154.4406","19.4899","1056.8594","1255.5000","0.7362","45.0699","-15.82639396","-47.97101610","24.9805","3.9380","0.0000","0.0000","70.2947"
"4.700","55.1145","11","0.6254","0.0873","-1.8539","155.4853","22.9738","1057.1882","1243.0000","0.7308","38.1814","-15.82640058","-47.97101230","24.9844","3.9380","0.0000","0.0000","71.0531"
"4.750","55.4662","11","0.7483","0.0423","-1.6356","157.1723","27.4140","1057.5630","1240.0000","0.7884","32.2015","-15.82640758","-47.97100884","24.9883","3.9380","0.0000","0.0000","71.8068"
"4.800","54.9923","8","0.9449","-0.0522","-1.5569","159.2294","34.5981","1057.6259","1230.0000","0.7920","25.2970","-15.82641462","-47.97100647","24.9922","3.9380","0.0000","0.0000","72.5565"
"4.850","54.9526","9","1.1796","-0.1129","-1.5015","161.4047","43.2960","1057.6172","1225.5000","0.7920","20.2004","-15.82642176","-47.97100454","24.9961","3.9380","0.0000","0.0000","73.3037"
"4.900","54.8556","9","1.3432","-0.1555","-1.4813","163.5597","49.5107","1057.5604","1220.0000","0.7668","17.6337","-15.82642888","-47.97100278","25.0000","3.9380","0.0000","0.0000","74.0536"
"4.950","54.6064","9","1.4158","-0.1376","-1.4214","165.7486","52.4899","1057.5117","1210.5000","0.7560","16.5572","-15.82643611","-47.97100122","25.0039","3.9380","0.0000","0.0000","74.8043"
"5.000","54.1621","9","1.3316","-0.0694","-1.3889","168.0885","49.6100","1057.5022","1207.9999","0.7560","17.3759","-15.82644322","-47.97099994","25.0078","3.9380","0.0000","0.0000","75.5541"
"5.050","53.9337","9","1.1919","-0.0323","-1.2704","170.6523","44.5268","1057.5548","1200.0000","0.7560","19.2778","-15.82645032","-47.97099875","25.0117","3.9380","0.0000","0.0000","76.3026"
"5.100","53.7596","10","1.0541","-0.0166","-1.2139","173.5113","39.4399","1057.6307","1193.0000","0.7812","21.6940","-15.82645729","-47.97099763","25.0156","3.9380","0.0000","0.0000","77.0502"
"5.150","54.1057","10","0.8553","-0.0304","-1.2074","175.9447","32.0337","1057.6670","1190.0001","0.7578","26.8816","-15.82646427","-47.97099671","25.0195","3.9380","0.0000","0.0000","77.7966"
"5.200","54.0476","10","0.8321","-0.0558","-1.2103","176.1959","31.1917","1057.6727","1193.1579","0.8606","27.5777","-15.82647113","-47.97099635","25.0234","3.9380","0.0000","0.0000","78.5421"
"5.250","53.9691","10","0.8167","-0.0815","-1.2133","176.3635","30.6423","1057.6775","1196.4474","0.9695","28.0313","-15.82647800","-47.97099602","25.0273","3.9370","0.0000","0.0000","79.2863"
"5.300","53.8906","10","0.8012","-0.1071","-1.2162","176.5311","30.0930","1057.6823","1199.7368","1.0785","28.5015","-15.82648486","-47.97099569","25.0312","3.9360","0.0000","0.0000","80.0294"
"5.350","53.8121","10","0.7858","-0.1328","-1.2191","176.6987","29.5436","1057.6870","1203.0263","1.1874","28.9892","-15.82649173","-47.97099536","25.0352","3.9350","0.0000","0.0000","80.7715"
"5.400","53.7336","10","0.7704","-0.1584","-1.2221","176.8663","28.9942","1057.6918","1206.3158","1.2964","29.4954","-15.82649859","-47.97099502","25.0391","3.9340","0.0000","0.0000","81.5126"
"5.450","53.6551","10","0.7550","-0.1841","-1.2250","177.0339","28.4449","1057.6965","1209.6052","1.4053","30.0211","-15.82650546","-47.97099469","25.0430","3.9350","0.0000","0.0000","82.2525"
"5.500","53.5766","10","0.7395","-0.2097","-1.2280","177.2015","27.8955","1057.7013","1212.8947","1.5143","30.5675","-15.82651232","-47.97099436","25.0469","3.9360","0.0000","0.0000","82.9913"
"5.550","53.4981","10","0.7241","-0.2354","-1.2309","177.3691","27.3462","1057.7061","1216.1843","1.6232","31.1359","-15.82651919","-47.97099403","25.0469","3.9360","0.0000","0.0000","83.7290"
"5.600","53.4196","10","0.7087","-0.2611","-1.2338","177.5367","26.7968","1057.7108","1219.4737","1.7322","31.7276","-15.82652605","-47.97099370","25.0469","3.9360","0.0000","0.0000","84.4657"
"5.650","53.3411","10","0.6933","-0.2867","-1.2368","177.7043","26.2475","1057.7156","1222.7632","1.8411","32.3441","-15.82653292","-47.97099336","25.0469","3.9360","0.0000","0.0000","85.2002"
"5.700","53.2626","10","0.6778","-0.3124","-1.2397","177.8719","25.6981","1057.7203","1226.0526","1.9501","32.9869","-15.82653978","-47.97099303","25.0469","3.9360","0.0000","0.0000","85.9241"
"5.750","53.1841","10","0.6624","-0.3380","-1.2426","178.0394","25.1488","1057.7251","1229.3421","2.0590","33.6578","-15.82654665","-47.97099270","25.0469","3.9360","0.0000","0.0000","86.6313"
"5.800","53.1056","10","0.6470","-0.3637","-1.2456","178.2070","24.5994","1057.7299","1232.6316","2.1680","34.3586","-15.82655351","-47.97099237","25.0469","3.9360","0.0000","0.0000","87.3260"
"5.850","53.0271","10","0.6316","-0.3894","-1.2485","178.3746","24.0501","1057.7346","1235.9210","2.2769","35.0915","-15.82656037","-47.97099203","25.0469","3.9360","0.0000","0.0000","87.9851"
"5.900","52.9486","10","0.6161","-0.4150","-1.2515","178.5422","23.5007","1057.7394","1239.2105","2.3859","35.8586","-15.82656724","-47.97099170","25.0469","3.9360","0.0000","0.0000","88.6136"
"5.950","52.1022","12","0.9877","-0.6249","-1.2675","-161.1869","38.1102","1058.0072","1240.0000","2.3436","21.7588","-15.82657257","-47.97099356","25.0469","3.9360","0.0000","0.0000","89.2429"
"6.000","50.6006","12","1.5514","-0.7798","-1.3324","-176.3978","61.2984","1058.3500","1230.0000","2.2104","13.1379","-15.82657687","-47.97099646","25.0469","3.9360","0.0000","0.0000","89.8903"
"6.050","49.8629","12","2.0987","-0.7911","-1.3291","-173.8277","85.3882","1058.7083","1225.5000","2.0592","9.2939","-15.82658150","-47.97099917","25.0469","3.9360","0.0000","0.0000","90.5510"
"6.100","47.0175","12","2.5582","-0.6580","-1.3358","-168.3195","107.2933","1059.1732","1220.0000","2.0556","6.9744","-15.82658255","-47.97100451","25.0469","3.9360","0.0000","0.0000","91.2221"
"6.150","44.6901","12","2.8918","-0.3987","-1.3053","-160.3652","124.6398","1059.6891","1201.0000","2.0196","5.7066","-15.82658269","-47.97101239","25.0469","3.9360","0.0000","0.0000","91.9015"
"6.200","45.2557","12","3.0202","-0.0590","-1.1404","-152.2059","132.5769","1060.1925","1188.0000","1.8360","5.4328","-15.82658488","-47.97102165","25.0469","3.9360","0.0000","0.0000","92.5836"
"6.250","46.9366","12","2.9532","0.2884","-0.9534","-144.9450","130.3858","1060.7103","1175.5000","1.6272","5.7293","-15.82658766","-47.97103106","25.0469","3.9360","0.0000","0.0000","93.2743"
"6.300","47.5205","12","2.7083","0.5543","-0.8438","-139.5942","118.7280","1061.1521","1163.0000","1.5228","6.3701","-15.82658974","-47.97103855","25.0469","3.9360","0.0000","0.0000","93.9752"
"6.350","48.5606","12","2.3481","0.6839","-0.7621","-136.0806","101.1383","1061.5159","1160.0000","1.4094","7.6417","-15.82659303","-47.97104526","25.0469","3.9360","0.0000","0.0000","94.6846"
"6.400","49.0656","12","1.9511","0.6496","-0.6421","-133.5948","82.1861","1061.8695","1150.0000","1.3320","9.5017","-15.82659635","-47.97105094","25.0469","3.9360","0.0000","0.0000","95.3984"
"6.450","49.1315","12","1.6353","0.5460","-0.5523","-129.9291","67.4266","1062.2001","1145.4999","1.2834","11.5971","-15.82659848","-47.97105702","25.0469","3.9360","0.0000","0.0000","96.1140"
"6.500","49.7683","12","1.4184","0.3855","-0.4681","-126.1499","57.4374","1062.5226","1140.0000","1.1736","13.7904","-15.82660057","-47.97106357","25.0469","3.9360","0.0000","0.0000","96.8321"
"6.550","50.6255","12","1.2843","0.1993","-0.3442","-123.1062","51.3553","1062.8798","1130.5000","1.1178","15.6893","-15.82660292","-47.97107002","25.0523","3.9350","0.0000","0.0000","97.5557"
"6.600","51.1612","11","1.3351","0.0943","-0.2648","-120.2759","53.0917","1063.2102","1128.0000","1.0440","15.3368","-15.82660505","-47.97107652","25.0578","3.9340","0.0000","0.0000","98.2863"
"6.650","51.4585","11","1.4383","0.1328","-0.1526","-117.5932","57.0592","1063.5660","1115.5000","1.0278","14.3533","-15.82660706","-47.97108301","25.0633","3.9350","0.0000","0.0000","99.0195"
"6.700","51.5445","11","1.4134","0.2319","-0.1592","-114.9193","55.8550","1063.8632","1110.0000","0.9828","14.6873","-15.82660880","-47.97108952","25.0688","3.9360","0.0000","0.0000","99.7532"
"6.750","51.6448","11","1.4078","0.2846","-0.2850","-112.0692","55.2345","1064.0598","1100.5000","0.9378","14.8812","-15.82661020","-47.97109614","25.0742","3.9360","0.0000","0.0000","100.4881"
"6.800","52.1686","10","1.3361","0.2054","-0.3844","-109.5696","51.9817","1064.1836","1098.0000","0.9000","15.9727","-15.82661170","-47.97110311","25.0797","3.9360","0.0000","0.0000","101.2241"
"6.850","52.7094","10","1.1734","0.1547","-0.3449","-107.0143","45.3898","1064.3804","1090.0000","0.9000","18.4820","-15.82661285","-47.97111003","25.0852","3.9370","0.0000","0.0000","101.9584"
"6.900","52.7733","10","0.9434","0.0977","-0.1954","-105.0859","36.3232","1064.6696","1090.0000","0.8496","23.1233","-15.82661412","-47.97111676","25.0906","3.9380","0.0000","0.0000","102.6920"
"6.950","52.8517","11","0.7887","0.0690","-0.1745","-103.8965","30.2792","1064.8651","1080.5000","0.7596","27.7801","-15.82661555","-47.97112352","25.0961","3.9380","0.0000","0.0000","103.4284"
"7.000","52.9180","12","0.5704","0.0659","-0.2439","-102.9089","21.8545","1064.9923","1077.9999","0.6768","38.5374","-15.82661680","-47.97113027","25.1016","3.9380","0.0000","0.0000","104.1658"
"7.050","53.0094","12","0.3355","0.0511","-0.1854","-101.1136","12.8289","1065.1829","1070.0001","0.6156","65.7635","-15.82661766","-47.97113708","25.1070","3.9380","0.0000","0.0000","104.9028"
"7.100","52.8230","12","0.1033","0.0164","-0.0687","-100.9562","3.9465","1065.4067","1070.0001","0.5508","213.0239","-15.82661893","-47.97114384","25.1125","3.9380","0.0000","0.0000","105.6410"
"7.150","52.7460","11","-0.0879","0.0131","0.0713","-102.0905","-3.3542","1065.6282","1060.5000","0.5400","250.2792","-15.82662062","-47.97115066","25.1180","3.9380","0.0000","0.0000","106.3803"
"7.200","53.1197","11","-0.2766","-0.0044","0.1091","-103.2360","-10.5513","1065.7849","1058.0000","0.4968","80.1250","-15.82662232","-47.97115747","25.1234","3.9380","0.0000","0.0000","107.1214"
"7.250","53.0877","11","-0.4368","-0.0066","0.2013","-103.8134","-16.6629","1065.9335","1050.0000","0.4518","50.7065","-15.82662402","-47.97116426","25.1289","3.9380","0.0000","0.0000","107.8633"
"7.300","53.0384","11","-0.5591","0.0236","0.3206","-104.1562","-21.3377","1066.1028","1043.0000","0.4320","39.5606","-15.82662582","-47.97117107","25.1344","3.9380","0.0000","0.0000","108.6044"
"7.350","53.2359","12","-0.6233","0.0844","0.4277","-104.7509","-23.7689","1066.2751","1040.0000","0.4320","35.6464","-15.82662770","-47.97117796","25.1398","3.9370","0.0000","0.0000","109.3442"
"7.400","53.1872","12","-0.7029","0.0664","0.4842","-106.4452","-26.7367","1066.4231","1030.0000","0.4680","31.6606","-15.82662993","-47.97118458","25.1453","3.9360","0.0000","0.0000","110.0870"
"7.450","53.3953","12","-0.7999","0.0170","0.5573","-107.9201","-30.3752","1066.5927","1030.0000","0.4680","27.9772","-15.82663231","-47.97119130","25.1508","3.9360","0.0000","0.0000","110.8319"
"7.500","53.4285","11","-0.8034","0.0136","0.6545","-109.8201","-30.5022","1066.7670","1023.0000","0.4932","27.8780","-15.82663482","-47.97119782","25.1562","3.9360","0.0000","0.0000","111.5719"
"7.550","53.4021","11","-0.7435","0.0450","0.6070","-111.1850","-28.2216","1066.8510","1020.0000","0.4698","30.1160","-15.82663747","-47.97120447","25.1508","3.9360","0.0000","0.0000","112.3105"
"7.600","53.1735","11","-0.7903","0.0613","0.7042","-113.2295","-29.9593","1067.0209","1010.0000","0.4968","28.2477","-15.82664029","-47.97121064","25.1453","3.9360","0.0000","0.0000","113.0556"
"7.650","53.5489","11","-0.8996","0.0329","0.7478","-114.3261","-34.0465","1067.1836","1010.0000","0.4680","25.0322","-15.82664321","-47.97121701","25.1398","3.9360","0.0000","0.0000","113.8023"
"7.700","53.6950","11","-0.9381","0.0201","0.8226","-115.6976","-35.4825","1067.3325","1003.0000","0.4680","24.0846","-15.82664634","-47.97122318","25.1344","3.9360","0.0000","0.0000","114.5391"
"7.750","53.1230","11","-0.9145","-0.0111","0.9408","-118.2600","-34.5826","1067.4410","1000.0000","0.5706","24.4481","-15.82664991","-47.97122900","25.1289","3.9360","0.0000","0.0000","115.2671"
"7.800","53.0913","11","-0.8386","0.0084","0.9333","-119.6136","-31.7302","1067.4849","990.0000","0.5328","26.6300","-15.82665347","-47.97123489","25.1234","3.9360","0.0000","0.0000","115.9958"
"7.850","53.7791","11","-0.8509","-0.0255","0.9232","-120.4359","-32.1997","1067.5212","990.0000","0.4878","26.5816","-15.82665713","-47.97124085","25.1180","3.9350","0.0000","0.0000","116.7261"
"7.900","53.8152","11","-0.9444","-0.0806","0.9733","-122.2645","-35.7884","1067.5746","983.0000","0.5184","23.9322","-15.82666115","-47.97124669","25.1125","3.9340","0.0000","0.0000","117.4480"
"7.950","52.8874","11","-0.9602","-0.0796","1.0504","-125.0725","-36.4981","1067.6499","980.0000","0.5742","23.0623","-15.82666542","-47.97125202","25.1070","3.9340","0.0000","0.0000","118.1587"
"8.000","52.2313","11","-0.9842","-0.1437","0.9701","-127.3292","-37.5370","1067.6263","970.0000","0.6120","22.1458","-15.82666977","-47.97125723","25.1016","3.9340","0.0000","0.0000","118.8621"
"8.050","52.5220","11","-0.9872","-0.1869","0.9548","-128.5414","-37.8594","1067.6777","970.0000","0.6120","22.0794","-15.82667426","-47.97126251","25.0961","3.9340","0.0000","0.0000","119.5663"
"8.100","52.6332","11","-1.0327","-0.1956","0.9828","-129.7299","-39.8782","1067.7789","963.0000","0.5868","21.0060","-15.82667863","-47.97126762","25.0906","3.9340","0.0000","0.0000","120.2663"
"8.150","51.8525","11","-1.0783","-0.2172","1.0098","-132.0993","-41.9309","1067.8606","960.0000","0.6102","19.6814","-15.82668318","-47.97127223","25.0852","3.9350","0.0000","0.0000","120.9648"
"8.200","51.0591","11","-1.1670","-0.1957","0.9894","-135.2305","-45.7398","1067.8961","950.0000","0.6984","17.7664","-15.82668805","-47.97127651","25.0797","3.9360","0.0000","0.0000","121.6684"
"8.250","50.5486","11","-1.2496","-0.1880","0.9692","-137.8303","-49.3457","1067.9319","950.0000","0.7560","16.3034","-15.82669308","-47.97128051","25.0742","3.9360","0.0000","0.0000","122.3700"
"8.300","50.7811","11","-1.2938","-0.1463","0.9690","-138.7317","-51.4546","1067.9662","943.0000","0.7560","15.7072","-15.82669797","-47.97128478","25.0688","3.9360","0.0000","0.0000","123.0691"
"8.350","50.2688","11","-1.2755","-0.0736","1.0456","-141.4644","-51.0197","1068.0240","940.0000","0.7560","15.6813","-15.82670338","-47.97128855","25.0633","3.9360","0.0000","0.0000","123.7693"
"8.400","50.1765","12","-1.3370","-0.0407","1.0745","-145.2749","-53.6574","1068.0487","940.0000","0.8280","14.8830","-15.82670913","-47.97129187","25.0578","3.9360","0.0000","0.0000","124.4692"
"8.450","50.7699","12","-1.3947","-0.0078","1.1009","-148.1866","-56.0929","1068.0623","935.5000","0.8280","14.4052","-15.82671515","-47.97129504","25.0523","3.9360","0.0000","0.0000","125.1711"
"8.500","50.4635","12","-1.3286","0.0316","1.0570","-151.0176","-53.4960","1068.0305","930.0000","0.8028","15.0133","-15.82672102","-47.97129787","25.0469","3.9360","0.0000","0.0000","125.8735"
"8.550","50.1987","12","-1.1810","0.0917","0.9225","-153.1016","-47.5358","1067.9707","930.0000","0.7578","16.8071","-15.82672672","-47.97130077","25.0438","3.9360","0.0000","0.0000","126.5776"
"8.600","50.5454","12","-1.0997","0.0847","1.0242","-154.9303","-44.1492","1068.0338","928.0000","0.7272","18.2213","-15.82673262","-47.97130335","25.0406","3.9360","0.0000","0.0000","127.2839"
"8.650","50.3611","12","-1.0973","0.0394","1.0536","-157.6477","-43.9578","1068.0511","920.0000","0.7560","18.2339","-15.82673861","-47.97130557","25.0375","3.9360","0.0000","0.0000","127.9920"
"8.700","50.5754","11","-1.0766","0.0272","1.0352","-159.1744","-43.0963","1068.0817","920.0000","0.7308","18.6775","-15.82674463","-47.97130767","25.0344","3.9360","0.0000","0.0000","128.7025"
"8.750","50.4960","11","-0.9998","0.0338","0.9795","-161.1516","-40.0052","1068.0985","910.5000","0.7200","20.0891","-15.82675061","-47.97130963","25.0312","3.9370","0.0000","0.0000","129.4173"
"8.800","50.7508","11","-0.8658","0.0588","0.9048","-163.0428","-34.6157","1068.0791","910.0000","0.7488","23.3341","-15.82675689","-47.97131137","25.0281","3.9380","0.0000","0.0000","130.1410"
"8.850","50.8764","11","-0.8750","0.0940","0.9371","-164.7623","-34.9184","1068.0964","910.0000","0.7038","23.1890","-15.82676314","-47.97131297","25.0250","3.9380","0.0000","0.0000","130.8731"
"8.900","50.9881","11","-0.8959","0.1505","0.9121","-166.8347","-35.6435","1068.0902","903.0000","0.6840","22.7672","-15.82676944","-47.97131428","25.0219","3.9380","0.0000","0.0000","131.6071"
"8.950","51.1803","11","-0.8043","0.2000","0.9026","-168.7458","-31.8421","1068.0934","900.0000","0.6498","25.5812","-15.82677586","-47.97131538","25.0187","3.9380","0.0000","0.0000","132.3421"
"9.000","51.4659","11","-0.7460","0.2016","0.8899","-170.2916","-29.3410","1068.1024","900.0000","0.6048","27.9167","-15.82678234","-47.97131633","25.0156","3.9380","0.0000","0.0000","133.0791"
"9.050","52.2608","12","-0.6423","0.1962","0.9151","-171.2082","-25.1003","1068.1405","900.0000","0.5436","33.1373","-15.82678901","-47.97131734","25.0125","3.9380","0.0000","0.0000","133.8214"
"9.100","52.7580","12","-0.5794","0.2082","0.9103","-172.2435","-22.4910","1068.1748","893.0000","0.4788","37.3337","-15.82679572","-47.97131821","25.0094","3.9380","0.0000","0.0000","134.5689"
"9.150","52.8643","12","-0.5725","0.1955","0.9216","-173.4275","-22.0692","1068.2137","890.0000","0.4680","38.1238","-15.82680231","-47.97131897","25.0063","3.9380","0.0000","0.0000","135.3178"
"9.200","52.9249","11","-0.5052","0.1910","0.9434","-174.2957","-19.3507","1068.2488","890.0000","0.4608","43.5295","-15.82680891","-47.97131961","25.0031","3.9380","0.0000","0.0000","136.0669"
"9.250","53.1009","11","-0.4880","0.1502","0.9249","-175.0722","-18.5788","1068.2742","885.5000","0.4320","45.4887","-15.82681558","-47.97132022","25.0000","3.9380","0.0000","0.0000","136.8182"
"9.300","53.4683","11","-0.5017","0.1300","0.9337","-175.9222","-19.0091","1068.3167","880.0000","0.4320","44.7666","-15.82682235","-47.97132070","24.9969","3.9380","0.0000","0.0000","137.5697"
"9.350","53.9536","11","-0.5238","0.0969","0.9370","-176.9976","-19.7638","1068.3557","880.0000","0.4320","43.4480","-15.82682917","-47.97132109","24.9937","3.9380","0.0000","0.0000","138.3205"
"9.400","53.9320","11","-0.5910","0.0661","0.9477","-178.5921","-22.2336","1068.3868","878.0000","0.4680","38.6061","-15.82683589","-47.97132109","24.9906","3.9380","0.0000","0.0000","139.0721"
"9.450","53.9411","11","-0.6542","0.0438","0.8931","-17.9271","-24.5665","1068.3947","870.0000","0.4680","34.9459","-15.82684260","-47.97132102","24.9875","3.9370","0.0000","0.0000","139.8260"
"9.500","54.1034","11","-0.7119","0.0443","0.8659","179.0345","-26.7009","1068.4156","870.0000","0.4680","32.2491","-15.82684942","-47.97132086","24.9844","3.9360","0.0000","0.0000","140.5804"
"9.550","54.1416","12","-0.7156","0.0595","0.8455","178.0824","-26.8053","1068.4297","870.0000","0.4338","32.1463","-15.82685622","-47.97132062","24.9875","3.9360","0.0000","0.0000","141.3373"
"9.600","54.0277","12","-0.7496","0.0693","0.7773","176.5241","-28.0289","1068.4343","870.0000","0.4680","30.6783","-15.82686293","-47.97132007","24.9906","3.9360","0.0000","0.0000","142.0977"
"9.650","54.1311","12","-0.7628","0.0360","0.7414","175.0591","-28.4706","1068.4301","865.5000","0.4680","30.2601","-15.82686979","-47.97131939","24.9937","3.9360","0.0000","0.0000","142.8590"
"9.700","54.3214","12","-0.7901","0.0203","0.7067","173.5024","-29.4622","1068.4122","860.0000","0.4680","29.3444","-15.82687670","-47.97131841","24.9969","3.9360","0.0000","0.0000","143.6219"
"9.750","54.2322","11","-0.7998","0.0347","0.7047","171.7869","-29.8139","1068.4148","860.0000","0.5022","28.9507","-15.82688359","-47.97131723","25.0000","3.9370","0.0000","0.0000","144.3878"
"9.800","54.5447","11","-0.7879","0.0765","0.6693","170.4562","-29.3400","1068.3885","858.0000","0.4680","29.5878","-15.82689049","-47.97131586","25.0031","3.9380","0.0000","0.0000","145.1579"
"9.850","54.8032","11","-0.7426","0.1106","0.6215","169.1927","-27.5849","1068.3760","850.0000","0.4680","31.6194","-15.82689749","-47.97131446","25.0063","3.9380","0.0000","0.0000","145.9364"
"9.900","54.7608","11","-0.6860","0.1300","0.6075","168.3067","-25.3964","1068.3827","850.0000","0.4428","34.3176","-15.82690432","-47.97131298","25.0094","3.9380","0.0000","0.0000","146.7186"
"9.950","54.9909","12","-0.5648","0.1466","0.5550","167.0080","-20.8245","1068.3827","850.0000","0.4320","42.0279","-15.82691110","-47.97131126","25.0125","3.9370","0.0000","0.0000","147.5027"
"10.000","55.1776","12","-0.3882","0.1699","0.4985","165.7494","-14.2495","1068.3932","840.0000","0.4320","61.6287","-15.82691788","-47.97130930","25.0156","3.9360","0.0000","0.0000","148.2899"
"10.050","55.5155","12","-0.1928","0.1656","0.5282","165.1438","-7.0420","1068.4181","840.0000","0.4158","125.4699","-15.82692471","-47.97130735","25.0187","3.9350","0.0000","0.0000","149.0815"
"10.100","56.1367","12","-0.0112","0.1590","0.5467","165.2515","-0.4102","1068.4541","840.0000","0.3960","2178.0115","-15.82693173","-47.97130555","25.0219","3.9340","0.0000","0.0000","149.8745"
"10.150","56.3281","12","0.1721","0.1603","0.5616","166.1431","6.2157","1068.4915","830.5000","0.3960","144.2293","-15.82693870","-47.97130400","25.0250","3.9340","0.0000","0.0000","150.6689"
"10.200","56.4785","11","0.3456","0.1473","0.5336","166.6674","12.4222","1068.4950","830.0000","0.3960","72.3610","-15.82694576","-47.97130241","25.0281","3.9340","0.0000","0.0000","151.4646"
"10.250","56.7243","11","0.5081","0.1319","0.5541","167.4780","18.1806","1068.5070","830.0000","0.3960","49.6571","-15.82695284","-47.97130103","25.0312","3.9340","0.0000","0.0000","152.2625"
"10.300","57.0469","11","0.6481","0.1363","0.5423","168.5890","23.1006","1068.5210","823.0000","0.3960","39.3033","-15.82695998","-47.97129973","25.0344","3.9340","0.0000","0.0000","153.0620"
"10.350","57.0552","11","0.7474","0.1231","0.5409","170.0393","26.5340","1068.5211","820.0000","0.3960","34.2226","-15.82696708","-47.97129864","25.0375","3.9350","0.0000","0.0000","153.8629"
"10.400","57.2364","11","0.8331","0.0970","0.5021","171.3687","29.4732","1068.5071","820.0000","0.3960","30.9075","-15.82697435","-47.97129776","25.0406","3.9360","0.0000","0.0000","154.6653"
"10.450","57.3040","11","0.8593","0.0744","0.4815","172.7433","30.3221","1068.4991","815.5000","0.4122","30.0778","-15.82698146","-47.97129705","25.0438","3.9360","0.0000","0.0000","155.4668"
"10.500","57.4725","11","0.8520","0.0449","0.4850","174.1872","30.0065","1068.5143","810.0000","0.4320","30.4835","-15.82698858","-47.97129654","25.0469","3.9360","0.0000","0.0000","156.2674"
"10.550","57.5942","11","0.8955","0.0083","0.5026","175.7714","31.5043","1068.5225","810.0000","0.4320","29.0957","-15.82699572","-47.97129625","25.0477","3.9360","0.0000","0.0000","157.0690"
"10.600","57.7352","12","0.9236","0.0317","0.4990","177.5004","32.4918","1068.5265","808.0000","0.4320","28.2805","-15.82700296","-47.97129606","25.0484","3.9360","0.0000","0.0000","157.8720"
"10.650","57.8078","12","0.9425","0.0517","0.4887","178.8936","33.1326","1068.5375","800.0000","0.4320","27.7684","-15.82701010","-47.97129617","25.0492","3.9360","0.0000","0.0000","158.6789"
"10.700","57.5922","12","0.8799","0.0650","0.4692","-71.4702","30.8919","1068.5629","800.0000","0.4320","29.6714","-15.82701719","-47.97129656","25.0500","3.9360","0.0000","0.0000","159.4924"
"10.750","57.6862","12","0.7630","0.0823","0.4284","-177.9282","26.7402","1068.6042","800.0000","0.4320","34.3342","-15.82702425","-47.97129718","25.0508","3.9360","0.0000","0.0000","160.3108"
"10.800","57.7822","12","0.5680","0.1025","0.4131","-176.7270","19.8585","1068.6434","798.0000","0.4248","46.3092","-15.82703131","-47.97129793","25.0516","3.9360","0.0000","0.0000","161.1283"
"10.850","57.8776","12","0.3639","0.0977","0.4189","-176.0573","12.6876","1068.6829","790.0000","0.3960","72.6023","-15.82703845","-47.97129867","25.0523","3.9360","0.0000","0.0000","161.9427"
"10.900","58.3119","12","0.1311","0.0865","0.4395","-175.4098","4.5599","1068.7347","790.0000","0.3960","203.5269","-15.82704571","-47.97129955","25.0531","3.9360","0.0000","0.0000","162.7581"
"10.950","58.9076","12","-0.0881","0.0792","0.4565","-175.6693","-3.0544","1068.7902","790.0000","0.3960","306.9454","-15.82705306","-47.97130029","25.0539","3.9360","0.0000","0.0000","163.5753"
"11.000","59.0403","12","-0.2993","0.0686","0.4215","-176.6670","-10.3495","1068.8153","788.0000","0.4320","90.7923","-15.82706049","-47.97130065","25.0547","3.9360","0.0000","0.0000","164.3929"
"11.050","58.6741","11","-0.5085","0.0687","0.3979","-177.6952","-17.5492","1068.8406","780.0000","0.4320","53.2120","-15.82706778","-47.97130094","25.0555","3.9360","0.0000","0.0000","165.2118"
"11.100","58.6096","12","-0.6555","0.0785","0.3965","-179.0689","-22.5785","1068.8674","780.0000","0.4068","41.3137","-15.82707512","-47.97130093","25.0562","3.9360","0.0000","0.0000","166.0327"
"11.150","58.8430","11","-0.7348","0.0706","0.4121","161.7209","-25.2558","1068.8864","780.0000","0.3960","37.0811","-15.82708249","-47.97130078","25.0570","3.9360","0.0000","0.0000","166.8550"
"11.200","58.8755","11","-0.7603","0.0276","0.4283","178.8643","-26.0880","1068.8809","780.0000","0.3960","35.9181","-15.82709000","-47.97130055","25.0578","3.9360","0.0000","0.0000","167.6776"
"11.250","58.8770","11","-0.7827","-0.0011","0.3980","177.8624","-26.8417","1068.8663","780.0000","0.3960","34.9104","-15.82709751","-47.97130019","25.0586","3.9360","0.0000","0.0000","168.4980"
"11.300","59.0379","11","-0.8013","-0.0115","0.3805","176.4915","-27.4885","1068.8431","773.0000","0.3960","34.1822","-15.82710514","-47.97129955","25.0594","3.9360","0.0000","0.0000","169.3175"
"11.350","59.2112","11","-0.8113","0.0173","0.4031","174.7866","-27.8465","1068.8353","770.0000","0.3960","33.8417","-15.82711267","-47.97129863","25.0602","3.9360","0.0000","0.0000","170.1410"
"11.400","59.2110","11","-0.7667","0.0430","0.4058","173.4555","-26.3063","1068.8217","770.0000","0.3960","35.8231","-15.82712024","-47.97129752","25.0609","3.9360","0.0000","0.0000","170.9713"
"11.450","59.2027","12","-0.7199","0.0768","0.3739","172.6188","-24.6728","1068.8145","770.0000","0.3960","38.1895","-15.82712776","-47.97129639","25.0617","3.9360","0.0000","0.0000","171.8075"
"11.500","58.9312","12","-0.6447","0.0946","0.3313","171.6425","-22.0478","1068.7935","770.0000","0.3960","42.5403","-15.82713509","-47.97129504","25.0625","3.9360","0.0000","0.0000","172.6450"
"11.550","59.0029","12","-0.4930","0.0790","0.3208","169.9613","-16.8118","1068.7833","770.0000","0.3960","55.8572","-15.82714249","-47.97129331","25.0602","3.9360","0.0000","0.0000","173.4824"
"11.600","59.5953","12","-0.2973","0.1144","0.3303","169.0029","-10.1155","1068.8049","760.0000","0.3960","93.7657","-15.82714983","-47.97129165","25.0578","3.9360","0.0000","0.0000","174.3235"
"11.650","60.0728","12","-0.0405","0.1336","0.3392","169.1514","-1.3797","1068.8154","760.0000","0.4122","692.9812","-15.82715728","-47.97129006","25.0555","3.9360","0.0000","0.0000","175.1686"
"11.700","60.3330","12","0.2324","0.1227","0.3440","169.7801","7.8413","1068.8289","760.0000","0.4320","122.4576","-15.82716474","-47.97128868","25.0531","3.9360","0.0000","0.0000","176.0146"
"11.750","60.2750","11","0.5077","0.1140","0.3749","170.7649","17.0834","1068.8462","760.0000","0.4320","56.1542","-15.82717210","-47.97128754","25.0508","3.9360","0.0000","0.0000","176.8617"
"11.800","60.2738","11","0.6906","0.1255","0.3490","172.0937","23.1607","1068.8359","758.0000","0.4320","41.4188","-15.82717956","-47.97128667","25.0484","3.9360","0.0000","0.0000","177.7083"
"11.850","60.8361","11","0.8378","0.1046","0.3411","173.5468","28.0021","1068.8241","750.0000","0.4482","34.5773","-15.82718722","-47.97128600","25.0461","3.9360","0.0000","0.0000","178.5556"
"11.900","60.8249","11","0.9424","0.0772","0.3159","175.0886","31.4108","1068.8164","750.0000","0.4932","30.8193","-15.82719480","-47.97128558","25.0438","3.9360","0.0000","0.0000","179.4049"
"11.950","61.0158","10","1.0151","0.0692","0.3584","176.5670","33.7738","1068.8470","750.0000","0.5040","28.7530","-15.82720232","-47.97128537","25.0414","3.9360","0.0000","0.0000","180.2550"
"12.000","61.0287","11","0.9628","0.0485","0.3806","178.0397","31.9838","1068.8672","750.0000","0.4968","30.3685","-15.82720981","-47.97128547","25.0391","3.9360","0.0000","0.0000","181.1075"
"12.050","60.9014","11","0.8053","0.0538","0.3662","17.4684","26.7206","1068.9010","745.5000","0.4680","36.2744","-15.82721731","-47.97128574","25.0367","3.9360","0.0000","0.0000","181.9658"
"12.100","61.1287","11","0.6453","0.0757","0.3393","-179.3118","21.3836","1068.9254","740.0000","0.4428","45.4972","-15.82722489","-47.97128612","25.0344","3.9360","0.0000","0.0000","182.8274"
"12.150","61.1750","11","0.4992","0.0916","0.3349","-178.5623","16.5069","1068.9641","740.0000","0.4320","58.9834","-15.82723236","-47.97128646","25.0320","3.9360","0.0000","0.0000","183.6899"
"12.200","61.2279","11","0.3409","0.0838","0.3296","-178.0800","11.2429","1068.9987","740.0000","0.4320","86.6741","-15.82724000","-47.97128699","25.0297","3.9360","0.0000","0.0000","184.5540"
"12.250","61.5880","11","0.1960","0.0740","0.3377","-177.4026","6.4516","1069.0431","740.0000","0.4320","151.9316","-15.82724755","-47.97128763","25.0273","3.9360","0.0000","0.0000","185.4216"
"12.300","62.0017","11","0.0711","0.0981","0.3269","-177.3795","2.3344","1069.0693","740.0000","0.4320","422.7229","-15.82725523","-47.97128818","25.0250","3.9360","0.0000","0.0000","186.2921"
"12.350","62.1008","11","-0.0256","0.1402","0.3455","-177.5752","-0.8370","1069.1095","730.5000","0.4320","1180.8225","-15.82726288","-47.97128856","25.0227","3.9360","0.0000","0.0000","187.1655"
"12.400","62.0923","11","-0.1189","0.1232","0.3304","-178.1282","-3.8779","1069.1318","730.0000","0.4320","254.8337","-15.82727050","-47.97128884","25.0203","3.9360","0.0000","0.0000","188.0425"
"12.450","62.3570","11","-0.1891","0.1187","0.3123","-178.2559","-6.1445","1069.1633","730.0000","0.4320","161.5180","-15.82727828","-47.97128922","25.0180","3.9360","0.0000","0.0000","188.9219"
"12.500","62.5579","11","-0.1904","0.1223","0.3088","-178.5017","-6.1682","1069.1873","730.0000","0.4320","161.4141","-15.82728602","-47.97128956","25.0156","3.9360","0.0000","0.0000","189.8017"
"12.550","62.8115","11","-0.1781","0.1072","0.3178","-178.5539","-5.7476","1069.2249","730.0000","0.4320","173.9298","-15.82729376","-47.97128982","25.0148","3.9360","0.0000","0.0000","190.6836"
"12.600","62.9978","11","-0.2094","0.1012","0.3135","-178.7779","-6.7384","1069.2664","730.0000","0.4680","148.7952","-15.82730154","-47.97129004","25.0141","3.9360","0.0000","0.0000","191.5688"
"12.650","63.3093","11","-0.2338","0.0867","0.3136","-179.2068","-7.5033","1069.2994","730.0000","0.4680","134.2877","-15.82730944","-47.97129008","25.0133","3.9360","0.0000","0.0000","192.4561"
"12.700","63.3148","11","-0.2528","0.0849","0.3094","-179.6451","-8.0945","1069.3256","723.0000","0.4680","124.4896","-15.82731729","-47.97129019","25.0125","3.9360","0.0000","0.0000","193.3442"
"12.750","63.3287","11","-0.2168","0.1175","0.3062","161.6738","-6.9257","1069.3617","720.0000","0.4680","145.5313","-15.82732506","-47.97129003","25.0117","3.9360","0.0000","0.0000","194.2345"
"12.800","63.6612","11","-0.2837","0.0994","0.3098","179.3410","-9.0333","1069.3855","720.0000","0.4680","112.1624","-15.82733309","-47.97128990","25.0109","3.9360","0.0000","0.0000","195.1280"
"12.850","63.8559","11","-0.3648","0.0779","0.2927","179.1956","-11.5842","1069.4133","720.0000","0.4680","87.7312","-15.82734103","-47.97128978","25.0102","3.9360","0.0000","0.0000","196.0223"
"12.900","63.9069","11","-0.4331","0.0668","0.3004","178.2882","-13.7241","1069.4440","720.0000","0.4680","74.1111","-15.82734895","-47.97128941","25.0094","3.9360","0.0000","0.0000","196.9147"
"12.950","63.9281","11","-0.4128","0.1233","0.3365","177.0497","-13.0587","1069.4836","720.0000","0.4680","77.9136","-15.82735686","-47.97128874","25.0086","3.9360","0.0000","0.0000","197.8052"
"13.000","64.2736","12","-0.4459","0.1067","0.3457","176.8463","-14.0590","1069.5306","720.0000","0.4320","72.7609","-15.82736485","-47.97128823","25.0078","3.9360","0.0000","0.0000","198.6957"
"13.050","64.4245","12","-0.4916","0.0297","0.2925","176.3442","-15.4587","1069.5360","720.0000","0.4320","66.3283","-15.82737297","-47.97128763","25.0070","3.9360","0.0000","0.0000","199.5801"
"13.100","64.3806","11","-0.5265","-0.0368","0.2919","175.4603","-16.5467","1069.5397","713.0000","0.4320","61.9249","-15.82738095","-47.97128687","25.0063","3.9360","0.0000","0.0000","200.4525"
"13.150","64.0840","11","-0.5476","-0.0462","0.3212","174.2034","-17.2316","1069.5653","710.0000","0.4320","59.1895","-15.82738886","-47.97128569","25.0055","3.9360","0.0000","0.0000","201.3105"
"13.200","64.0821","11","-0.5536","-0.1220","0.3204","173.0827","-17.4482","1069.5781","710.0000","0.4320","58.4530","-15.82739674","-47.97128457","25.0047","3.9360","0.0000","0.0000","202.1619"
"13.250","64.0503","12","-0.5788","-0.1930","0.3166","172.8336","-18.3132","1069.5854","710.0000","0.4320","55.6642","-15.82740474","-47.97128350","25.0039","3.9360","0.0000","0.0000","203.0119"
"13.300","63.4086","12","-0.6152","-0.2715","0.2775","171.9607","-19.5745","1069.5707","710.0000","0.4320","51.5558","-15.82741251","-47.97128224","25.0031","3.9360","0.0000","0.0000","203.8507"
"13.350","62.1925","12","-0.6487","-0.3622","0.3056","170.5084","-20.8007","1069.6155","710.0000","0.5346","47.5862","-15.82741984","-47.97128065","25.0023","3.9360","0.0000","0.0000","204.6734"
"13.400","61.1205","11","-0.7234","-0.3997","0.3184","168.8235","-23.4401","1069.6212","710.0000","0.6336","41.5000","-15.82742717","-47.97127887","25.0016","3.9360","0.0000","0.0000","205.4862"
"13.450","61.3822","11","-0.7628","-0.4122","0.2607","168.5561","-25.0080","1069.5956","705.5000","0.5760","39.0646","-15.82743482","-47.97127715","25.0008","3.9360","0.0000","0.0000","206.2942"
"13.500","61.0280","11","-0.7505","-0.4085","0.1994","167.4464","-24.8999","1069.5577","700.0000","0.5760","39.0079","-15.82744224","-47.97127524","25.0000","3.9360","0.0000","0.0000","207.0998"
"13.550","59.7547","11","-0.7923","-0.3800","0.1924","165.7006","-26.6068","1069.5594","700.0000","0.6102","35.7437","-15.82744921","-47.97127300","25.0031","3.9370","0.0000","0.0000","207.9029"
"13.600","58.4865","11","-0.8643","-0.3389","0.2230","163.6658","-29.3562","1069.5945","700.0000","0.6912","31.7085","-15.82745598","-47.97127044","25.0063","3.9380","0.0000","0.0000","208.7013"
"13.650","58.3450","11","-0.9043","-0.2744","0.2724","162.1869","-31.0278","1069.6290","700.0000","0.7200","29.9276","-15.82746280","-47.97126780","25.0094","3.9370","0.0000","0.0000","209.4951"
"13.700","58.0478","11","-0.9291","-0.2081","0.2276","161.1019","-32.1434","1069.6003","700.0000","0.6948","28.7418","-15.82746963","-47.97126505","25.0125","3.9360","0.0000","0.0000","210.2865"
"13.750","57.9714","11","-0.9304","-0.1683","0.2098","159.8036","-32.3990","1069.5743","700.0000","0.6498","28.4776","-15.82747651","-47.97126218","25.0156","3.9360","0.0000","0.0000","211.0733"
"13.800","57.6863","11","-1.0530","-0.1752","0.1922","157.9434","-36.8738","1069.5724","700.0000","0.6984","24.8986","-15.82748299","-47.97125903","25.0187","3.9360","0.0000","0.0000","211.8548"
"13.850","57.2420","11","-1.1024","-0.1536","0.2388","155.7694","-38.8219","1069.6055","700.0000","0.8046","23.4670","-15.82748936","-47.97125564","25.0219","3.9360","0.0000","0.0000","212.6300"
"13.900","57.0713","11","-1.0532","-0.1347","0.2853","153.8113","-37.2808","1069.6752","700.0000","0.8640","24.3642","-15.82749564","-47.97125195","25.0250","3.9360","0.0000","0.0000","213.3994"
"13.950","56.9631","12","-0.9321","-0.0965","0.3721","151.8534","-33.1441","1069.7738","700.0000","0.8640","27.3532","-15.82750166","-47.97124784","25.0281","3.9360","0.0000","0.0000","214.1624"
"14.000","56.3325","12","-1.0203","-0.1491","0.4062","150.0710","-36.4135","1069.8302","690.0000","0.8208","24.6216","-15.82750749","-47.97124393","25.0312","3.9360","0.0000","0.0000","214.9175"
"14.050","56.0668","11","-1.1342","-0.2277","0.4392","147.7770","-40.7010","1069.9247","690.0000","0.7758","21.9240","-15.82751300","-47.97123965","25.0344","3.9350","0.0000","0.0000","215.6663"
"14.100","55.5725","12","-1.1423","-0.2210","0.4283","145.7244","-41.3071","1069.9731","690.0000","0.7560","21.4119","-15.82751832","-47.97123523","25.0375","3.9340","0.0000","0.0000","216.4126"
"14.150","55.2641","12","-1.1521","-0.1986","0.3848","144.1635","-41.9764","1069.9872","690.0000","0.7218","20.9536","-15.82752369","-47.97123088","25.0406","3.9340","0.0000","0.0000","217.1551"
"14.200","54.5894","12","-1.1841","-0.2471","0.3188","142.9096","-43.4516","1070.0085","690.0000","0.7200","19.9951","-15.82752886","-47.97122653","25.0438","3.9340","0.0000","0.0000","217.8922"
"14.250","54.0282","12","-1.2209","-0.2342","0.2869","140.6664","-45.1853","1070.0243","690.0000","0.7362","19.0302","-15.82753358","-47.97122185","25.0469","3.9340","0.0000","0.0000","218.6211"
"14.300","53.8292","12","-1.2689","-0.2332","0.2503","137.0027","-47.3489","1070.0367","690.0000","0.7812","18.0937","-15.82753788","-47.97121672","25.0500","3.9340","0.0000","0.0000","219.3401"
"14.350","53.6825","12","-1.3239","-0.2723","0.2411","133.5712","-49.8130","1070.0579","690.0000","0.7920","17.1518","-15.82754205","-47.97121128","25.0531","3.9340","0.0000","0.0000","220.0531"
"14.400","53.2143","12","-1.3279","-0.2431","0.2370","132.0295","-50.4454","1070.0646","680.0000","0.7416","16.7891","-15.82754615","-47.97120606","25.0562","3.9340","0.0000","0.0000","220.7626"
"14.450","52.8549","12","-1.3153","-0.1971","0.1829","130.5237","-50.4028","1070.0621","680.0000","0.6840","16.6898","-15.82755018","-47.97120082","25.0594","3.9340","0.0000","0.0000","221.4672"
"14.500","52.0511","12","-1.2866","-0.1633","0.1743","126.7460","-49.6588","1070.0941","680.0000","0.8100","16.6822","-15.82755345","-47.97119524","25.0625","3.9340","0.0000","0.0000","222.1720"
"14.550","51.4042","12","-1.2836","-0.1238","0.1827","124.0235","-49.8548","1070.1173","680.0000","0.7956","16.4101","-15.82755641","-47.97118965","25.0617","3.9350","0.0000","0.0000","222.8784"
"14.600","51.1972","12","-1.2815","-0.1596","0.1177","122.7637","-50.0257","1070.1097","680.0000","0.7128","16.2882","-15.82755965","-47.97118413","25.0609","3.9360","0.0000","0.0000","223.5793"
"14.650","50.8800","12","-1.2260","-0.2269","0.0361","120.3381","-48.1712","1070.0989","680.0000","0.6840","16.8104","-15.82756245","-47.97117836","25.0602","3.9360","0.0000","0.0000","224.2683"
"14.700","50.6075","12","-1.1935","-0.2699","-0.0843","117.6083","-47.3064","1070.0535","680.0000","0.6840","17.0261","-15.82756490","-47.97117241","25.0594","3.9360","0.0000","0.0000","224.9523"
"14.750","50.8871","12","-1.2529","-0.2083","-0.1319","115.2292","-50.1663","1070.0427","680.0000","0.6840","16.1442","-15.82756724","-47.97116647","25.0586","3.9360","0.0000","0.0000","225.6364"
"14.800","50.9285","12","-1.2865","-0.0516","-0.1848","113.0537","-51.8882","1070.0436","678.0000","0.6984","15.6211","-15.82756936","-47.97116019","25.0578","3.9360","0.0000","0.0000","226.3265"
"14.850","49.9385","12","-1.2239","0.0025","-0.2254","109.9020","-49.4692","1070.0507","670.0000","0.7884","16.0665","-15.82757083","-47.97115410","25.0570","3.9360","0.0000","0.0000","227.0277"
"14.900","49.2893","12","-1.1385","-0.0834","-0.1695","106.8667","-46.0538","1070.0991","670.0000","0.8280","17.0336","-15.82757192","-47.97114793","25.0562","3.9360","0.0000","0.0000","227.7288"
"14.950","49.1845","12","-1.0823","-0.0956","-0.1908","104.3736","-43.9462","1070.1195","670.0000","0.8280","17.8126","-15.82757292","-47.97114168","25.0555","3.9360","0.0000","0.0000","228.4207"
"15.000","49.2990","11","-1.1111","0.0556","-0.2543","103.1402","-45.2629","1070.1329","670.0000","0.7416","17.3347","-15.82757413","-47.97113528","25.0547","3.9360","0.0000","0.0000","229.1063"
"15.050","50.1996","11","-1.0617","0.1345","-0.3209","101.5254","-43.1706","1070.1404","670.0000","0.6840","18.5068","-15.82757504","-47.97112857","25.0539","3.9360","0.0000","0.0000","229.8023"
"15.100","50.7371","10","-0.9195","0.0722","-0.3564","99.4881","-37.2298","1070.1609","670.0000","0.6588","21.6898","-15.82757563","-47.97112179","25.0531","3.9360","0.0000","0.0000","230.5092"
"15.150","50.3426","11","-0.9156","-0.0148","-0.3389","97.6864","-36.9978","1070.2301","670.0000","0.6138","21.6561","-15.82757604","-47.97111518","25.0523","3.9360","0.0000","0.0000","231.2072"
"15.200","49.2108","11","-0.9364","-0.0273","-0.4768","95.6074","-37.8794","1070.2445","670.0000","0.6120","20.6766","-15.82757617","-47.97110885","25.0516","3.9360","0.0000","0.0000","231.8817"
"15.250","49.4900","11","-0.9489","0.0358","-0.5135","92.6814","-38.4249","1070.2831","670.0000","0.5958","20.4987","-15.82757588","-47.97110221","25.0508","3.9360","0.0000","0.0000","232.5515"
"15.300","50.7752","11","-1.0057","0.0112","-0.5380","91.3171","-40.6876","1070.3140","670.0000","0.5760","19.8614","-15.82757569","-47.97109537","25.0500","3.9360","0.0000","0.0000","233.2405"
"15.350","51.4285","11","-1.1715","-0.0796","-0.5813","89.8567","-47.4091","1070.3196","670.0000","0.5760","17.2648","-15.82757529","-47.97108857","25.0492","3.9360","0.0000","0.0000","233.9411"
"15.400","49.2210","11","-1.2918","-0.1197","-0.7885","86.5970","-52.4800","1070.2589","660.0000","0.6624","14.9271","-15.82757418","-47.97108241","25.0484","3.9360","0.0000","0.0000","234.6351"
"15.450","47.6704","11","-1.3505","-0.0835","-0.9830","83.4020","-55.1441","1070.2216","660.0000","0.7200","13.7585","-15.82757295","-47.97107637","25.0477","3.9370","0.0000","0.0000","235.3190"
"15.500","48.8610","11","-1.3540","-0.0168","-0.8798","80.8808","-55.4930","1070.3004","660.0000","0.7200","14.0134","-15.82757114","-47.97106983","25.0469","3.9380","0.0000","0.0000","236.0098"
"15.550","50.6553","11","-1.3786","0.0606","-0.6949","78.4213","-56.5825","1070.4191","660.0000","0.7200","14.2483","-15.82756907","-47.97106299","25.0484","3.9370","0.0000","0.0000","236.7130"
"15.600","50.5265","11","-1.4197","0.1211","-0.7382","75.8976","-58.1797","1070.4324","660.0000","0.7344","13.8219","-15.82756698","-47.97105657","25.0500","3.9360","0.0000","0.0000","237.4238"
"15.650","49.2998","11","-1.4285","0.1222","-1.0113","72.0813","-58.3514","1070.3564","660.0000","0.8082","13.4466","-15.82756466","-47.97105063","25.0516","3.9360","0.0000","0.0000","238.1368"
"15.700","49.2032","11","-1.4030","0.1443","-1.1950","68.7213","-57.1203","1070.3190","653.0000","0.7776","13.7095","-15.82756192","-47.97104468","25.0531","3.9360","0.0000","0.0000","238.8517"
"15.750","50.3740","12","-1.3149","0.2531","-1.1628","66.6631","-53.3082","1070.3492","650.0000","0.6876","15.0395","-15.82755887","-47.97103847","25.0547","3.9360","0.0000","0.0000","239.5724"
"15.800","51.0762","11","-1.1199","0.3122","-1.1330","64.9265","-45.0254","1070.4016","650.0000","0.6048","18.0543","-15.82755577","-47.97103237","25.0562","3.9360","0.0000","0.0000","240.2988"
"15.850","51.3513","12","-1.0031","0.2645","-1.2140","62.6823","-39.9159","1070.3969","650.0000","0.5598","20.4751","-15.82755244","-47.97102644","25.0578","3.9350","0.0000","0.0000","241.0309"
"15.900","51.2762","12","-0.9792","0.1528","-1.3569","60.1970","-38.6370","1070.3691","650.0000","0.5400","21.1219","-15.82754894","-47.97102066","25.0594","3.9340","0.0000","0.0000","241.7684"
"15.950","51.6362","12","-0.8726","0.1390","-1.4815","58.6584","-34.2763","1070.3546","640.5000","0.5400","23.9762","-15.82754528","-47.97101492","25.0609","3.9340","0.0000","0.0000","242.5091"
"16.000","52.2275","12","-0.6745","0.2520","-1.4964","57.6271","-26.3679","1070.3719","640.0000","0.4608","31.5242","-15.82754159","-47.97100922","25.0625","3.9340","0.0000","0.0000","243.2516"
"16.050","52.4833","12","-0.5481","0.2789","-1.5023","56.4270","-21.2381","1070.3964","640.0000","0.4158","39.3302","-15.82753776","-47.97100343","25.0641","3.9340","0.0000","0.0000","244.0007"
"16.100","52.9063","12","-0.5217","0.1824","-1.5246","55.4475","-20.0301","1070.4174","640.0000","0.3708","42.0381","-15.82753378","-47.97099771","25.0656","3.9340","0.0000","0.0000","244.7554"
"16.150","53.3842","12","-0.5516","0.1164","-1.5635","54.4213","-21.0578","1070.4247","640.0000","0.3600","40.3478","-15.82752971","-47.97099205","25.0672","3.9340","0.0000","0.0000","245.5107"
"16.200","53.3549","11","-0.5354","0.1398","-1.6093","53.4082","-20.3638","1070.4316","640.0000","0.3600","41.6999","-15.82752569","-47.97098640","25.0688","3.9340","0.0000","0.0000","246.2668"
"16.250","53.6194","11","-0.4659","0.2098","-1.6616","52.5435","-17.6361","1070.4358","635.5000","0.3438","48.3882","-15.82752157","-47.97098089","25.0703","3.9340","0.0000","0.0000","247.0302"
"16.300","54.2652","11","-0.4531","0.2028","-1.6864","51.5660","-17.0299","1070.4430","630.0000","0.3240","50.7141","-15.82751720","-47.97097537","25.0719","3.9340","0.0000","0.0000","247.7985"
"16.350","54.4871","11","-0.5235","0.1585","-1.7373","50.5108","-19.5501","1070.4482","630.0000","0.3240","44.3573","-15.82751276","-47.97096979","25.0734","3.9340","0.0000","0.0000","248.5667"
"16.400","54.2820","11","-0.6261","0.0951","-1.7911","49.4334","-23.2713","1070.4648","630.0000","0.3240","37.1241","-15.82750833","-47.97096442","25.0750","3.9340","0.0000","0.0000","249.3327"
"16.450","54.6487","11","-0.6499","0.0884","-1.7874","48.3686","-24.0917","1070.4893","630.0000","0.3240","36.1020","-15.82750365","-47.97095905","25.0766","3.9330","0.0000","0.0000","250.0975"
"16.500","55.2839","11","-0.6382","0.1070","-1.8173","47.2751","-23.5922","1070.5082","630.0000","0.3240","37.2949","-15.82749877","-47.97095378","25.0781","3.9320","0.0000","0.0000","250.8663"
"16.550","55.4055","11","-0.6762","0.1173","-1.8476","45.7716","-24.9136","1070.5183","630.0000","0.3240","35.3945","-15.82749381","-47.97094864","25.0781","3.9320","0.0000","0.0000","251.6420"
"16.600","55.2130","11","-0.7187","0.1234","-1.9342","44.4519","-26.3852","1070.5157","628.0000","0.3312","33.3043","-15.82748868","-47.97094363","25.0781","3.9320","0.0000","0.0000","252.4226"
"16.650","55.0499","11","-0.7932","0.0944","-1.9608","43.0122","-29.0166","1070.5311","620.0000","0.3600","30.1947","-15.82748351","-47.97093879","25.0781","3.9320","0.0000","0.0000","253.2029"
"16.700","55.0673","11","-0.8799","0.0505","-1.9927","41.1936","-32.1048","1070.5465","620.0000","0.3852","27.2988","-15.82747812","-47.97093409","25.0781","3.9320","0.0000","0.0000","253.9807"
"16.750","55.6771","11","-0.9375","0.0238","-1.9877","39.7194","-34.1646","1070.5667","620.0000","0.3960","25.9370","-15.82747240","-47.97092958","25.0781","3.9330","0.0000","0.0000","254.7575"
"16.800","56.1227","11","-0.9590","0.0680","-1.9685","38.7392","-34.9273","1070.5784","620.0000","0.3960","25.5737","-15.82746672","-47.97092499","25.0781","3.9340","0.0000","0.0000","255.5377"
"16.850","56.2956","11","-0.9660","0.0976","-1.9442","37.0840","-35.1136","1070.6010","620.0000","0.4122","25.5164","-15.82746082","-47.97092066","25.0781","3.9340","0.0000","0.0000","256.3269"
"16.900","56.0940","11","-0.9373","0.1144","-1.9468","34.4214","-33.9807","1070.6160","620.0000","0.4824","26.2726","-15.82745466","-47.97091671","25.0781","3.9340","0.0000","0.0000","257.1234"
"16.950","55.8779","11","-0.9122","0.1628","-1.9161","32.1972","-32.9585","1070.6420","620.0000","0.5382","26.9832","-15.82744855","-47.97091297","25.0781","3.9350","0.0000","0.0000","257.9244"
"17.000","55.9194","11","-0.8707","0.1918","-1.9587","30.6173","-31.3052","1070.6670","618.0000","0.5328","28.4293","-15.82744226","-47.97090932","25.0781","3.9360","0.0000","0.0000","258.7238"
"17.050","56.5013","11","-0.8499","0.1477","-1.9576","29.5060","-30.3821","1070.6710","610.0000","0.5040","29.5979","-15.82743591","-47.97090573","25.0781","3.9350","0.0000","0.0000","259.5193"
"17.100","57.1156","11","-0.8588","0.0709","-1.9375","28.6239","-30.5781","1070.6865","610.0000","0.5040","29.7279","-15.82742940","-47.97090217","25.0781","3.9340","0.0000","0.0000","260.3147"
"17.150","57.6418","11","-0.8626","0.0533","-1.8973","27.5896","-30.6554","1070.7007","610.0000","0.5040","29.9261","-15.82742279","-47.97089874","25.0781","3.9340","0.0000","0.0000","261.1105"
"17.200","57.7925","11","-0.8628","0.1052","-1.9299","25.9683","-30.6157","1070.7058","610.0000","0.5112","30.0433","-15.82741601","-47.97089555","25.0781","3.9340","0.0000","0.0000","261.9098"
"17.250","57.3120","11","-0.7805","0.1503","-1.9769","24.0691","-27.6090","1070.7017","610.0000","0.5400","33.0381","-15.82740937","-47.97089270","25.0781","3.9340","0.0000","0.0000","262.7181"
"17.300","57.2770","11","-0.7399","0.1286","-1.9944","22.2085","-26.0540","1070.6973","610.0000","0.5400","34.9886","-15.82740250","-47.97089010","25.0781","3.9340","0.0000","0.0000","263.5305"
"17.350","57.2629","11","-0.8296","0.0647","-2.0037","20.4242","-29.1064","1070.7024","610.0000","0.5400","31.3115","-15.82739556","-47.97088766","25.0781","3.9340","0.0000","0.0000","264.3370"
"17.400","57.3181","11","-0.9910","-0.0142","-1.9628","19.1040","-34.7262","1070.7235","610.0000","0.5112","26.2697","-15.82738864","-47.97088548","25.0781","3.9340","0.0000","0.0000","265.1352"
"17.450","57.8456","11","-1.0682","-0.0108","-1.9407","17.3134","-37.4621","1070.7426","610.0000","0.5400","24.5752","-15.82738135","-47.97088336","25.0781","3.9340","0.0000","0.0000","265.9343"
"17.500","58.6109","11","-1.0771","0.0184","-1.9412","16.1918","-37.8017","1070.7347","610.0000","0.5148","24.6767","-15.82737403","-47.97088140","25.0781","3.9340","0.0000","0.0000","266.7422"
"17.550","58.4601","11","-1.0323","0.0862","-1.9591","15.0342","-36.2195","1070.7440","610.0000","0.5040","25.6884","-15.82736673","-47.97087960","25.0773","3.9340","0.0000","0.0000","267.5595"
"17.600","57.6290","11","-0.9876","0.1117","-1.9466","12.6672","-34.5708","1070.7809","608.0000","0.6048","26.5309","-15.82735966","-47.97087827","25.0766","3.9340","0.0000","0.0000","268.3816"
"17.650","57.2623","11","-0.9913","0.1295","-1.9171","9.8303","-34.5923","1070.8202","600.0000","0.7362","26.3457","-15.82735236","-47.97087742","25.0758","3.9340","0.0000","0.0000","269.1999"
"17.700","57.7885","11","-1.0079","0.1139","-1.8210","7.3524","-35.0413","1070.8546","600.0000","0.7308","26.2470","-15.82734479","-47.97087688","25.0750","3.9340","0.0000","0.0000","270.0140"
"17.750","58.6202","11","-1.0427","0.0507","-1.7948","6.0754","-36.1428","1070.8452","600.0000","0.6858","25.8135","-15.82733719","-47.97087642","25.0742","3.9330","0.0000","0.0000","270.8268"
"17.800","59.1930","11","-1.0597","0.0413","-1.8257","5.4552","-36.6944","1070.8303","600.0000","0.6408","25.6738","-15.82732969","-47.97087586","25.0734","3.9320","0.0000","0.0000","271.6404"
"17.850","59.1614","11","-1.0900","0.0522","-1.8064","3.8309","-37.7059","1070.8345","600.0000","0.6120","24.9718","-15.82732213","-47.97087562","25.0727","3.9320","0.0000","0.0000","272.4557"
"17.900","58.7087","11","-1.1046","0.0519","-1.7531","1.8775","-38.1708","1070.8577","600.0000","0.6120","24.4789","-15.82731474","-47.97087589","25.0719","3.9320","0.0000","0.0000","273.2757"
"17.950","58.4930","11","-1.0953","0.1053","-1.6513","-0.3983","-37.8028","1070.8916","600.0000","0.6462","24.6263","-15.82730729","-47.97087645","25.0711","3.9330","0.0000","0.0000","274.1018"
"18.000","58.5150","11","-1.0545","0.1073","-1.5760","-2.6846","-36.2949","1070.9146","600.0000","0.6768","25.6591","-15.82729991","-47.97087739","25.0703","3.9340","0.0000","0.0000","274.9285"
"18.050","58.6284","11","-1.0573","0.0623","-1.5423","-4.4873","-36.2911","1070.9240","600.0000","0.6318","25.7116","-15.82729241","-47.97087844","25.0695","3.9350","0.0000","0.0000","275.7511"
"18.100","58.7450","11","-1.1041","0.0135","-1.5442","-6.8228","-37.8505","1070.9089","600.0000","0.6120","24.7013","-15.82728512","-47.97087989","25.0688","3.9360","0.0000","0.0000","276.5708"
"18.150","59.3952","11","-1.1510","0.0084","-1.5251","-8.4732","-39.4595","1070.9093","600.0000","0.5778","23.9563","-15.82727757","-47.97088145","25.0680","3.9360","0.0000","0.0000","277.3864"
"18.200","59.6957","11","-1.1513","0.0457","-1.4875","-10.3417","-39.4721","1070.9111","600.0000","0.5760","24.0698","-15.82727020","-47.97088320","25.0672","3.9360","0.0000","0.0000","278.1997"
"18.250","59.3322","11","-1.0821","0.0315","-1.4764","-11.7612","-37.0628","1070.9203","600.0000","0.5760","25.4784","-15.82726302","-47.97088515","25.0664","3.9360","0.0000","0.0000","279.0149"
"18.300","59.1804","11","-1.0506","-0.0132","-1.4041","-13.0513","-35.9693","1070.9237","600.0000","0.6012","26.1858","-15.82725585","-47.97088716","25.0656","3.9360","0.0000","0.0000","279.8345"
"18.350","58.8603","11","-1.0592","-0.0400","-1.3060","-15.0091","-36.2954","1070.9449","600.0000","0.7146","25.8101","-15.82724881","-47.97088963","25.0648","3.9360","0.0000","0.0000","280.6574"
"18.400","58.5227","11","-1.0789","-0.0477","-1.2379","-17.3973","-37.0304","1070.9611","590.0000","0.7632","25.1528","-15.82724186","-47.97089238","25.0641","3.9360","0.0000","0.0000","281.4828"
"18.450","58.5479","10","-1.0704","0.0021","-1.1525","-19.4418","-36.7994","1070.9685","590.0000","0.8082","25.3215","-15.82723508","-47.97089548","25.0633","3.9350","0.0000","0.0000","282.3140"
"18.500","58.8723","10","-1.0517","0.0655","-1.1144","-21.6579","-36.1633","1070.9681","590.0000","0.8280","25.9097","-15.82722832","-47.97089887","25.0625","3.9340","0.0000","0.0000","283.1505"
"18.550","59.1851","10","-0.9958","0.1317","-1.1318","-23.8036","-34.1826","1070.9562","590.0000","0.8280","27.5567","-15.82722163","-47.97090247","25.0625","3.9340","0.0000","0.0000","283.9890"
"18.600","59.3493","11","-0.9891","0.1611","-1.0973","-24.6388","-33.8269","1070.9537","590.0000","0.9000","27.9237","-15.82721495","-47.97090581","25.0625","3.9340","0.0000","0.0000","284.8265"
"18.650","59.5726","11","-0.9754","0.1825","-1.1044","-25.9239","-33.2097","1070.9385","590.0000","0.9324","28.5497","-15.82720829","-47.97090948","25.0625","3.9340","0.0000","0.0000","285.6598"
"18.700","60.1457","11","-0.9172","0.1642","-1.0621","-27.1281","-31.0649","1070.9352","590.0000","1.0224","30.8145","-15.82720161","-47.97091335","25.0625","3.9340","0.0000","0.0000","286.4890"
"18.750","60.3162","11","-0.8885","0.0873","-1.0019","-28.5413","-29.9585","1070.9323","590.0000","1.0782","32.0430","-15.82719511","-47.97091753","25.0625","3.9340","0.0000","0.0000","287.3154"
"18.800","60.4372","11","-0.9077","0.0198","-0.9720","-30.8055","-30.5447","1070.9213","590.0000","1.1448","31.4912","-15.82718900","-47.97092212","25.0625","3.9340","0.0000","0.0000","288.1418"
"18.850","60.1538","11","-0.9852","-0.0395","-0.9609","-32.5304","-33.1508","1070.8965","590.0000","1.0998","28.8795","-15.82718296","-47.97092670","25.0625","3.9340","0.0000","0.0000","288.9687"
"18.900","59.8421","11","-1.0953","-0.0770","-0.9647","-34.5525","-36.9172","1070.8678","590.0000","1.0296","25.7987","-15.82717723","-47.97093164","25.0625","3.9340","0.0000","0.0000","289.7953"
"18.950","59.5399","11","-1.1277","-0.0682","-0.9620","-36.4435","-38.1113","1070.8361","590.0000","0.9738","24.8642","-15.82717156","-47.97093664","25.0625","3.9340","0.0000","0.0000","290.6238"
"19.000","59.4084","11","-1.1398","-0.0428","-0.9732","-38.2882","-38.6113","1070.7979","590.0000","0.9288","24.4880","-15.82716623","-47.97094185","25.0625","3.9340","0.0000","0.0000","291.4554"
"19.050","59.5784","11","-1.1082","-0.0155","-0.9389","-39.4928","-37.5995","1070.7911","590.0000","0.8838","25.2190","-15.82716073","-47.97094712","25.0625","3.9340","0.0000","0.0000","292.2903"
"19.100","59.4569","11","-1.0165","-0.0002","-0.8862","-41.6588","-34.5181","1070.8088","590.0000","0.8388","27.4142","-15.82715556","-47.97095277","25.0625","3.9340","0.0000","0.0000","293.1263"
"19.150","59.5736","11","-0.9490","0.0148","-0.8366","-43.7636","-32.2347","1070.8228","590.0000","0.7938","29.4138","-15.82715044","-47.97095870","25.0625","3.9340","0.0000","0.0000","293.9634"
"19.200","59.7627","11","-0.8700","0.0669","-0.7931","-45.0243","-29.5423","1070.8278","590.0000","0.7128","32.1964","-15.82714547","-47.97096445","25.0625","3.9340","0.0000","0.0000","294.8036"
"19.250","60.0342","11","-0.7726","0.1051","-0.7670","-46.1191","-26.1831","1070.8250","590.0000","0.6678","36.4920","-15.82714047","-47.97097041","25.0625","3.9340","0.0000","0.0000","295.6477"
"19.300","60.1743","11","-0.7182","0.1273","-0.7512","-46.9865","-24.2692","1070.8224","590.0000","0.5976","39.4618","-15.82713548","-47.97097637","25.0625","3.9340","0.0000","0.0000","296.4958"
"19.350","60.1860","11","-0.6412","0.1302","-0.7421","-48.1901","-21.5889","1070.8113","580.5000","0.5760","44.3695","-15.82713064","-47.97098246","25.0625","3.9340","0.0000","0.0000","297.3504"
"19.400","60.3540","11","-0.5465","0.1513","-0.6967","-49.6204","-18.3296","1070.8311","580.0000","0.5760","52.4051","-15.82712608","-47.97098880","25.0625","3.9340","0.0000","0.0000","298.2088"
"19.450","60.6792","11","-0.4796","0.1392","-0.6612","-50.4522","-16.0184","1070.8317","580.0000","0.5436","60.2895","-15.82712134","-47.97099510","25.0625","3.9340","0.0000","0.0000","299.0695"
"19.500","60.8095","11","-0.4161","0.1365","-0.6665","-51.0002","-13.8431","1070.8231","580.0000","0.4788","69.9132","-15.82711668","-47.97100139","25.0625","3.9340","0.0000","0.0000","299.9334"
"19.550","61.3122","11","-0.3311","0.1555","-0.6671","-51.5583","-10.9727","1070.8224","580.0000","0.4680","88.9313","-15.82711201","-47.97100787","25.0648","3.9340","0.0000","0.0000","300.7985"
"19.600","61.8538","11","-0.3344","0.1470","-0.6420","-51.6953","-11.0316","1070.8240","580.0000","0.4680","89.2377","-15.82710713","-47.97101432","25.0672","3.9340","0.0000","0.0000","301.6654"
"19.650","61.8278","11","-0.3092","0.1509","-0.6119","-52.4079","-10.1579","1070.8237","580.0000","0.4680","96.8726","-15.82710252","-47.97102078","25.0695","3.9340","0.0000","0.0000","302.5387"
"19.700","62.1462","11","-0.2245","0.1505","-0.5880","-52.9349","-7.3451","1070.8290","580.0000","0.4680","134.6595","-15.82709791","-47.97102740","25.0719","3.9340","0.0000","0.0000","303.4149"
"19.750","62.2975","11","-0.1736","0.1432","-0.5235","-53.1301","-5.6542","1070.8475","580.0000","0.4680","175.3545","-15.82709326","-47.97103395","25.0742","3.9340","0.0000","0.0000","304.2917"
"19.800","62.2709","11","-0.1161","0.1294","-0.5480","-53.4889","-3.7673","1070.8330","580.0000","0.4680","263.0746","-15.82708873","-47.97104060","25.0766","3.9340","0.0000","0.0000","305.1713"
"19.850","62.6329","11","-0.0788","0.0934","-0.5299","-53.8695","-2.5489","1070.8362","580.0000","0.4680","391.0800","-15.82708418","-47.97104733","25.0789","3.9340","0.0000","0.0000","306.0538"
"19.900","63.1176","11","-0.0427","0.0867","-0.5006","-53.5334","-1.3777","1070.8369","580.0000","0.4680","729.1503","-15.82707942","-47.97105403","25.0812","3.9340","0.0000","0.0000","306.9378"
"19.950","63.0311","11","0.0320","0.1102","-0.4919","-53.4528","1.0306","1070.8478","580.0000","0.4680","973.3720","-15.82707475","-47.97106052","25.0836","3.9340","0.0000","0.0000","307.8235"
"20.000","63.1842","11","0.1511","0.1214","-0.4355","-53.3487","4.8433","1070.8661","580.0000","0.4680","207.6297","-15.82706998","-47.97106714","25.0859","3.9340","0.0000","0.0000","308.7121"
"20.050","63.4866","11","0.2613","0.1350","-0.4451","-52.9104","8.3480","1070.8555","580.0000","0.4680","121.0377","-15.82706516","-47.97107382","25.0883","3.9340","0.0000","0.0000","309.6035"
"20.100","63.6205","11","0.3642","0.1395","-0.4217","-52.5025","11.5909","1070.8589","580.0000","0.4680","87.3577","-15.82706026","-47.97108034","25.0906","3.9340","0.0000","0.0000","310.4922"
"20.150","63.6400","10","0.4363","0.0856","-0.4193","-51.7963","13.8361","1070.8663","580.0000","0.4680","73.2045","-15.82705528","-47.97108673","25.0930","3.9340","0.0000","0.0000","311.3731"
"20.200","63.8934","10","0.5532","0.0229","-0.3924","-50.8302","17.5064","1070.8639","580.0000","0.4680","58.0872","-15.82705015","-47.97109316","25.0953","3.9340","0.0000","0.0000","312.2457"
"20.250","64.1382","11","0.6416","-0.0319","-0.3686","-50.0080","20.2965","1070.8666","580.0000","0.4680","50.2939","-15.82704497","-47.97109947","25.0977","3.9350","0.0000","0.0000","313.1097"
"20.300","64.2193","11","0.6649","-0.0833","-0.3472","-48.8467","21.0603","1070.8712","573.0000","0.4428","48.5312","-15.82703956","-47.97110557","25.1000","3.9360","0.0000","0.0000","313.9666"
"20.350","63.7836","11","0.7259","-0.1151","-0.3140","-47.3732","23.0494","1070.8877","570.0000","0.4662","44.0422","-15.82703411","-47.97111129","25.1023","3.9360","0.0000","0.0000","314.8177"
"20.400","63.0071","10","0.8619","-0.1553","-0.3214","-46.0249","27.4651","1070.8848","570.0000","0.4680","36.5114","-15.82702859","-47.97111677","25.1047","3.9360","0.0000","0.0000","315.6635"
"20.450","62.4961","10","0.9525","-0.2731","-0.2896","-44.8797","30.5042","1070.8893","570.0000","0.4680","32.6072","-15.82702290","-47.97112227","25.1070","3.9360","0.0000","0.0000","316.4980"
"20.500","61.9677","10","0.9549","-0.3199","-0.2665","-43.2649","30.8323","1070.9067","570.0000","0.5184","31.9874","-15.82701710","-47.97112741","25.1094","3.9360","0.0000","0.0000","317.3197"
"20.550","61.3395","10","0.9703","-0.3211","-0.2372","-41.5731","31.6237","1070.9011","570.0000","0.5400","30.8708","-15.82701119","-47.97113232","25.1070","3.9350","0.0000","0.0000","318.1288"
"20.600","61.1239","9","0.9953","-0.3699","-0.2386","-40.3275","32.7568","1070.8949","570.0000","0.5400","29.6982","-15.82700529","-47.97113727","25.1047","3.9340","0.0000","0.0000","318.9289"
"20.650","60.5640","10","1.0826","-0.4166","-0.2262","-38.6043","36.0356","1070.9053","570.0000","0.5724","26.7488","-15.82699912","-47.97114162","25.1023","3.9330","0.0000","0.0000","319.7237"
"20.700","59.6434","10","1.1432","-0.4049","-0.2381","-35.7074","38.5341","1070.9115","570.0000","0.6876","24.6341","-15.82699281","-47.97114547","25.1000","3.9320","0.0000","0.0000","320.5096"
"20.750","58.6355","10","1.1347","-0.3681","-0.3030","-33.7091","38.7184","1070.8677","570.0000","0.7200","24.1026","-15.82698677","-47.97114933","25.0977","3.9320","0.0000","0.0000","321.2858"
"20.800","57.7408","9","1.1822","-0.3395","-0.2830","-32.5367","40.8034","1070.8589","570.0000","0.7128","22.5220","-15.82698059","-47.97115308","25.0953","3.9320","0.0000","0.0000","322.0590"
"20.850","57.3934","10","1.2411","-0.3541","-0.2683","-31.0824","43.3099","1070.8983","570.0000","0.6516","21.0909","-15.82697426","-47.97115652","25.0930","3.9330","0.0000","0.0000","322.8307"
"20.900","57.0693","11","1.3035","-0.3475","-0.1832","-28.3248","46.0072","1070.9473","570.0000","0.6624","19.7423","-15.82696761","-47.97115949","25.0906","3.9340","0.0000","0.0000","323.5961"
"20.950","55.9810","11","1.2781","-0.2987","-0.1058","-24.7296","45.6225","1070.9817","570.0000","0.7866","19.5291","-15.82696104","-47.97116179","25.0883","3.9340","0.0000","0.0000","324.3562"
"21.000","55.6034","10","1.2519","-0.2342","-0.0668","-22.8513","45.1236","1071.0151","570.0000","0.7416","19.6118","-15.82695438","-47.97116421","25.0859","3.9340","0.0000","0.0000","325.1151"
"21.050","55.7085","10","1.2091","-0.1645","-0.0558","-21.3638","43.9161","1071.0367","570.0000","0.6678","20.1891","-15.82694771","-47.97116655","25.0836","3.9340","0.0000","0.0000","325.8736"
"21.100","55.4137","11","1.1463","-0.1154","-0.0585","-19.5979","41.8735","1071.0510","570.0000","0.6228","21.0619","-15.82694105","-47.97116857","25.0812","3.9340","0.0000","0.0000","326.6298"
"21.150","54.6764","11","1.1086","-0.0912","0.0325","-16.4957","40.6648","1071.1307","570.0000","0.6804","21.3994","-15.82693436","-47.97116996","25.0789","3.9340","0.0000","0.0000","327.3837"
"21.200","54.6550","12","1.2235","-0.0944","0.1125","-13.9344","45.0360","1071.2188","568.0000","0.7056","19.3148","-15.82692747","-47.97117109","25.0766","3.9340","0.0000","0.0000","328.1365"
"21.250","54.6456","12","1.2671","-0.1023","0.1207","-12.4742","46.8146","1071.2739","560.0000","0.6318","18.5778","-15.82692071","-47.97117231","25.0742","3.9340","0.0000","0.0000","328.8881"
"21.300","54.5846","12","1.2571","-0.0717","0.1044","-11.0311","46.6310","1071.3151","560.0000","0.6120","18.6301","-15.82691392","-47.97117334","25.0719","3.9340","0.0000","0.0000","329.6420"
"21.350","54.2349","12","1.2613","-0.0154","0.1502","-8.8586","46.9228","1071.3741","560.0000","0.6462","18.3956","-15.82690707","-47.97117409","25.0695","3.9340","0.0000","0.0000","330.3984"
"21.400","54.2805","11","1.2875","0.0362","0.2300","-5.3774","47.9401","1071.4631","560.0000","0.7632","18.0204","-15.82690006","-47.97117422","25.0672","3.9340","0.0000","0.0000","331.1525"
"21.450","54.1051","11","1.3607","0.0039","0.2239","-2.5183","50.6475","1071.4956","560.0000","0.7920","17.0020","-15.82689329","-47.97117421","25.0648","3.9340","0.0000","0.0000","331.8962"
"21.500","54.1234","11","1.3149","-0.0405","0.2426","0.1227","48.9821","1071.5493","560.0000","0.7920","17.5860","-15.82688646","-47.97117382","25.0625","3.9340","0.0000","0.0000","332.6295"
"21.550","54.4724","11","1.2642","-0.0703","0.3728","3.1674","47.1904","1071.6514","560.0000","0.8604","18.3714","-15.82687959","-47.97117297","25.0617","3.9340","0.0000","0.0000","333.3580"
"21.600","54.5279","11","1.2280","-0.1018","0.3807","4.8724","45.9814","1071.7125","560.0000","0.8856","18.8737","-15.82687269","-47.97117210","25.0609","3.9340","0.0000","0.0000","334.0876"
"21.650","54.0161","12","1.2338","-0.1120","0.4007","5.6965","46.3895","1071.7496","560.0000","0.7956","18.5321","-15.82686614","-47.97117124","25.0602","3.9340","0.0000","0.0000","334.8205"
"21.700","53.1131","12","1.1845","-0.0842","0.4007","7.9653","44.7247","1071.7548","560.0000","0.7308","18.9005","-15.82685987","-47.97116996","25.0594","3.9340","0.0000","0.0000","335.5553"
"21.750","52.3467","13","1.0718","-0.1143","0.3276","10.7317","40.6061","1071.7261","560.0000","0.6858","20.5172","-15.82685375","-47.97116842","25.0586","3.9340","0.0000","0.0000","336.2910"
"21.800","52.4667","13","1.0460","-0.1233","0.3158","13.5813","39.8006","1071.7417","560.0000","0.6840","20.9804","-15.82684751","-47.97116642","25.0578","3.9340","0.0000","0.0000","337.0265"
"21.850","52.6503","13","1.0828","-0.1288","0.2888","15.6527","41.3943","1071.7426","560.0000","0.6516","20.2433","-15.82684136","-47.97116438","25.0570","3.9340","0.0000","0.0000","337.7595"
"21.900","52.8318","13","1.1541","-0.0683","0.2966","17.0102","44.3326","1071.7511","560.0000","0.6372","18.9667","-15.82683511","-47.97116225","25.0562","3.9340","0.0000","0.0000","338.4907"
"21.950","52.9995","13","1.1918","-0.0028","0.2836","19.0922","45.9059","1071.7615","550.5000","0.6480","18.3749","-15.82682887","-47.97115975","25.0555","3.9340","0.0000","0.0000","339.2262"
"22.000","52.9786","10","1.2561","0.0764","0.2946","21.4615","48.3990","1071.7825","550.0000","0.6552","17.4214","-15.82682272","-47.97115701","25.0547","3.9340","0.0000","0.0000","339.9689"
"22.050","52.9224","11","1.2525","0.1527","0.3146","24.2983","48.1574","1071.8051","550.0000","0.6678","17.4903","-15.82681680","-47.97115383","25.0539","3.9350","0.0000","0.0000","340.7182"
"22.100","52.6189","12","1.1931","0.1770","0.3000","26.6075","45.6633","1071.8185","550.0000","0.6228","18.3398","-15.82681113","-47.97115051","25.0531","3.9360","0.0000","0.0000","341.4690"
"22.150","52.5189","12","1.1659","0.1173","0.2727","29.1201","44.3844","1071.8260","550.0000","0.6120","18.8324","-15.82680557","-47.97114700","25.0523","3.9360","0.0000","0.0000","342.2159"
"22.200","53.3589","12","1.2711","0.0855","0.3134","31.5873","48.2394","1071.8958","550.0000","0.6480","17.6046","-15.82679978","-47.97114300","25.0516","3.9360","0.0000","0.0000","342.9589"
"22.250","53.7308","12","1.3476","0.0747","0.3116","33.7689","51.0424","1071.9358","550.0000","0.6318","16.7538","-15.82679420","-47.97113882","25.0508","3.9350","0.0000","0.0000","343.6999"
"22.300","54.1761","12","1.3509","0.0846","0.3167","36.2706","51.0815","1071.9661","550.0000","0.6120","16.8797","-15.82678886","-47.97113438","25.0500","3.9340","0.0000","0.0000","344.4388"
"22.350","53.9613","12","1.3573","0.0483","0.2964","38.7323","51.2179","1071.9797","550.0000","0.6120","16.7680","-15.82678383","-47.97112980","25.0492","3.9340","0.0000","0.0000","345.1777"
"22.400","53.5579","12","1.3492","0.0026","0.2463","40.9773","50.8823","1071.9893","550.0000","0.6120","16.7524","-15.82677893","-47.97112513","25.0484","3.9340","0.0000","0.0000","345.9172"
"22.450","53.4182","11","1.3610","-0.0261","0.1766","43.5124","51.3735","1071.9755","550.0000","0.6282","16.5489","-15.82677448","-47.97112013","25.0477","3.9340","0.0000","0.0000","346.6571"
"22.500","53.2411","12","1.3381","-0.0353","0.1170","47.0151","50.5922","1071.9552","550.0000","0.6732","16.7488","-15.82677032","-47.97111495","25.0469","3.9340","0.0000","0.0000","347.3983"
"22.550","53.1464","12","1.3180","-0.0262","0.0885","49.8109","49.9331","1071.9534","550.0000","0.6498","16.9397","-15.82676648","-47.97110963","25.0508","3.9340","0.0000","0.0000","348.1410"
"22.600","53.2485","12","1.2579","-0.0153","0.0835","51.5621","47.7296","1071.9491","550.0000","0.6120","17.7558","-15.82676253","-47.97110411","25.0547","3.9340","0.0000","0.0000","348.8857"
"22.650","53.2433","11","1.2139","0.0148","-0.0205","53.8539","46.1138","1071.8939","550.0000","0.5958","18.3761","-15.82675896","-47.97109843","25.0586","3.9340","0.0000","0.0000","349.6346"
"22.700","53.3142","12","1.1782","0.0724","-0.0854","56.3343","44.7545","1071.8667","543.0000","0.5760","18.9595","-15.82675563","-47.97109253","25.0625","3.9340","0.0000","0.0000","350.3863"
"22.750","53.4186","12","1.1481","0.0836","-0.1516","58.2914","43.5299","1071.8359","540.0000","0.5418","19.5310","-15.82675239","-47.97108651","25.0664","3.9340","0.0000","0.0000","351.1380"
"22.800","53.5295","12","1.1324","0.1039","-0.1620","59.3773","42.8349","1071.8268","540.0000","0.4968","19.8891","-15.82674919","-47.97108050","25.0703","3.9340","0.0000","0.0000","351.8895"
"22.850","53.7527","12","1.1296","0.0834","-0.1722","61.5778","42.6104","1071.8156","540.0000","0.4842","20.0773","-15.82674636","-47.97107432","25.0742","3.9330","0.0000","0.0000","352.6432"
"22.900","54.0703","12","1.1218","0.0818","-0.2349","64.3783","42.2254","1071.7795","540.0000","0.5040","20.3800","-15.82674382","-47.97106794","25.0781","3.9320","0.0000","0.0000","353.3988"
"22.950","54.2116","12","1.1264","0.0907","-0.3105","67.2438","42.3061","1071.7303","540.0000","0.5040","20.3943","-15.82674163","-47.97106138","25.0820","3.9320","0.0000","0.0000","354.1562"
"23.000","54.0552","12","1.1617","0.1179","-0.3516","69.4651","43.5200","1071.6824","540.0000","0.5040","19.7683","-15.82673979","-47.97105483","25.0859","3.9320","0.0000","0.0000","354.9154"
"23.050","54.1707","12","1.1420","0.0900","-0.3878","71.5649","42.6483","1071.6454","540.0000","0.4878","20.2154","-15.82673808","-47.97104816","25.0898","3.9320","0.0000","0.0000","355.6756"
"23.100","54.3225","12","1.1013","0.0756","-0.4041","73.1784","41.0329","1071.6165","540.0000","0.4680","21.0702","-15.82673647","-47.97104142","25.0938","3.9320","0.0000","0.0000","356.4350"
"23.150","54.4934","12","1.0907","0.0625","-0.4459","74.6257","40.5603","1071.5693","540.0000","0.4338","21.3827","-15.82673507","-47.97103460","25.0977","3.9330","0.0000","0.0000","357.1961"
"23.200","54.5989","12","1.0461","0.0649","-0.5142","76.6009","38.8409","1071.5110","540.0000","0.4320","22.3725","-15.82673394","-47.97102766","25.1016","3.9340","0.0000","0.0000","357.9614"
"23.250","54.7472","12","0.9790","0.0771","-0.5431","78.4685","36.2858","1071.4658","540.0000","0.4320","24.0129","-15.82673296","-47.97102068","25.1055","3.9340","0.0000","0.0000","358.7305"
"23.300","54.7080","12","0.8816","0.0605","-0.5374","80.4997","32.6102","1071.4418","533.0000","0.4320","26.7004","-15.82673222","-47.97101369","25.1094","3.9340","0.0000","0.0000","359.5013"
"23.350","54.5361","12","0.8760","0.0630","-0.5592","82.4350","32.3497","1071.4120","530.0000","0.4320","26.8308","-15.82673168","-47.97100668","25.1133","3.9340","0.0000","0.0000","360.2732"
"23.400","55.0336","12","0.9326","0.0894","-0.5358","84.2745","34.3779","1071.3922","530.0000","0.3960","25.4782","-15.82673138","-47.97099956","25.1172","3.9340","0.0000","0.0000","361.0455"
"23.450","55.2397","12","0.9692","0.1072","-0.5709","85.9147","35.6345","1071.3466","530.0000","0.3960","24.6718","-15.82673127","-47.97099231","25.1211","3.9340","0.0000","0.0000","361.8180"
"23.500","55.5374","12","0.9969","0.1050","-0.5777","87.2509","36.5411","1071.3029","530.0000","0.3708","24.1894","-15.82673121","-47.97098506","25.1250","3.9340","0.0000","0.0000","362.5960"
"23.550","55.3566","12","0.9942","0.1033","-0.6289","88.6504","36.3351","1071.2639","530.0000","0.3600","24.2473","-15.82673128","-47.97097793","25.1242","3.9340","0.0000","0.0000","363.3785"
"23.600","55.7492","11","0.9601","0.1008","-0.6133","90.6134","34.9850","1071.2578","530.0000","0.4392","25.3616","-15.82673154","-47.97097061","25.1234","3.9340","0.0000","0.0000","364.1603"
"23.650","55.4910","11","0.9374","0.0828","-0.6150","92.6109","34.0661","1071.2491","530.0000","0.5004","25.9251","-15.82673204","-47.97096347","25.1227","3.9340","0.0000","0.0000","364.9385"
"23.700","55.7818","11","0.9330","0.0868","-0.6406","94.6345","33.8278","1071.2211","530.0000","0.5400","26.2445","-15.82673288","-47.97095633","25.1219","3.9340","0.0000","0.0000","365.7169"
"23.750","56.2846","11","0.9461","0.0775","-0.6182","96.9515","34.2217","1071.2159","530.0000","0.6426","26.1763","-15.82673390","-47.97094912","25.1211","3.9340","0.0000","0.0000","366.4980"
"23.800","56.4611","11","1.0385","0.0510","-0.6168","98.2089","37.4933","1071.2024","530.0000","0.6408","23.9672","-15.82673512","-47.97094186","25.1203","3.9340","0.0000","0.0000","367.2814"
"23.850","56.1193","11","1.0943","0.0516","-0.6185","99.8195","39.4615","1071.1840","530.0000","0.6120","22.6339","-15.82673650","-47.97093492","25.1195","3.9340","0.0000","0.0000","368.0665"
"23.900","55.9576","11","1.0614","0.0631","-0.6258","101.3988","38.2323","1071.1707","530.0000","0.6120","23.2942","-15.82673807","-47.97092798","25.1187","3.9340","0.0000","0.0000","368.8517"
"23.950","56.1135","11","1.0160","0.0439","-0.6103","103.0905","36.5382","1071.1750","530.0000","0.6120","24.4422","-15.82673989","-47.97092087","25.1180","3.9340","0.0000","0.0000","369.6366"
"24.000","56.3827","11","0.9832","0.0349","-0.6142","105.3326","35.3232","1071.1622","530.0000","0.6192","25.4043","-15.82674213","-47.97091390","25.1172","3.9340","0.0000","0.0000","370.4204"
"24.050","56.4790","11","1.0305","0.0270","-0.5981","107.5665","36.9985","1071.1630","530.0000","0.6804","24.2954","-15.82674449","-47.97090702","25.1164","3.9350","0.0000","0.0000","371.2037"
"24.100","56.5606","11","1.0614","0.0469","-0.5964","109.9101","38.0938","1071.1682","523.0000","0.7200","23.6308","-15.82674713","-47.97090020","25.1156","3.9360","0.0000","0.0000","371.9912"
"24.150","56.4893","11","1.0741","0.0286","-0.6081","111.8877","38.5085","1071.1605","520.0000","0.7200","23.3469","-15.82675002","-47.97089352","25.1148","3.9360","0.0000","0.0000","372.7816"
"24.200","56.5322","11","1.0771","0.0483","-0.6696","112.8571","38.5952","1071.1509","520.0000","0.6768","23.3122","-15.82675295","-47.97088686","25.1141","3.9360","0.0000","0.0000","373.5704"
"24.250","56.3107","11","1.0826","0.0731","-0.6676","113.9642","38.7440","1071.1464","520.0000","0.6642","23.1316","-15.82675587","-47.97088034","25.1133","3.9360","0.0000","0.0000","374.3557"
"24.300","56.5310","10","1.0740","0.0375","-0.6784","116.7091","38.3696","1071.1438","520.0000","0.7344","23.4488","-15.82675949","-47.97087406","25.1125","3.9360","0.0000","0.0000","375.1423"
"24.350","56.9138","10","1.1037","0.0007","-0.6883","119.3212","39.4039","1071.1351","520.0000","0.7560","22.9879","-15.82676330","-47.97086780","25.1117","3.9350","0.0000","0.0000","375.9333"
"24.400","56.9509","9","1.1375","0.0040","-0.6987","121.3734","40.6306","1071.1313","520.0000","0.7488","22.3083","-15.82676729","-47.97086165","25.1109","3.9340","0.0000","0.0000","376.7266"
"24.450","56.6286","10","1.1546","0.0218","-0.7097","122.8324","41.2542","1071.1255","520.0000","0.7038","21.8468","-15.82677130","-47.97085582","25.1102","3.9340","0.0000","0.0000","377.5217"
"24.500","56.4282","11","1.1820","0.0643","-0.7154","124.5385","42.2245","1071.1165","520.0000","0.6840","21.2692","-15.82677551","-47.97084998","25.1094","3.9340","0.0000","0.0000","378.3200"
"24.550","56.8467","11","1.1651","0.0852","-0.7624","127.3595","41.5563","1071.0868","520.0000","0.7524","21.7715","-15.82678028","-47.97084445","25.1094","3.9340","0.0000","0.0000","379.1210"
"24.600","57.1340","11","1.1264","0.1323","-0.8134","129.3290","40.0841","1071.0496","520.0000","0.7488","22.6852","-15.82678519","-47.97083895","25.1094","3.9340","0.0000","0.0000","379.9250"
"24.650","57.1373","11","1.0349","0.1290","-0.8048","131.2021","36.6958","1071.0471","520.0000","0.7038","24.7813","-15.82679010","-47.97083360","25.1094","3.9340","0.0000","0.0000","380.7332"
"24.700","57.3740","11","0.8922","0.1104","-0.7940","132.9256","31.5233","1071.0520","520.0000","0.6588","28.9670","-15.82679520","-47.97082835","25.1094","3.9340","0.0000","0.0000","381.5427"
"24.750","57.5889","11","0.7569","0.0918","-0.8235","134.0736","26.6591","1071.0265","520.0000","0.6138","34.3806","-15.82680034","-47.97082315","25.1094","3.9340","0.0000","0.0000","382.3522"
"24.800","57.7632","11","0.7285","0.1126","-0.9089","135.3330","25.5884","1070.9802","520.0000","0.6120","35.9276","-15.82680575","-47.97081799","25.1094","3.9340","0.0000","0.0000","383.1610"
"24.850","58.0527","12","0.6944","0.1197","-0.9685","136.3754","24.3121","1070.9406","520.0000","0.5958","38.0033","-15.82681134","-47.97081294","25.1094","3.9340","0.0000","0.0000","383.9722"
"24.900","58.3257","12","0.6500","0.1089","-0.9667","137.5065","22.6800","1070.9355","520.0000","0.5760","40.9296","-15.82681692","-47.97080796","25.1094","3.9340","0.0000","0.0000","384.7886"
"24.950","58.1946","12","0.6343","0.0858","-0.9853","138.7375","22.0608","1070.9238","520.0000","0.5760","41.9837","-15.82682255","-47.97080322","25.1094","3.9330","0.0000","0.0000","385.6103"
"25.000","58.3478","10","0.6748","0.0918","-1.0084","139.9130","23.4125","1070.9048","520.0000","0.5760","39.6641","-15.82682833","-47.97079848","25.1094","3.9320","0.0000","0.0000","386.4363"
"25.050","58.1943","11","0.7668","0.1120","-1.0091","140.9493","26.5311","1070.8914","520.0000","0.5598","34.9096","-15.82683413","-47.97079392","25.1094","3.9320","0.0000","0.0000","387.2614"
"25.100","58.5762","11","0.8391","0.1053","-0.9920","142.4991","28.9396","1070.8866","520.0000","0.5652","32.2142","-15.82684019","-47.97078953","25.1094","3.9320","0.0000","0.0000","388.0806"
"25.150","58.9921","12","0.9519","0.0757","-0.9755","144.2980","32.7380","1070.8839","520.0000","0.6102","28.6788","-15.82684639","-47.97078526","25.1094","3.9320","0.0000","0.0000","388.8961"
"25.200","59.3773","12","1.0474","0.0546","-0.9722","146.5269","35.9565","1070.9015","520.0000","0.6696","26.2823","-15.82685289","-47.97078124","25.1094","3.9320","0.0000","0.0000","389.7118"
"25.250","59.5887","13","1.1119","0.0415","-0.9572","147.9645","38.1260","1070.9255","520.0000","0.5796","24.8750","-15.82685928","-47.97077729","25.1094","3.9330","0.0000","0.0000","390.5289"
"25.300","59.2311","13","1.1676","0.0268","-1.0007","149.7663","40.0080","1070.9142","520.0000","0.5652","23.5626","-15.82686570","-47.97077359","25.1094","3.9340","0.0000","0.0000","391.3452"
"25.350","58.6191","13","1.2063","0.0131","-1.0302","151.8823","41.3241","1070.9121","520.0000","0.5760","22.5765","-15.82687232","-47.97077032","25.1094","3.9340","0.0000","0.0000","392.1597"
"25.400","58.7277","13","1.2271","-0.0069","-1.0031","154.0577","42.0429","1070.9215","520.0000","0.5472","22.2316","-15.82687900","-47.97076723","25.1094","3.9340","0.0000","0.0000","392.9733"
"25.450","58.7838","12","1.2500","-0.0375","-1.0238","156.4432","42.8681","1070.8909","520.0000","0.5760","21.8244","-15.82688589","-47.97076446","25.1094","3.9340","0.0000","0.0000","393.7847"
"25.500","58.8743","12","1.2413","-0.0416","-1.0026","158.7873","42.6429","1070.8781","520.0000","0.6012","21.9735","-15.82689286","-47.97076203","25.1094","3.9340","0.0000","0.0000","394.5930"
"25.550","58.6492","12","1.2257","-0.0779","-0.9732","160.6043","42.1813","1070.8724","520.0000","0.6462","22.1290","-15.82689992","-47.97075980","25.1063","3.9350","0.0000","0.0000","395.3987"
"25.600","58.5915","11","1.2108","-0.0505","-0.9394","162.2835","41.7820","1070.8512","520.0000","0.6840","22.3185","-15.82690704","-47.97075773","25.1031","3.9360","0.0000","0.0000","396.2015"
"25.650","58.5423","11","1.1807","-0.0507","-0.9323","164.4428","40.8263","1070.8295","515.5000","0.7002","22.8218","-15.82691425","-47.97075604","25.1000","3.9360","0.0000","0.0000","396.9984"
"25.700","58.3245","11","1.1364","-0.0743","-0.9068","166.5922","39.3768","1070.8143","510.0000","0.6696","23.5739","-15.82692139","-47.97075468","25.0969","3.9360","0.0000","0.0000","397.7909"
"25.750","58.0556","11","1.0729","-0.1104","-0.8972","168.6079","37.2760","1070.7979","510.0000","0.6480","24.7876","-15.82692847","-47.97075353","25.0938","3.9360","0.0000","0.0000","398.5832"
"25.800","57.9325","11","1.0872","-0.1300","-0.8859","170.5605","37.9226","1070.7958","510.0000","0.6048","24.3134","-15.82693562","-47.97075266","25.0906","3.9360","0.0000","0.0000","399.3772"
"25.850","57.6310","12","1.1240","-0.1369","-0.9003","172.4466","39.3773","1070.7892","510.0000","0.5760","23.2932","-15.82694268","-47.97075197","25.0875","3.9360","0.0000","0.0000","400.1761"
"25.900","57.1218","12","1.1156","-0.1007","-0.8897","174.1849","39.2701","1070.7810","510.0000","0.5508","23.1505","-15.82694968","-47.97075148","25.0844","3.9360","0.0000","0.0000","400.9800"
"25.950","56.9258","12","1.0959","-0.0147","-0.8844","176.0777","38.7082","1070.7557","510.0000","0.5742","23.4060","-15.82695685","-47.97075122","25.0812","3.9350","0.0000","0.0000","401.7845"
"26.000","57.1501","12","1.0037","0.0604","-0.8776","177.5206","35.4701","1070.7285","510.0000","0.5760","25.6434","-15.82696406","-47.97075116","25.0781","3.9340","0.0000","0.0000","402.5876"
"26.050","57.2567","11","0.8536","0.0849","-0.8873","17.3990","30.1174","1070.6921","510.0000","0.5922","30.2572","-15.82697132","-47.97075147","25.0750","3.9340","0.0000","0.0000","403.3925"
"26.100","57.7693","11","0.5887","0.0717","-0.8318","-179.0658","20.7240","1070.6960","510.0000","0.6120","44.3653","-15.82697864","-47.97075183","25.0719","3.9340","0.0000","0.0000","404.1956"
"26.150","58.0716","11","0.3538","0.0681","-0.7773","-177.9128","12.4270","1070.7012","510.0000","0.5778","74.3733","-15.82698591","-47.97075230","25.0688","3.9340","0.0000","0.0000","404.9891"
"26.200","57.8288","11","0.1232","0.0385","-0.7583","-177.8177","4.3188","1070.7018","510.0000","0.5688","213.1086","-15.82699315","-47.97075265","25.0656","3.9340","0.0000","0.0000","405.7764"
"26.250","57.8014","11","-0.1410","-0.0092","-0.7533","-178.4585","-4.9381","1070.6942","510.0000","0.5400","186.2930","-15.82700034","-47.97075281","25.0625","3.9340","0.0000","0.0000","406.5634"
"26.300","58.2156","11","-0.4240","-0.0504","-0.7040","-179.2032","-14.8579","1070.7084","510.0000","0.5148","62.3593","-15.82700769","-47.97075274","25.0594","3.9340","0.0000","0.0000","407.3522"
"26.350","57.4378","12","-0.6795","-0.0691","-0.7114","161.1682","-23.8491","1070.7168","510.0000","0.5382","38.3306","-15.82701480","-47.97075230","25.0562","3.9340","0.0000","0.0000","408.1394"
"26.400","56.6894","11","-0.8264","-0.1427","-0.7494","177.7291","-29.0807","1070.6772","510.0000","0.5112","31.0254","-15.82702183","-47.97075185","25.0531","3.9340","0.0000","0.0000","408.9231"
"26.450","56.5890","11","-0.8471","-0.1755","-0.7957","175.8888","-29.9537","1070.6282","510.0000","0.5400","30.0678","-15.82702893","-47.97075101","25.0500","3.9340","0.0000","0.0000","409.7046"
"26.500","56.7680","11","-0.9094","-0.1520","-0.7979","174.8718","-32.3428","1070.5977","510.0000","0.5148","27.9349","-15.82703612","-47.97075019","25.0469","3.9340","0.0000","0.0000","410.4823"
"26.550","56.9161","11","-0.9439","-0.1084","-0.7611","174.0476","-33.7360","1070.5920","510.0000","0.4698","26.8511","-15.82704329","-47.97074922","25.0531","3.9340","0.0000","0.0000","411.2598"
"26.600","56.4584","11","-0.9659","-0.0501","-0.7584","171.4525","-34.6438","1070.5864","510.0000","0.5760","25.9372","-15.82705017","-47.97074762","25.0594","3.9340","0.0000","0.0000","412.0488"
"26.650","56.3458","11","-0.9907","-0.0093","-0.7357","169.7842","-35.5966","1070.5732","510.0000","0.5760","25.1926","-15.82705720","-47.97074605","25.0656","3.9340","0.0000","0.0000","412.8498"
"26.700","56.2358","11","-0.9587","0.0105","-0.7786","168.7572","-34.4676","1070.5343","510.0000","0.5760","25.9671","-15.82706416","-47.97074451","25.0719","3.9340","0.0000","0.0000","413.6495"
"26.750","55.6346","11","-0.8329","0.0676","-0.8111","167.7774","-29.9421","1070.5032","510.0000","0.5418","29.5722","-15.82707096","-47.97074276","25.0781","3.9330","0.0000","0.0000","414.4469"
"26.800","56.1291","11","-0.6815","0.1509","-0.8118","165.7925","-24.4462","1070.5133","510.0000","0.5904","36.5424","-15.82707770","-47.97074059","25.0844","3.9320","0.0000","0.0000","415.2474"
"26.850","57.5458","11","-0.4913","0.1564","-0.7819","163.3416","-17.5465","1070.5251","510.0000","0.6804","52.1968","-15.82708475","-47.97073768","25.0906","3.9320","0.0000","0.0000","416.0557"
"26.900","57.7675","11","-0.2707","0.1438","-0.7450","162.2118","-9.6245","1070.5461","510.0000","0.6696","95.5273","-15.82709162","-47.97073513","25.0969","3.9320","0.0000","0.0000","416.8702"
"26.950","57.3447","11","-0.0236","0.1968","-0.7017","163.3736","-0.8378","1070.5576","510.0000","0.6138","1089.4187","-15.82709843","-47.97073323","25.1031","3.9330","0.0000","0.0000","417.6862"
"27.000","57.3794","11","0.2376","0.2083","-0.7413","164.2661","8.3468","1070.5348","510.0000","0.5688","109.4104","-15.82710544","-47.97073148","25.1094","3.9340","0.0000","0.0000","418.4991"
"27.050","57.9224","11","0.4723","0.1790","-0.7282","165.9025","16.4984","1070.5026","505.5000","0.5400","55.8758","-15.82711269","-47.97073001","25.1156","3.9340","0.0000","0.0000","419.3123"
"27.100","58.4166","11","0.6269","0.1132","-0.6910","167.2500","21.7885","1070.4928","500.0000","0.5148","42.6706","-15.82711994","-47.97072854","25.1219","3.9340","0.0000","0.0000","420.1258"
"27.150","59.0266","11","0.8295","0.0675","-0.6911","167.7847","28.7436","1070.4828","500.0000","0.4698","32.6833","-15.82712715","-47.97072706","25.1281","3.9340","0.0000","0.0000","420.9359"
"27.200","58.5969","11","0.9944","0.0810","-0.6396","168.8383","34.3920","1070.5067","500.0000","0.5112","27.1167","-15.82713435","-47.97072582","25.1344","3.9340","0.0000","0.0000","421.7446"
"27.250","58.4485","11","1.0561","0.0396","-0.6290","170.6005","36.4555","1070.5050","500.0000","0.5724","25.5170","-15.82714156","-47.97072499","25.1406","3.9330","0.0000","0.0000","422.5552"
"27.300","58.6615","11","1.0062","-0.0031","-0.6473","172.0119","34.7114","1070.4878","500.0000","0.6120","26.8969","-15.82714894","-47.97072430","25.1469","3.9320","0.0000","0.0000","423.3644"
"27.350","58.5459","12","0.9881","-0.0013","-0.5914","174.1956","34.1030","1070.5137","500.0000","0.7146","27.3227","-15.82715618","-47.97072405","25.1531","3.9320","0.0000","0.0000","424.1666"
"27.400","58.0861","11","1.0817","-0.0865","-0.6345","176.5382","37.3655","1070.5098","500.0000","0.7632","24.7413","-15.82716338","-47.97072410","25.1594","3.9320","0.0000","0.0000","424.9592"
"27.450","58.3209","12","1.2434","-0.1433","-0.6317","178.8720","43.0982","1070.5133","500.0000","0.8082","21.5370","-15.82717073","-47.97072446","25.1656","3.9310","0.0000","0.0000","425.7546"
"27.500","58.3958","11","1.3209","-0.1176","-0.6095","-71.2408","46.0117","1070.5205","500.0000","0.8280","20.1992","-15.82717810","-47.97072503","25.1719","3.9300","0.0000","0.0000","426.5571"
"27.550","58.2408","11","1.3174","-0.0446","-0.6085","-177.5471","46.0783","1070.5341","500.0000","0.7596","20.1164","-15.82718534","-47.97072581","25.1688","3.9310","0.0000","0.0000","427.3580"
"27.600","57.3162","12","1.1985","-0.0161","-0.5423","-175.2501","41.9950","1070.5878","500.0000","0.7200","21.7220","-15.82719210","-47.97072684","25.1656","3.9320","0.0000","0.0000","428.1579"
"27.650","56.8126","12","0.9892","-0.0126","-0.4827","-173.0987","34.6925","1070.6410","500.0000","0.7038","26.0633","-15.82719887","-47.97072815","25.1625","3.9320","0.0000","0.0000","428.9605"
"27.700","57.7658","12","0.7556","-0.0425","-0.3472","-171.2508","26.5189","1070.7339","500.0000","0.6840","34.6686","-15.82720604","-47.97072955","25.1594","3.9320","0.0000","0.0000","429.7606"
"27.750","57.9067","12","0.5102","-0.0063","-0.3016","-170.1406","17.9334","1070.7654","500.0000","0.6156","51.3909","-15.82721312","-47.97073091","25.1562","3.9320","0.0000","0.0000","430.5597"
"27.800","57.4001","13","0.1803","-0.0029","-0.3311","-170.1387","6.3378","1070.7665","500.0000","0.5400","144.1443","-15.82722008","-47.97073219","25.1531","3.9320","0.0000","0.0000","431.3613"
"27.850","57.7727","12","-0.0371","0.0170","-0.3687","-170.2370","-1.3022","1070.7468","500.0000","0.5562","706.1002","-15.82722734","-47.97073354","25.1500","3.9330","0.0000","0.0000","432.1667"
"27.900","57.7407","12","-0.2391","0.0272","-0.3941","-171.0934","-8.4022","1070.7343","500.0000","0.5760","109.3726","-15.82723458","-47.97073461","25.1469","3.9340","0.0000","0.0000","432.9744"
"27.950","57.4017","12","-0.4701","0.0669","-0.4192","-172.3336","-16.5062","1070.7245","500.0000","0.5760","55.3476","-15.82724168","-47.97073540","25.1437","3.9340","0.0000","0.0000","433.7821"
"28.000","57.6038","11","-0.6814","0.0626","-0.4350","-173.1314","-23.8802","1070.7195","500.0000","0.5904","38.3914","-15.82724896","-47.97073613","25.1406","3.9340","0.0000","0.0000","434.5918"
"28.050","57.8520","11","-0.8197","0.0478","-0.4257","-174.5462","-28.6790","1070.7249","500.0000","0.6642","32.1051","-15.82725627","-47.97073662","25.1375","3.9340","0.0000","0.0000","435.4051"
"28.100","58.1555","11","-0.8699","0.0343","-0.3927","-175.6808","-30.4015","1070.7325","500.0000","0.6588","30.4450","-15.82726364","-47.97073701","25.1344","3.9340","0.0000","0.0000","436.2223"
"28.150","58.2082","11","-0.8950","0.0474","-0.4081","-176.8109","-31.2542","1070.7263","500.0000","0.6138","29.6412","-15.82727097","-47.97073718","25.1313","3.9340","0.0000","0.0000","437.0439"
"28.200","58.0626","11","-0.8807","0.1556","-0.4493","-178.1939","-30.7077","1070.6957","500.0000","0.5688","30.0933","-15.82727827","-47.97073719","25.1281","3.9340","0.0000","0.0000","437.8708"
"28.250","58.4591","11","-0.8214","0.1663","-0.4243","-17.9327","-28.5092","1070.7009","500.0000","0.5562","32.6353","-15.82728572","-47.97073685","25.1250","3.9340","0.0000","0.0000","438.7017"
"28.300","58.7139","11","-0.7507","0.1498","-0.3739","177.9806","-25.9318","1070.7279","500.0000","0.5760","36.0354","-15.82729312","-47.97073602","25.1219","3.9340","0.0000","0.0000","439.5346"
"28.350","58.9187","11","-0.6276","0.1738","-0.3585","176.6115","-21.5851","1070.7433","500.0000","0.5760","43.4430","-15.82730050","-47.97073526","25.1187","3.9340","0.0000","0.0000","440.3689"
"28.400","59.3781","11","-0.5410","0.1646","-0.3247","176.2039","-18.5132","1070.7574","500.0000","0.5328","51.0465","-15.82730797","-47.97073460","25.1156","3.9340","0.0000","0.0000","441.2028"
"28.450","59.7425","11","-0.4218","0.1392","-0.3369","175.6720","-14.3706","1070.7534","500.0000","0.4878","66.1648","-15.82731550","-47.97073386","25.1125","3.9340","0.0000","0.0000","442.0375"
"28.500","59.8969","11","-0.1747","0.1191","-0.3435","175.2166","-5.9314","1070.7506","500.0000","0.4680","160.7196","-15.82732289","-47.97073306","25.1094","3.9340","0.0000","0.0000","442.8745"
"28.550","60.0416","11","0.0765","0.0950","-0.3098","175.7755","2.5839","1070.7675","500.0000","0.4680","369.8188","-15.82733039","-47.97073263","25.1078","3.9340","0.0000","0.0000","443.7128"
"28.600","60.1220","11","0.2956","0.0861","-0.2959","176.1816","9.9618","1070.7748","500.0000","0.4392","96.0543","-15.82733787","-47.97073217","25.1063","3.9340","0.0000","0.0000","444.5517"
"28.650","59.9950","11","0.4705","0.0706","-0.2765","176.5623","15.8212","1070.7952","500.0000","0.4518","60.3527","-15.82734525","-47.97073178","25.1047","3.9340","0.0000","0.0000","445.3902"
"28.700","60.2102","11","0.5747","0.0431","-0.2365","177.1551","19.2908","1070.8188","500.0000","0.4320","49.6751","-15.82735277","-47.97073147","25.1031","3.9340","0.0000","0.0000","446.2291"
"28.750","60.2960","11","0.6814","0.0333","-0.2040","178.1391","22.8459","1070.8506","500.0000","0.4662","42.0049","-15.82736023","-47.97073149","25.1016","3.9340","0.0000","0.0000","447.0656"
"28.800","60.4226","11","0.7685","-0.0307","-0.2037","108.2168","25.7531","1070.8572","500.0000","0.5904","37.3414","-15.82736792","-47.97073205","25.1000","3.9340","0.0000","0.0000","447.8962"
"28.850","60.3829","11","0.8937","-0.0225","-0.2500","-177.7086","29.9832","1070.8225","500.0000","0.6642","32.0521","-15.82737552","-47.97073298","25.0984","3.9340","0.0000","0.0000","448.7242"
"28.900","60.3561","12","1.0069","-0.0142","-0.2650","-176.4238","33.8121","1070.8218","493.0000","0.6588","28.4099","-15.82738303","-47.97073376","25.0969","3.9340","0.0000","0.0000","449.5543"
"28.950","60.5671","12","1.0952","0.0095","-0.2477","-176.0261","36.8068","1070.8440","490.0000","0.5796","26.1896","-15.82739067","-47.97073436","25.0953","3.9330","0.0000","0.0000","450.3870"
"29.000","59.9651","12","1.1659","-0.0197","-0.2457","-173.8520","39.1912","1070.8649","490.0000","0.6696","24.3518","-15.82739801","-47.97073558","25.0938","3.9320","0.0000","0.0000","451.2200"
"29.050","59.5810","12","1.2226","-0.0447","-0.2809","-171.1973","41.1457","1070.8652","490.0000","0.7884","23.0464","-15.82740533","-47.97073729","25.0922","3.9320","0.0000","0.0000","452.0476"
"29.100","59.6592","11","1.2359","-0.0539","-0.2642","-168.5148","41.6730","1070.8884","490.0000","0.8280","22.7847","-15.82741266","-47.97073929","25.0906","3.9320","0.0000","0.0000","452.8698"
"29.150","59.8630","11","1.2502","-0.0801","-0.2233","-166.4138","42.2446","1070.9406","490.0000","0.7938","22.5532","-15.82741993","-47.97074148","25.0891","3.9310","0.0000","0.0000","453.6878"
"29.200","60.0716","11","1.2272","-0.0606","-0.1791","-164.8377","41.5833","1070.9961","490.0000","0.7848","22.9917","-15.82742714","-47.97074376","25.0875","3.9300","0.0000","0.0000","454.5075"
"29.250","59.8352","10","1.2213","-0.0454","-0.1500","-162.7825","41.4803","1071.0457","490.0000","0.7884","22.9580","-15.82743409","-47.97074644","25.0859","3.9290","0.0000","0.0000","455.3310"
"29.300","59.4343","10","1.2797","0.0035","-0.2092","-160.3041","43.5416","1071.0525","490.0000","0.8532","21.7247","-15.82744093","-47.97074944","25.0844","3.9280","0.0000","0.0000","456.1533"
"29.350","58.9397","11","1.2851","0.0027","-0.2215","-158.5400","43.7409","1071.0645","490.0000","0.8640","21.4457","-15.82744762","-47.97075250","25.0828","3.9290","0.0000","0.0000","456.9744"
"29.400","58.7445","11","1.1961","-0.0500","-0.2333","-156.6291","40.7400","1071.0690","490.0000","0.8280","22.9491","-15.82745413","-47.97075577","25.0812","3.9300","0.0000","0.0000","457.7959"
"29.450","59.2759","11","1.1694","-0.0638","-0.2439","-154.5939","39.9158","1071.0847","490.0000","0.8118","23.6349","-15.82746082","-47.97075940","25.0797","3.9310","0.0000","0.0000","458.6149"
"29.500","59.2850","11","1.1713","-0.0390","-0.2764","-152.4014","40.0726","1071.0884","490.0000","0.7920","23.5460","-15.82746725","-47.97076329","25.0781","3.9320","0.0000","0.0000","459.4295"
"29.550","59.0805","11","1.1144","-0.0221","-0.3050","-150.2478","38.1874","1071.0999","490.0000","0.7578","24.6232","-15.82747347","-47.97076730","25.0805","3.9320","0.0000","0.0000","460.2473"
"29.600","59.1339","11","1.0423","-0.0024","-0.2697","-148.5985","35.7544","1071.1456","490.0000","0.7272","26.3225","-15.82747961","-47.97077153","25.0828","3.9320","0.0000","0.0000","461.0701"
"29.650","59.1777","11","1.0837","0.0335","-0.2661","-146.0574","37.1833","1071.1719","490.0000","0.7560","25.3298","-15.82748546","-47.97077607","25.0852","3.9330","0.0000","0.0000","461.8887"
"29.700","58.6832","11","1.0761","0.0289","-0.2088","-144.6226","36.9002","1071.2433","490.0000","0.7308","25.3108","-15.82749120","-47.97078056","25.0875","3.9340","0.0000","0.0000","462.7070"
"29.750","58.4709","11","1.0796","0.0063","-0.1003","-143.4640","37.0060","1071.3474","490.0000","0.6858","25.1471","-15.82749698","-47.97078508","25.0898","3.9340","0.0000","0.0000","463.5326"
"29.800","59.2627","11","1.0742","-0.0013","-0.0009","-141.8144","36.8311","1071.4268","490.0000","0.6768","25.6086","-15.82750265","-47.97079009","25.0922","3.9340","0.0000","0.0000","464.3595"
"29.850","59.2373","11","0.9757","0.0217","0.0266","-140.6210","33.4658","1071.4932","490.0000","0.6480","28.1718","-15.82750827","-47.97079512","25.0945","3.9340","0.0000","0.0000","465.1794"
"29.900","58.5843","11","0.8480","0.0440","0.0058","-138.7812","29.0740","1071.4991","490.0000","0.6732","32.0698","-15.82751349","-47.97080018","25.0969","3.9340","0.0000","0.0000","466.0003"
"29.950","59.2320","12","0.6325","0.0494","-0.0707","-135.9603","21.6605","1071.4751","490.0000","0.7182","43.5220","-15.82751866","-47.97080578","25.0992","3.9340","0.0000","0.0000","466.8239"
"30.000","59.7952","12","0.3582","0.0058","-0.0338","-134.5004","12.2516","1071.5109","490.0000","0.7704","77.6773","-15.82752387","-47.97081147","25.1016","3.9340","0.0000","0.0000","467.6459"
"30.050","59.2406","11","0.0789","0.0148","-0.0315","-135.3481","2.7003","1071.5250","490.0000","0.7164","349.1581","-15.82752928","-47.97081665","25.1039","3.9340","0.0000","0.0000","468.4652"
"30.100","58.9194","12","-0.1793","0.0267","-0.0628","-136.6487","-6.1302","1071.5320","490.0000","0.7056","152.9689","-15.82753478","-47.97082175","25.1063","3.9340","0.0000","0.0000","469.2889"
"30.150","59.3351","12","-0.3514","0.0399","-0.0516","-136.8564","-12.0019","1071.5415","480.5000","0.6156","78.6830","-15.82754036","-47.97082697","25.1086","3.9340","0.0000","0.0000","470.1211"
"30.200","59.3404","11","-0.6104","0.0099","0.0142","-138.3271","-20.8279","1071.6125","480.0000","0.6480","45.3446","-15.82754604","-47.97083200","25.1109","3.9340","0.0000","0.0000","470.9541"
"30.250","59.0129","11","-0.8180","-0.0041","0.0226","-139.9622","-27.9151","1071.6238","480.0000","0.6480","33.6456","-15.82755188","-47.97083667","25.1133","3.9340","0.0000","0.0000","471.7793"
"30.300","58.9086","11","-0.9221","0.0386","0.0775","-141.7533","-31.4744","1071.6619","480.0000","0.6732","29.7880","-15.82755791","-47.97084124","25.1156","3.9340","0.0000","0.0000","472.6037"
"30.350","59.7268","11","-0.9629","0.0381","0.1655","-142.9032","-32.8392","1071.7330","480.0000","0.6840","28.9465","-15.82756416","-47.97084589","25.1180","3.9340","0.0000","0.0000","473.4312"
"30.400","60.2617","12","-0.8512","0.0264","0.1896","-143.0307","-29.0076","1071.7529","480.0000","0.6120","33.0636","-15.82757030","-47.97085062","25.1203","3.9340","0.0000","0.0000","474.2643"
"30.450","59.6571","12","-0.6041","0.0836","0.1587","-143.9386","-20.5734","1071.7500","480.0000","0.5958","46.1504","-15.82757638","-47.97085494","25.1227","3.9340","0.0000","0.0000","475.1050"
"30.500","59.2544","12","-0.4142","0.1177","0.2010","-145.3989","-14.0711","1071.8079","480.0000","0.5508","67.0213","-15.82758258","-47.97085901","25.1250","3.9340","0.0000","0.0000","475.9503"
"30.550","59.4528","12","-0.2887","0.1104","0.3482","-147.0313","-9.7721","1071.9124","480.0000","0.5742","96.8291","-15.82758904","-47.97086305","25.1250","3.9340","0.0000","0.0000","476.7972"
"30.600","59.7166","11","-0.1225","0.1109","0.4452","-147.4847","-4.1352","1071.9946","480.0000","0.5400","229.8380","-15.82759538","-47.97086709","25.1250","3.9340","0.0000","0.0000","477.6433"
"30.650","60.2925","12","0.1546","0.1269","0.4252","-146.7544","5.1953","1072.0082","480.0000","0.5238","184.7023","-15.82760168","-47.97087137","25.1250","3.9340","0.0000","0.0000","478.4869"
"30.700","60.7431","12","0.3577","0.0855","0.4520","-145.9453","11.9821","1072.0354","480.0000","0.5292","80.6831","-15.82760795","-47.97087579","25.1250","3.9340","0.0000","0.0000","479.3271"
"30.750","61.0354","12","0.5825","0.0352","0.4532","-144.2295","19.4708","1072.0757","480.0000","0.5742","49.8904","-15.82761392","-47.97088061","25.1250","3.9340","0.0000","0.0000","480.1634"
"30.800","60.9520","12","0.7988","0.0374","0.4965","-142.8926","26.6788","1072.1093","480.0000","0.5832","36.3615","-15.82761980","-47.97088549","25.1250","3.9340","0.0000","0.0000","480.9983"
"30.850","60.8449","12","0.9591","0.0510","0.5182","-141.5489","32.0042","1072.1467","480.0000","0.6282","30.2578","-15.82762549","-47.97089043","25.1250","3.9340","0.0000","0.0000","481.8342"
"30.900","60.6920","12","1.0926","0.0394","0.5493","-140.1641","36.4158","1072.1890","480.0000","0.7740","26.5254","-15.82763108","-47.97089546","25.1250","3.9340","0.0000","0.0000","482.6700"
"30.950","60.2751","12","1.1635","-0.0429","0.6062","-138.5805","38.7528","1072.2551","480.0000","0.8622","24.7546","-15.82763640","-47.97090073","25.1250","3.9340","0.0000","0.0000","483.5032"
"31.000","60.0779","12","1.1474","-0.0937","0.6526","-136.3111","38.2895","1072.2924","480.0000","0.8568","24.9721","-15.82764148","-47.97090619","25.1250","3.9340","0.0000","0.0000","484.3329"
"31.050","60.1458","12","1.0860","-0.0943","0.7054","-134.1470","36.3543","1072.3445","480.0000","0.7956","26.3311","-15.82764647","-47.97091189","25.1250","3.9340","0.0000","0.0000","485.1611"
"31.100","60.2076","12","1.0574","-0.1175","0.7468","-132.2673","35.5138","1072.3888","480.0000","0.7308","26.9820","-15.82765127","-47.97091773","25.1250","3.9340","0.0000","0.0000","485.9863"
"31.150","60.2145","12","1.0817","-0.1150","0.7325","-131.1543","36.4695","1072.4052","480.0000","0.6516","26.2780","-15.82765613","-47.97092366","25.1250","3.9340","0.0000","0.0000","486.8080"
"31.200","59.7826","12","1.0921","-0.0853","0.7763","-129.4795","36.9590","1072.4487","480.0000","0.6480","25.7439","-15.82766057","-47.97092967","25.1250","3.9340","0.0000","0.0000","487.6290"
"31.250","59.6848","12","1.1271","-0.0255","0.7989","-127.1872","38.2469","1072.4877","480.0000","0.6480","24.8363","-15.82766478","-47.97093589","25.1250","3.9330","0.0000","0.0000","488.4565"
"31.300","59.5414","12","1.1077","0.0116","0.8129","-124.8784","37.6280","1072.5312","480.0000","0.6732","25.1842","-15.82766876","-47.97094230","25.1250","3.9320","0.0000","0.0000","489.2911"
"31.350","59.3052","12","1.0107","0.0151","0.7990","-123.4675","34.3335","1072.5573","470.5000","0.6840","27.4912","-15.82767259","-47.97094872","25.1250","3.9320","0.0000","0.0000","490.1280"
"31.400","59.0054","11","0.8648","0.0018","0.8165","-122.7279","29.3755","1072.5963","470.0000","0.6480","31.9688","-15.82767644","-47.97095514","25.1250","3.9320","0.0000","0.0000","490.9590"
"31.450","59.2410","11","0.6690","-0.0068","0.8465","-120.8704","22.7308","1072.6405","470.0000","0.6480","41.4791","-15.82768004","-47.97096176","25.1250","3.9320","0.0000","0.0000","491.7805"
"31.500","59.8700","11","0.4576","0.0268","0.8835","-119.3710","15.5518","1072.6993","470.0000","0.6480","61.2703","-15.82768353","-47.97096873","25.1250","3.9320","0.0000","0.0000","492.6005"
"31.550","60.3827","11","0.2128","0.0636","0.9297","-118.8171","7.2252","1072.7550","470.0000","0.6138","133.0091","-15.82768712","-47.97097565","25.1203","3.9330","0.0000","0.0000","493.4244"
"31.600","60.2403","12","-0.0559","0.0303","0.9791","-119.2467","-1.8939","1072.7991","470.0000","0.5328","506.2221","-15.82769087","-47.97098241","25.1156","3.9340","0.0000","0.0000","494.2512"
"31.650","59.3888","12","-0.3422","-0.0352","0.9939","-120.2099","-11.5950","1072.8127","470.0000","0.4878","81.5184","-15.82769476","-47.97098888","25.1109","3.9340","0.0000","0.0000","495.0752"
"31.700","58.9110","12","-0.5835","-0.0883","0.9923","-121.5700","-19.7950","1072.8331","470.0000","0.4680","47.3652","-15.82769883","-47.97099520","25.1063","3.9340","0.0000","0.0000","495.8923"
"31.750","59.1367","11","-0.7306","-0.1104","1.0326","-122.9076","-24.8559","1072.8689","470.0000","0.4338","37.8658","-15.82770305","-47.97100156","25.1016","3.9340","0.0000","0.0000","496.7074"
"31.800","59.5500","12","-0.8095","-0.0850","1.0551","-123.8578","-27.6334","1072.9097","470.0000","0.3960","34.2980","-15.82770742","-47.97100776","25.0969","3.9340","0.0000","0.0000","497.5295"
"31.850","59.5409","12","-0.8309","-0.0415","1.0623","-124.8986","-28.4391","1072.9368","470.0000","0.3960","33.3212","-15.82771193","-47.97101400","25.0922","3.9340","0.0000","0.0000","498.3611"
"31.900","59.1344","12","-0.7644","0.0351","1.0480","-126.0548","-26.1958","1072.9507","470.0000","0.3960","35.9276","-15.82771641","-47.97102004","25.0875","3.9340","0.0000","0.0000","499.1973"
"31.950","58.3672","11","-0.4867","0.0965","1.0816","-127.1241","-16.6631","1072.9780","470.0000","0.3618","55.7483","-15.82772080","-47.97102598","25.0828","3.9340","0.0000","0.0000","500.0354"
"32.000","58.8437","11","-0.1640","0.1150","1.1153","-128.3113","-5.6005","1073.0347","470.0000","0.3960","167.2217","-15.82772564","-47.97103183","25.0781","3.9340","0.0000","0.0000","500.8704"
"32.050","59.6147","11","0.1147","0.1092","1.1526","-128.2713","3.8956","1073.0867","470.0000","0.3960","243.5549","-15.82773028","-47.97103794","25.0734","3.9340","0.0000","0.0000","501.6963"
"32.100","60.1016","11","0.3795","0.0722","1.1349","-127.2371","12.8657","1073.1174","470.0000","0.3960","74.3485","-15.82773470","-47.97104423","25.0688","3.9340","0.0000","0.0000","502.5178"
"32.150","60.3083","10","0.5950","0.0139","1.1123","-125.8737","20.1380","1073.1235","470.0000","0.3960","47.6629","-15.82773894","-47.97105054","25.0641","3.9340","0.0000","0.0000","503.3396"
"32.200","60.4211","12","0.7781","0.0038","1.0908","-124.4937","26.3308","1073.1298","470.0000","0.4320","36.5211","-15.82774307","-47.97105705","25.0594","3.9340","0.0000","0.0000","504.1620"
"32.250","59.7894","12","0.9856","-0.0117","1.0919","-122.7359","33.3568","1073.1438","470.0000","0.4482","28.5273","-15.82774671","-47.97106362","25.0547","3.9340","0.0000","0.0000","504.9793"
"32.300","59.1387","11","1.1392","-0.0409","1.0755","-120.4290","38.5876","1073.1573","470.0000","0.5184","24.3918","-15.82775000","-47.97107019","25.0500","3.9340","0.0000","0.0000","505.7903"
"32.350","59.1495","11","1.2500","-0.0870","1.1113","-118.4091","42.4143","1073.1932","470.0000","0.5742","22.1952","-15.82775325","-47.97107700","25.0453","3.9340","0.0000","0.0000","506.5975"
"32.400","59.2102","11","1.2654","-0.1122","1.1373","-117.2728","43.0753","1073.2271","470.0000","0.5400","21.8770","-15.82775642","-47.97108393","25.0406","3.9340","0.0000","0.0000","507.4022"
"32.450","59.1654","12","1.1670","-0.1663","1.1378","-115.5063","39.8865","1073.2441","470.0000","0.5562","23.6081","-15.82775934","-47.97109100","25.0359","3.9340","0.0000","0.0000","508.2052"
"32.500","58.5324","12","1.0113","-0.1858","1.1831","-113.5400","34.7539","1073.2861","470.0000","0.5760","26.8049","-15.82776199","-47.97109806","25.0312","3.9340","0.0000","0.0000","509.0035"
"32.550","58.2490","11","0.9200","-0.1932","1.2439","-111.3926","31.8095","1073.3329","470.0000","0.6102","29.1442","-15.82776430","-47.97110511","25.0328","3.9340","0.0000","0.0000","509.7924"
"32.600","57.9830","12","0.9251","-0.1522","1.2447","-109.0428","32.1782","1073.3630","470.0000","0.6840","28.6787","-15.82776633","-47.97111224","25.0344","3.9340","0.0000","0.0000","510.5747"
"32.650","57.8614","11","0.8515","-0.1419","1.2290","-107.7670","29.7575","1073.3781","470.0000","0.6516","30.9466","-15.82776833","-47.97111945","25.0359","3.9340","0.0000","0.0000","511.3636"
"32.700","57.8376","12","0.8206","-0.1450","1.2905","-107.0711","28.8174","1073.4293","470.0000","0.6372","31.9430","-15.82777037","-47.97112669","25.0375","3.9340","0.0000","0.0000","512.1627"
"32.750","57.1613","12","0.8446","-0.0880","1.3433","-105.4944","29.7983","1073.4912","460.5000","0.7164","30.5303","-15.82777209","-47.97113370","25.0391","3.9340","0.0000","0.0000","512.9651"
"32.800","56.3382","12","0.8793","-0.0105","1.3206","-104.9432","31.1035","1073.4907","460.0000","0.7632","28.8279","-15.82777381","-47.97114055","25.0406","3.9340","0.0000","0.0000","513.7635"
"32.850","56.3307","12","0.9401","0.0244","1.3289","-102.6421","33.2712","1073.5302","460.0000","0.7920","26.9462","-15.82777507","-47.97114763","25.0422","3.9340","0.0000","0.0000","514.5630"
"32.900","57.2026","12","1.0045","0.0195","1.2727","-100.3620","35.5328","1073.5232","460.0000","0.8172","25.6216","-15.82777621","-47.97115493","25.0438","3.9340","0.0000","0.0000","515.3588"
"32.950","58.0010","12","1.1300","0.0036","1.2046","-98.2357","39.9677","1073.5150","460.0000","0.8280","23.0965","-15.82777714","-47.97116236","25.0453","3.9340","0.0000","0.0000","516.1392"
"33.000","57.7140","12","1.1330","-0.0322","1.2497","-97.0026","40.0930","1073.5537","460.0000","0.7920","22.9104","-15.82777782","-47.97116967","25.0469","3.9340","0.0000","0.0000","516.9108"
"33.050","57.3023","12","1.0987","-0.0340","1.3265","-94.7614","38.9403","1073.6110","460.0000","0.8568","23.4203","-15.82777801","-47.97117684","25.0484","3.9340","0.0000","0.0000","517.6833"
"33.100","57.9620","12","1.1457","-0.0231","1.2420","-91.9168","40.6646","1073.6068","460.0000","0.9864","22.6854","-15.82777777","-47.97118423","25.0500","3.9340","0.0000","0.0000","518.4566"
"33.150","56.6084","13","1.1108","-0.0657","1.1291","-90.5918","39.4746","1073.5642","460.0000","0.9054","22.8236","-15.82777762","-47.97119118","25.0516","3.9340","0.0000","0.0000","519.2311"
"33.200","55.5213","13","0.9864","-0.1336","1.1866","-87.7467","35.1475","1073.5967","460.0000","0.8928","25.1412","-15.82777666","-47.97119793","25.0531","3.9340","0.0000","0.0000","520.0081"
"33.250","55.5289","13","0.9284","-0.1821","1.2361","-86.6766","33.2405","1073.6348","460.0000","0.8316","26.5872","-15.82777599","-47.97120512","25.0547","3.9340","0.0000","0.0000","520.7826"
"33.300","55.6636","13","0.8998","-0.2066","1.2647","-86.2253","32.4155","1073.6709","460.0000","0.7668","27.3300","-15.82777548","-47.97121236","25.0562","3.9340","0.0000","0.0000","521.5505"
"33.350","55.6787","13","0.9763","-0.1356","1.2411","-85.1863","35.4163","1073.6814","460.0000","0.6876","25.0211","-15.82777480","-47.97121949","25.0578","3.9340","0.0000","0.0000","522.3194"
"33.400","55.8420","13","1.0176","-0.0270","1.2432","-82.6155","37.0673","1073.6992","460.0000","0.6624","23.9768","-15.82777349","-47.97122653","25.0594","3.9340","0.0000","0.0000","523.0945"
"33.450","56.0292","13","1.0599","0.0018","1.1797","-79.0351","38.6509","1073.6932","460.0000","0.7200","23.0714","-15.82777158","-47.97123336","25.0609","3.9340","0.0000","0.0000","523.8702"
"33.500","55.5009","13","1.0991","-0.0020","1.1801","-77.6058","40.0934","1073.7046","460.0000","0.6696","22.0316","-15.82776982","-47.97124023","25.0625","3.9340","0.0000","0.0000","524.6442"
"33.550","54.8527","13","1.1920","0.0145","1.2786","-77.0703","43.5109","1073.7631","460.0000","0.5796","20.0641","-15.82776823","-47.97124699","25.0664","3.9330","0.0000","0.0000","525.4185"
"33.600","55.7426","13","1.2911","0.1103","1.2123","-73.7346","47.1130","1073.7572","460.0000","0.6192","18.8307","-15.82776588","-47.97125391","25.0703","3.9320","0.0000","0.0000","526.1952"
"33.650","55.9641","13","1.2899","0.0523","1.1750","-70.5794","46.9420","1073.7511","460.0000","0.6480","18.9744","-15.82776315","-47.97126045","25.0742","3.9320","0.0000","0.0000","526.9781"
"33.700","55.6921","13","1.2513","0.0616","1.1770","-68.3558","45.5031","1073.7665","460.0000","0.6228","19.4793","-15.82776030","-47.97126697","25.0781","3.9320","0.0000","0.0000","527.7662"
"33.750","55.7879","13","1.0734","0.1136","1.1261","-66.8571","38.9766","1073.7485","460.0000","0.5778","22.7801","-15.82775744","-47.97127348","25.0820","3.9320","0.0000","0.0000","528.5571"
"33.800","55.7368","13","0.9181","0.1056","1.1755","-65.3015","33.2306","1073.7772","460.0000","0.5760","26.6946","-15.82775437","-47.97127986","25.0859","3.9320","0.0000","0.0000","529.3488"
"33.850","56.1333","12","0.8309","0.1186","1.1541","-63.6357","29.9841","1073.7819","460.0000","0.5598","29.7955","-15.82775103","-47.97128620","25.0898","3.9320","0.0000","0.0000","530.1430"
"33.900","56.5745","12","0.8049","0.1704","1.1014","-62.0659","28.9435","1073.7736","460.0000","0.5400","31.1093","-15.82774752","-47.97129250","25.0938","3.9320","0.0000","0.0000","530.9381"
"33.950","56.9550","12","0.8356","0.1900","1.0692","-60.5796","29.8914","1073.7828","460.0000","0.5400","30.3253","-15.82774385","-47.97129885","25.0977","3.9320","0.0000","0.0000","531.7343"
"34.000","56.9936","12","0.7540","0.1157","1.1056","-59.7512","26.8269","1073.8102","460.0000","0.4968","33.8123","-15.82774003","-47.97130508","25.1016","3.9320","0.0000","0.0000","532.5328"
"34.050","57.0535","12","0.7403","0.0559","1.1087","-58.6660","26.2617","1073.8333","460.0000","0.4680","34.5763","-15.82773613","-47.97131128","25.1055","3.9320","0.0000","0.0000","533.3291"
"34.100","57.2974","12","0.8681","0.1044","1.1104","-56.7600","30.7458","1073.8572","460.0000","0.4680","29.6598","-15.82773188","-47.97131723","25.1094","3.9320","0.0000","0.0000","534.1199"
"34.150","57.1429","12","0.9916","0.0697","1.1431","-54.7106","35.0169","1073.8818","460.0000","0.5022","25.9720","-15.82772739","-47.97132285","25.1133","3.9330","0.0000","0.0000","534.9057"
"34.200","57.4394","13","1.0270","-0.0111","1.1301","-53.0770","36.2166","1073.8999","460.0000","0.5040","25.2419","-15.82772273","-47.97132847","25.1172","3.9340","0.0000","0.0000","535.6885"
"34.250","57.5356","13","1.0532","-0.0713","1.0907","-51.2461","37.1797","1073.9005","460.0000","0.5040","24.6293","-15.82771787","-47.97133398","25.1211","3.9340","0.0000","0.0000","536.4681"
"34.300","57.2038","13","1.0818","-0.1130","1.1056","-48.9243","38.2925","1073.9229","460.0000","0.5292","23.7756","-15.82771282","-47.97133912","25.1250","3.9340","0.0000","0.0000","537.2436"
"34.350","56.5894","13","1.1025","-0.0987","1.1316","-47.0293","39.1818","1073.9559","460.0000","0.5400","22.9864","-15.82770760","-47.97134409","25.1289","3.9330","0.0000","0.0000","538.0164"
"34.400","56.4754","13","1.0535","-0.0936","1.1768","-45.5188","37.5718","1074.0005","460.0000","0.5040","23.9231","-15.82770230","-47.97134904","25.1328","3.9320","0.0000","0.0000","538.7890"
"34.450","56.2567","13","1.0340","-0.0929","1.2080","-43.4506","36.9978","1074.0326","460.0000","0.5202","24.2002","-15.82769689","-47.97135372","25.1367","3.9320","0.0000","0.0000","539.5616"
"34.500","55.9994","13","1.0235","-0.1240","1.2419","-41.6378","36.7488","1074.0667","460.0000","0.6408","24.2527","-15.82769140","-47.97135826","25.1406","3.9320","0.0000","0.0000","540.3331"
"34.550","55.6092","13","1.1088","-0.1445","1.2454","-39.8741","39.9853","1074.0854","460.0000","0.7524","22.1343","-15.82768578","-47.97136263","25.1406","3.9330","0.0000","0.0000","541.1015"
"34.600","55.6203","13","1.2551","-0.1134","1.2919","-37.9016","45.4864","1074.1223","460.0000","0.7632","19.4613","-15.82768003","-47.97136674","25.1406","3.9340","0.0000","0.0000","541.8678"
"34.650","55.6387","13","1.3055","-0.0963","1.3220","-35.6702","47.5143","1074.1521","460.0000","0.7758","18.6369","-15.82767412","-47.97137068","25.1406","3.9340","0.0000","0.0000","542.6339"
"34.700","55.6168","12","1.2924","-0.0462","1.2994","-33.4667","47.2079","1074.1624","460.0000","0.7560","18.7504","-15.82766804","-47.97137433","25.1406","3.9340","0.0000","0.0000","543.4009"
"34.750","55.5624","12","1.3160","0.0041","1.2872","-30.5904","48.1715","1074.1678","460.0000","0.7902","18.3574","-15.82766174","-47.97137762","25.1406","3.9340","0.0000","0.0000","544.1680"
"34.800","55.0811","12","1.3947","0.0117","1.2806","-27.3492","51.0807","1074.1659","460.0000","0.8352","17.1619","-15.82765544","-47.97138040","25.1406","3.9340","0.0000","0.0000","544.9360"
"34.850","55.1761","12","1.3928","0.0239","1.2974","-24.1763","51.0293","1074.1787","460.0000","0.8640","17.2088","-15.82764885","-47.97138285","25.1406","3.9340","0.0000","0.0000","545.7083"
"34.900","55.1668","12","1.3442","0.0433","1.2896","-21.9808","49.2480","1074.1956","453.0000","0.8388","17.8283","-15.82764220","-47.97138523","25.1406","3.9340","0.0000","0.0000","546.4816"
"34.950","55.3193","12","1.3095","0.0616","1.2802","-20.4669","47.9419","1074.2052","450.0000","0.7254","18.3646","-15.82763554","-47.97138763","25.1406","3.9340","0.0000","0.0000","547.2544"
"35.000","55.1750","12","1.2465","0.0484","1.2773","-19.4322","45.5810","1074.2217","450.0000","0.6768","19.2654","-15.82762893","-47.97138984","25.1406","3.9340","0.0000","0.0000","548.0275"
"35.050","55.4542","12","1.2012","0.0410","1.2262","-16.8468","43.8850","1074.2140","450.0000","0.6966","20.1112","-15.82762216","-47.97139150","25.1406","3.9330","0.0000","0.0000","548.8027"
"35.100","55.6852","12","1.1586","0.0560","1.1266","-13.5184","42.2938","1074.1842","450.0000","0.7812","20.9548","-15.82761521","-47.97139276","25.1406","3.9320","0.0000","0.0000","549.5802"
"35.150","55.7174","12","1.1540","0.0670","1.0484","-11.0547","42.0718","1074.1580","450.0000","0.7578","21.0775","-15.82760826","-47.97139372","25.1406","3.9320","0.0000","0.0000","550.3607"
"35.200","55.5637","13","1.1279","0.0675","0.9718","-9.5385","41.0568","1074.1353","450.0000","0.7128","21.5390","-15.82760137","-47.97139461","25.1406","3.9320","0.0000","0.0000","551.1440"
"35.250","55.7548","13","1.1499","0.0848","0.9209","-7.8152","41.7862","1074.1241","450.0000","0.6678","21.2359","-15.82759435","-47.97139530","25.1406","3.9320","0.0000","0.0000","551.9283"
"35.300","55.8553","13","1.1466","0.0981","0.8674","-5.5847","41.5732","1074.1050","450.0000","0.6228","21.3831","-15.82758736","-47.97139565","25.1406","3.9320","0.0000","0.0000","552.7144"
"35.350","56.1005","13","1.0920","0.1258","0.8165","-3.3280","39.4902","1074.0986","450.0000","0.6120","22.6098","-15.82758024","-47.97139575","25.1406","3.9320","0.0000","0.0000","553.5028"
"35.400","56.3269","13","0.9616","0.0992","0.8154","-1.6909","34.6585","1074.1141","450.0000","0.5688","25.8658","-15.82757316","-47.97139565","25.1406","3.9320","0.0000","0.0000","554.2943"
"35.450","56.4510","12","0.7931","0.0920","0.8282","-0.3422","28.5055","1074.1268","450.0000","0.5238","31.5184","-15.82756608","-47.97139545","25.1406","3.9320","0.0000","0.0000","555.0881"
"35.500","56.5276","12","0.6322","0.0668","0.8094","1.0055","22.6621","1074.1333","450.0000","0.4788","39.6990","-15.82755902","-47.97139509","25.1406","3.9320","0.0000","0.0000","555.8840"
"35.550","56.6362","12","0.5408","0.1075","0.7729","1.7547","19.3492","1074.1371","450.0000","0.4338","46.5854","-15.82755188","-47.97139474","25.1445","3.9320","0.0000","0.0000","556.6825"
"35.600","56.8903","12","0.4382","0.1247","0.7650","2.5176","15.6286","1074.1427","450.0000","0.3960","57.9346","-15.82754470","-47.97139436","25.1484","3.9320","0.0000","0.0000","557.4832"
"35.650","57.1075","12","0.2500","0.0980","0.7711","3.1607","8.8840","1074.1558","450.0000","0.3960","102.3069","-15.82753751","-47.97139383","25.1523","3.9320","0.0000","0.0000","558.2870"
"35.700","57.1813","12","0.0511","0.0987","0.7566","3.3424","1.8136","1074.1583","450.0000","0.4212","501.8013","-15.82753034","-47.97139341","25.1562","3.9320","0.0000","0.0000","559.0944"
"35.750","57.4351","12","-0.1118","0.1069","0.7309","3.3428","-3.9462","1074.1649","450.0000","0.3978","231.6427","-15.82752307","-47.97139299","25.1602","3.9320","0.0000","0.0000","559.9035"
"35.800","57.5951","12","-0.2094","0.1068","0.7396","2.6488","-7.3689","1074.1829","450.0000","0.4320","124.3952","-15.82751582","-47.97139279","25.1641","3.9320","0.0000","0.0000","560.7147"
"35.850","57.7206","12","-0.3120","0.1024","0.7284","2.0343","-10.9450","1074.1942","450.0000","0.4320","83.9331","-15.82750848","-47.97139265","25.1680","3.9310","0.0000","0.0000","561.5249"
"35.900","58.0591","12","-0.4301","0.0947","0.7314","1.3918","-15.0402","1074.2148","450.0000","0.4320","61.4378","-15.82750107","-47.97139259","25.1719","3.9300","0.0000","0.0000","562.3330"
"35.950","58.2232","12","-0.5441","0.0807","0.7605","0.4627","-18.9767","1074.2412","450.0000","0.4320","48.8310","-15.82749367","-47.97139276","25.1758","3.9300","0.0000","0.0000","563.1431"
"36.000","58.2755","12","-0.6337","0.0532","0.7954","-0.6474","-22.0532","1074.2798","450.0000","0.4320","42.0567","-15.82748627","-47.97139299","25.1797","3.9300","0.0000","0.0000","563.9559"
"36.050","58.5034","12","-0.7207","0.0498","0.8092","-1.7167","-25.0446","1074.2961","450.0000","0.4158","37.1781","-15.82747888","-47.97139343","25.1836","3.9300","0.0000","0.0000","564.7709"
"36.100","58.1330","12","-0.7810","0.0586","0.8690","-2.9735","-27.1042","1074.3285","450.0000","0.3960","34.1355","-15.82747158","-47.97139406","25.1875","3.9300","0.0000","0.0000","565.5870"
"36.150","58.2154","12","-0.8323","0.0580","0.8802","-4.5768","-28.8422","1074.3608","450.0000","0.3960","32.1240","-15.82746425","-47.97139489","25.1914","3.9300","0.0000","0.0000","566.4048"
"36.200","58.4574","12","-0.9154","0.0529","0.8770","-6.0169","-31.6748","1074.3702","450.0000","0.4032","29.3729","-15.82745695","-47.97139592","25.1953","3.9300","0.0000","0.0000","567.2247"
"36.250","58.6260","12","-0.9706","0.0469","0.9013","-7.9102","-33.5423","1074.3998","450.0000","0.4644","27.8175","-15.82744959","-47.97139728","25.1992","3.9300","0.0000","0.0000","568.0452"
"36.300","58.6911","12","-1.0280","0.0409","0.9664","-9.6717","-35.4901","1074.4540","450.0000","0.5292","26.3200","-15.82744224","-47.97139882","25.2031","3.9300","0.0000","0.0000","568.8646"
"36.350","58.8475","12","-1.0464","0.0478","0.9908","-11.3257","-36.0950","1074.4854","450.0000","0.5400","25.9478","-15.82743500","-47.97140064","25.2070","3.9300","0.0000","0.0000","569.6849"
"36.400","58.9434","12","-1.0316","0.0605","0.9705","-12.9707","-35.5461","1074.4933","450.0000","0.5400","26.3915","-15.82742782","-47.97140268","25.2109","3.9300","0.0000","0.0000","570.5084"
"36.450","59.1186","12","-0.9696","0.0804","0.9565","-14.6998","-33.3565","1074.4906","450.0000","0.5400","28.2075","-15.82742071","-47.97140490","25.2148","3.9310","0.0000","0.0000","571.3378"
"36.500","59.0264","12","-0.8920","0.0894","0.9275","-16.4347","-30.6249","1074.4795","450.0000","0.5400","30.6755","-15.82741369","-47.97140745","25.2188","3.9320","0.0000","0.0000","572.1726"
"36.550","58.9224","12","-0.7642","0.1167","0.9342","-18.0613","-26.1736","1074.5043","450.0000","0.5058","35.8292","-15.82740667","-47.97140997","25.2125","3.9320","0.0000","0.0000","573.0107"
"36.600","59.1723","12","-0.6183","0.1113","0.9139","-18.9164","-21.1082","1074.5060","450.0000","0.4608","44.6157","-15.82739954","-47.97141272","25.2062","3.9320","0.0000","0.0000","573.8519"
"36.650","59.4680","12","-0.4361","0.1228","0.8810","-19.6385","-14.8436","1074.4990","450.0000","0.4158","63.7622","-15.82739255","-47.97141544","25.2000","3.9320","0.0000","0.0000","574.6963"
"36.700","59.9511","12","-0.2328","0.1334","0.8325","-20.0203","-7.8967","1074.4849","450.0000","0.3960","120.8297","-15.82738547","-47.97141823","25.1938","3.9320","0.0000","0.0000","575.5419"
"36.750","60.2949","12","-0.0222","0.1294","0.8334","-20.0709","-0.7512","1074.4868","450.0000","0.3960","1277.3810","-15.82737827","-47.97142093","25.1875","3.9320","0.0000","0.0000","576.3878"
"36.800","60.4205","12","0.1982","0.1403","0.8274","-19.7044","6.6647","1074.5042","450.0000","0.3960","144.2849","-15.82737112","-47.97142352","25.1812","3.9320","0.0000","0.0000","577.2353"
"36.850","60.7204","12","0.3639","0.1406","0.8208","-19.2510","12.1875","1074.5056","450.0000","0.3960","79.2937","-15.82736377","-47.97142597","25.1750","3.9320","0.0000","0.0000","578.0876"
"36.900","60.8748","12","0.5044","0.1248","0.8156","-18.4589","16.8266","1074.5057","450.0000","0.3960","57.5786","-15.82735649","-47.97142838","25.1688","3.9320","0.0000","0.0000","578.9430"
"36.950","60.8953","12","0.6141","0.1318","0.7921","-17.1453","20.4196","1074.4973","450.0000","0.3960","47.4631","-15.82734914","-47.97143056","25.1625","3.9320","0.0000","0.0000","579.7988"
"37.000","60.8964","12","0.7305","0.0969","0.7259","-15.9991","24.1999","1074.4740","450.0000","0.3960","40.0496","-15.82734180","-47.97143255","25.1562","3.9320","0.0000","0.0000","580.6527"
"37.050","61.1814","12","0.8387","0.0609","0.6817","-14.6638","27.7174","1074.4561","450.0000","0.4122","35.1307","-15.82733433","-47.97143445","25.1500","3.9320","0.0000","0.0000","581.5084"
"37.100","61.5190","12","0.9131","0.0483","0.6235","-13.2490","30.1338","1074.4344","450.0000","0.4320","32.4919","-15.82732677","-47.97143604","25.1437","3.9320","0.0000","0.0000","582.3658"
"37.150","61.7093","12","0.9543","0.0575","0.6078","-11.9272","31.4586","1074.4283","450.0000","0.4320","31.2199","-15.82731918","-47.97143752","25.1375","3.9330","0.0000","0.0000","583.2210"
"37.200","61.5600","12","0.9981","0.0582","0.5722","-10.5747","32.8588","1074.4242","450.0000","0.4392","29.8172","-15.82731158","-47.97143877","25.1313","3.9340","0.0000","0.0000","584.0767"
"37.250","61.4053","12","1.0295","0.0392","0.5299","-8.4802","33.8474","1074.4039","450.0000","0.5004","28.8735","-15.82730403","-47.97143962","25.1250","3.9340","0.0000","0.0000","584.9361"
"37.300","61.9000","12","1.0648","0.0408","0.4899","-6.2930","34.9829","1074.3853","450.0000","0.5652","28.1614","-15.82729627","-47.97144017","25.1187","3.9340","0.0000","0.0000","585.7980"
"37.350","61.5603","12","1.0725","0.0568","0.5096","-4.6215","35.2081","1074.3965","450.0000","0.5418","27.8278","-15.82728855","-47.97144057","25.1125","3.9340","0.0000","0.0000","586.6608"
"37.400","61.4676","12","1.0694","0.0539","0.4755","-2.9413","35.0628","1074.3890","450.0000","0.5760","27.9010","-15.82728092","-47.97144072","25.1063","3.9340","0.0000","0.0000","587.5261"
"37.450","61.7523","12","1.0984","0.0578","0.4493","-1.7841","35.9738","1074.3925","450.0000","0.5598","27.3204","-15.82727316","-47.97144076","25.1000","3.9340","0.0000","0.0000","588.3947"
"37.500","61.9793","12","1.0571","0.0560","0.4511","0.0054","34.5736","1074.4117","450.0000","0.5904","28.5313","-15.82726537","-47.97144045","25.0938","3.9340","0.0000","0.0000","589.2618"
"37.550","62.2039","12","0.9629","0.0745","0.4197","2.0409","31.4553","1074.4092","450.0000","0.6462","31.4735","-15.82725763","-47.97143988","25.0914","3.9340","0.0000","0.0000","590.1283"
"37.600","62.0619","12","0.8466","0.0920","0.4313","3.4304","27.6039","1074.4197","450.0000","0.6552","35.7829","-15.82724983","-47.97143906","25.0891","3.9340","0.0000","0.0000","590.9969"
"37.650","62.5253","12","0.6935","0.0814","0.3978","4.5755","22.5586","1074.4060","450.0000","0.6840","44.1127","-15.82724200","-47.97143825","25.0867","3.9330","0.0000","0.0000","591.8676"
"37.700","62.5313","12","0.5051","0.0508","0.3431","5.4154","16.3945","1074.3949","450.0000","0.6588","60.7043","-15.82723423","-47.97143733","25.0844","3.9320","0.0000","0.0000","592.7405"
"37.750","62.2594","12","0.3182","0.0559","0.2962","6.2843","10.3148","1074.3801","450.0000","0.6480","96.0651","-15.82722661","-47.97143635","25.0820","3.9310","0.0000","0.0000","593.6157"
"37.800","62.4738","12","0.0961","0.0779","0.2843","6.4679","3.1116","1074.3781","450.0000","0.6120","319.5425","-15.82721883","-47.97143536","25.0797","3.9300","0.0000","0.0000","594.4913"
"37.850","62.6456","12","-0.1330","0.0552","0.2911","5.9805","-4.2924","1074.3795","450.0000","0.5958","232.2818","-15.82721089","-47.97143462","25.0773","3.9300","0.0000","0.0000","595.3701"
"37.900","62.6427","12","-0.3448","0.0334","0.2700","5.2207","-11.1183","1074.3793","450.0000","0.5760","89.6708","-15.82720296","-47.97143414","25.0750","3.9300","0.0000","0.0000","596.2517"
"37.950","63.1815","12","-0.5540","0.0660","0.2823","4.4208","-17.8467","1074.3835","450.0000","0.6102","56.3445","-15.82719488","-47.97143375","25.0727","3.9300","0.0000","0.0000","597.1322"
"38.000","62.9579","12","-0.6741","0.0828","0.2875","3.4525","-21.6764","1074.4061","450.0000","0.5832","46.2257","-15.82718702","-47.97143339","25.0703","3.9300","0.0000","0.0000","598.0117"
"38.050","63.1049","11","-0.7543","0.0830","0.3098","1.9472","-24.2011","1074.4160","450.0000","0.5958","41.4999","-15.82717897","-47.97143351","25.0680","3.9300","0.0000","0.0000","598.8931"
"38.100","63.4773","11","-0.8271","0.0688","0.3318","0.8195","-26.4831","1074.4408","450.0000","0.5508","38.1478","-15.82717081","-47.97143368","25.0656","3.9300","0.0000","0.0000","599.7753"
"38.150","63.5147","11","-0.8706","0.0746","0.3818","-0.2082","-27.8283","1074.4653","450.0000","0.5058","36.3252","-15.82716273","-47.97143400","25.0633","3.9310","0.0000","0.0000","600.6556"
"38.200","63.2702","11","-0.8977","0.0391","0.3732","-1.6038","-28.6477","1074.4828","450.0000","0.5040","35.1504","-15.82715480","-47.97143463","25.0609","3.9320","0.0000","0.0000","601.5348"
"38.250","63.3630","11","-0.9275","0.0172","0.4097","-3.2545","-29.5759","1074.4935","450.0000","0.5202","34.0971","-15.82714683","-47.97143548","25.0586","3.9320","0.0000","0.0000","602.4163"
"38.300","63.5701","11","-0.9847","0.0155","0.4432","-5.0575","-31.3959","1074.5316","450.0000","0.5400","32.2255","-15.82713874","-47.97143667","25.0562","3.9320","0.0000","0.0000","603.3000"
"38.350","63.5052","11","-1.0461","0.0045","0.4509","-6.5143","-33.3490","1074.5404","450.0000","0.5400","30.3073","-15.82713079","-47.97143802","25.0539","3.9320","0.0000","0.0000","604.1851"
"38.400","63.2401","11","-1.0894","-0.0009","0.4357","-8.1639","-34.7363","1074.5394","450.0000","0.5328","28.9754","-15.82712302","-47.97143966","25.0516","3.9320","0.0000","0.0000","605.0706"
"38.450","63.3461","11","-1.1039","0.0212","0.4737","-9.7669","-35.2136","1074.5494","450.0000","0.5202","28.6305","-15.82711517","-47.97144159","25.0492","3.9320","0.0000","0.0000","605.9555"
"38.500","63.5934","11","-1.1306","0.0312","0.4553","-11.7451","-36.0527","1074.5435","450.0000","0.5400","28.0733","-15.82710744","-47.97144384","25.0469","3.9320","0.0000","0.0000","606.8433"
"38.550","63.6374","11","-1.1202","0.0542","0.3752","-13.5055","-35.7050","1074.4911","450.0000","0.5400","28.3663","-15.82709992","-47.97144627","25.0477","3.9330","0.0000","0.0000","607.7358"
"38.600","63.8131","11","-0.9943","0.0713","0.3019","-15.2144","-31.6567","1074.4441","450.0000","0.5184","32.0822","-15.82709231","-47.97144905","25.0484","3.9340","0.0000","0.0000","608.6311"
"38.650","63.6978","11","-0.7984","0.1046","0.2747","-16.6281","-25.3713","1074.4150","450.0000","0.5760","39.9578","-15.82708480","-47.97145182","25.0492","3.9340","0.0000","0.0000","609.5261"
"38.700","63.7293","11","-0.5780","0.1076","0.2436","-17.4833","-18.3196","1074.3998","450.0000","0.5508","55.3660","-15.82707719","-47.97145455","25.0500","3.9340","0.0000","0.0000","610.4235"
"38.750","64.1019","11","-0.3170","0.1110","0.2155","-18.1689","-10.0175","1074.3750","450.0000","0.5400","101.8429","-15.82706960","-47.97145730","25.0508","3.9340","0.0000","0.0000","611.3242"
"38.800","64.4765","11","-0.0505","0.0986","0.1897","-18.5677","-1.5948","1074.3541","450.0000","0.5184","643.4704","-15.82706193","-47.97146013","25.0516","3.9340","0.0000","0.0000","612.2238"
"38.850","64.4474","11","0.2193","0.0894","0.1474","-18.2354","6.8873","1074.3286","450.0000","0.5760","148.9276","-15.82705432","-47.97146270","25.0523","3.9330","0.0000","0.0000","613.1163"
"38.900","64.4576","11","0.4428","0.0622","0.1201","-17.0394","13.8763","1074.3114","450.0000","0.5760","73.9298","-15.82704648","-47.97146488","25.0531","3.9320","0.0000","0.0000","614.0060"
"38.950","64.7710","11","0.6627","0.0097","0.1220","-15.7121","20.7370","1074.3102","450.0000","0.5418","49.7112","-15.82703859","-47.97146695","25.0539","3.9320","0.0000","0.0000","614.8943"
"39.000","64.9767","11","0.8134","-0.0484","0.1084","-14.3411","25.4576","1074.3208","450.0000","0.5472","40.6219","-15.82703051","-47.97146877","25.0547","3.9320","0.0000","0.0000","615.7772"
"39.050","64.5154","12","0.9186","-0.0857","0.0541","-13.2038","28.8000","1074.2949","450.0000","0.5922","35.6526","-15.82702271","-47.97147041","25.0555","3.9320","0.0000","0.0000","616.6519"
"39.100","64.0451","12","0.9576","-0.1070","-0.0147","-12.0246","30.1013","1074.2410","450.0000","0.6120","33.8626","-15.82701505","-47.97147203","25.0562","3.9320","0.0000","0.0000","617.5272"
"39.150","64.1289","12","0.9798","-0.1351","-0.0918","-10.7525","30.9008","1074.1874","450.0000","0.6804","33.0296","-15.82700717","-47.97147333","25.0570","3.9320","0.0000","0.0000","618.4101"
"39.200","63.8326","12","0.9746","-0.1325","-0.1843","-9.2046","30.8601","1074.1222","450.0000","0.7632","32.9204","-15.82699935","-47.97147444","25.0578","3.9320","0.0000","0.0000","619.2982"
"39.250","63.2225","12","0.9604","-0.0809","-0.3113","-7.3713","30.5234","1074.0443","450.0000","0.8406","32.9654","-15.82699166","-47.97147524","25.0586","3.9320","0.0000","0.0000","620.1875"
"39.300","62.7265","11","0.9470","-0.0428","-0.4015","-5.4231","30.1731","1073.9797","450.0000","0.9252","33.0865","-15.82698401","-47.97147568","25.0594","3.9320","0.0000","0.0000","621.0787"
"39.350","63.2905","11","0.9204","0.0252","-0.4878","-4.1510","29.3668","1073.9213","450.0000","0.9018","34.3006","-15.82697611","-47.97147619","25.0602","3.9320","0.0000","0.0000","621.9736"
"39.400","63.9324","11","0.8786","0.0879","-0.5751","-3.3473","28.0148","1073.8459","450.0000","0.9432","36.3207","-15.82696809","-47.97147665","25.0609","3.9320","0.0000","0.0000","622.8708"
"39.450","64.0104","12","0.8061","0.1245","-0.6796","-2.0642","25.6435","1073.7821","450.0000","0.9720","39.7277","-15.82696012","-47.97147678","25.0617","3.9320","0.0000","0.0000","623.7673"
"39.500","64.0436","12","0.6733","0.1323","-0.7406","-0.6406","21.3480","1073.7377","450.0000","0.9216","47.7461","-15.82695219","-47.97147664","25.0625","3.9320","0.0000","0.0000","624.6633"
"39.550","64.2623","12","0.4931","0.1227","-0.7786","0.5890","15.5798","1073.6968","450.0000","0.8658","65.6471","-15.82694410","-47.97147639","25.0641","3.9320","0.0000","0.0000","625.5582"
"39.600","64.6194","12","0.2345","0.0860","-0.7984","0.8434","7.3861","1073.6678","450.0000","0.8280","139.2411","-15.82693598","-47.97147625","25.0656","3.9320","0.0000","0.0000","626.4572"
"39.650","64.5840","12","0.0468","0.0997","-0.7910","1.0327","1.4726","1073.6730","450.0000","0.8118","698.0274","-15.82692787","-47.97147606","25.0672","3.9320","0.0000","0.0000","627.3661"
"39.700","64.5629","12","-0.1320","0.0757","-0.7809","0.6727","-4.1324","1073.6731","450.0000","0.7668","248.6563","-15.82691970","-47.97147602","25.0688","3.9320","0.0000","0.0000","628.2783"
"39.750","64.4954","12","-0.3055","0.0511","-0.7864","-0.1874","-9.5544","1073.6620","450.0000","0.7902","107.4354","-15.82691160","-47.97147630","25.0703","3.9320","0.0000","0.0000","629.1915"
"39.800","64.3314","11","-0.4318","0.0596","-0.7963","-0.2083","-13.4845","1073.6531","450.0000","0.7128","75.9293","-15.82690366","-47.97147625","25.0719","3.9320","0.0000","0.0000","630.1079"
"39.850","65.1302","11","-0.5435","0.1012","-0.7238","-1.4813","-16.9415","1073.6954","450.0000","0.7002","61.1859","-15.82689509","-47.97147683","25.0734","3.9310","0.0000","0.0000","631.0268"
"39.900","65.6953","10","-0.5845","0.1422","-0.6326","-2.6948","-18.1719","1073.7479","450.0000","0.6696","57.5380","-15.82688657","-47.97147755","25.0750","3.9300","0.0000","0.0000","631.9473"
"39.950","65.6442","10","-0.5081","0.1562","-0.5645","-3.3165","-15.7373","1073.7759","450.0000","0.6138","66.3874","-15.82687835","-47.97147814","25.0766","3.9300","0.0000","0.0000","632.8696"
"40.000","65.7950","11","-0.3343","0.1554","-0.5382","-3.5398","-10.3123","1073.8096","450.0000","0.5832","101.5452","-15.82686991","-47.97147867","25.0781","3.9300","0.0000","0.0000","633.7954"
"40.050","66.1368","11","-0.1433","0.1528","-0.4802","-3.7606","-4.4039","1073.8436","450.0000","0.6120","239.0164","-15.82686146","-47.97147916","25.0797","3.9300","0.0000","0.0000","634.7263"
"40.100","66.1988","11","0.0290","0.1244","-0.5250","-4.3801","0.8852","1073.8123","450.0000","0.5868","1190.1752","-15.82685319","-47.97148002","25.0812","3.9300","0.0000","0.0000","635.6573"
"40.150","66.3429","11","0.2069","0.0993","-0.4888","-3.5542","6.3088","1073.8184","450.0000","0.5076","167.3663","-15.82684481","-47.97148035","25.0828","3.9300","0.0000","0.0000","636.5874"
"40.200","66.4731","12","0.3308","0.0737","-0.5018","-2.9870","10.0610","1073.8070","450.0000","0.4680","105.1538","-15.82683649","-47.97148066","25.0844","3.9300","0.0000","0.0000","637.5197"
"40.250","66.8867","12","0.4256","0.0553","-0.5429","-2.3153","12.9174","1073.7864","450.0000","0.4680","82.4112","-15.82682805","-47.97148095","25.0859","3.9310","0.0000","0.0000","638.4580"
"40.300","67.1217","12","0.5568","0.0575","-0.5750","-1.3394","16.8797","1073.7505","450.0000","0.4932","63.2875","-15.82681963","-47.97148100","25.0875","3.9320","0.0000","0.0000","639.4010"
"40.350","66.9236","12","0.6270","0.1237","-0.6599","-0.3119","18.9798","1073.6708","450.0000","0.5040","56.1188","-15.82681148","-47.97148093","25.0891","3.9320","0.0000","0.0000","640.3461"
"40.400","66.9529","13","0.6971","0.1591","-0.7394","0.5688","21.0332","1073.6169","450.0000","0.5112","50.6622","-15.82680317","-47.97148069","25.0906","3.9320","0.0000","0.0000","641.2955"
"40.450","67.3095","13","0.7651","0.1331","-0.8334","1.2285","22.9933","1073.5204","450.0000","0.5562","46.5902","-15.82679492","-47.97148053","25.0922","3.9320","0.0000","0.0000","642.2513"
"40.500","67.7865","13","0.8265","0.1398","-0.9470","2.2343","24.7589","1073.4149","450.0000","0.6012","43.5745","-15.82678655","-47.97148015","25.0938","3.9320","0.0000","0.0000","643.2072"
"40.550","68.0512","13","0.8541","0.1600","-1.0110","3.5796","25.4973","1073.3617","450.0000","0.6462","42.4778","-15.82677809","-47.97147930","25.0945","3.9320","0.0000","0.0000","644.1606"
"40.600","68.0436","13","0.8416","0.1211","-1.0101","5.2239","25.0276","1073.3602","450.0000","0.6120","43.2702","-15.82676969","-47.97147814","25.0953","3.9320","0.0000","0.0000","645.1137"
"40.650","68.6699","12","0.9010","0.1117","-0.9283","6.9904","26.7177","1073.3921","450.0000","0.6120","40.9060","-15.82676097","-47.97147659","25.0961","3.9320","0.0000","0.0000","646.0704"
"40.700","68.9257","12","0.9103","0.1087","-0.9391","8.4044","26.9213","1073.3800","450.0000","0.6120","40.7480","-15.82675243","-47.97147509","25.0969","3.9320","0.0000","0.0000","647.0273"
"40.750","68.7469","13","0.9301","0.1177","-0.9563","9.3246","27.4380","1073.3551","450.0000","0.6120","39.8769","-15.82674401","-47.97147348","25.0977","3.9320","0.0000","0.0000","647.9841"
"40.800","68.5222","13","0.9518","0.1022","-0.9783","10.4162","27.9993","1073.3418","450.0000","0.6048","38.9496","-15.82673563","-47.97147167","25.0984","3.9320","0.0000","0.0000","648.9434"
"40.850","68.7542","13","0.9182","0.0110","-0.9478","11.9570","26.9563","1073.3597","450.0000","0.5922","40.5937","-15.82672728","-47.97146946","25.0992","3.9320","0.0000","0.0000","649.9053"
"40.900","68.9385","12","0.8573","-0.0135","-0.8827","13.1719","25.1695","1073.3870","450.0000","0.6120","43.5920","-15.82671883","-47.97146705","25.1000","3.9320","0.0000","0.0000","650.8644"
"40.950","68.8479","12","0.8178","0.0067","-0.9049","14.4794","24.0226","1073.3785","450.0000","0.6120","45.6133","-15.82671051","-47.97146462","25.1008","3.9320","0.0000","0.0000","651.8218"
"41.000","68.9129","12","0.8238","0.0302","-0.9083","15.7440","24.1978","1073.3557","450.0000","0.5688","45.3257","-15.82670235","-47.97146193","25.1016","3.9320","0.0000","0.0000","652.7846"
"41.050","69.2449","12","0.8428","0.0588","-0.9006","17.0423","24.7360","1073.3424","450.0000","0.5400","44.5532","-15.82669413","-47.97145903","25.1023","3.9320","0.0000","0.0000","653.7584"
"41.100","69.2381","12","0.8704","0.0737","-0.8966","18.5272","25.5123","1073.3390","450.0000","0.5400","43.1932","-15.82668600","-47.97145589","25.1031","3.9320","0.0000","0.0000","654.7329"
"41.150","68.8377","12","0.8823","0.1146","-0.8969","19.5274","25.8181","1073.3195","450.0000","0.5400","42.4348","-15.82667797","-47.97145270","25.1039","3.9320","0.0000","0.0000","655.7043"
"41.200","68.9256","12","0.8952","0.1124","-0.9134","20.4645","26.1240","1073.3008","450.0000","0.5112","41.9915","-15.82667002","-47.97144945","25.1047","3.9320","0.0000","0.0000","656.6754"
"41.250","69.8010","11","0.8854","0.0721","-0.9064","21.9325","25.7729","1073.2917","450.0000","0.5724","43.1040","-15.82666190","-47.97144567","25.1055","3.9320","0.0000","0.0000","657.6479"
"41.300","70.3323","11","0.8822","0.0537","-0.9227","23.5741","25.6408","1073.2637","450.0000","0.6624","43.6560","-15.82665395","-47.97144175","25.1063","3.9320","0.0000","0.0000","658.6236"
"41.350","69.9903","11","0.8981","0.0895","-0.9587","24.7745","26.0711","1073.2125","450.0000","0.6840","42.7266","-15.82664630","-47.97143778","25.1070","3.9320","0.0000","0.0000","659.6022"
"41.400","69.8355","11","0.8742","0.1141","-0.9942","25.8398","25.3230","1073.1814","450.0000","0.6408","43.8916","-15.82663863","-47.97143361","25.1078","3.9320","0.0000","0.0000","660.5829"
"41.450","69.9662","12","0.8581","0.0912","-0.9865","27.2345","24.7935","1073.1705","450.0000","0.5958","44.9129","-15.82663100","-47.97142917","25.1086","3.9330","0.0000","0.0000","661.5686"
"41.500","70.0508","12","0.8454","0.0934","-0.9772","28.4798","24.3732","1073.1559","450.0000","0.5508","45.7426","-15.82662346","-47.97142460","25.1094","3.9340","0.0000","0.0000","662.5569"
"41.550","70.5027","12","0.7585","0.1011","-0.9929","29.7209","21.8224","1073.1222","450.0000","0.5400","51.4191","-15.82661600","-47.97141990","25.1078","3.9340","0.0000","0.0000","663.5431"
"41.600","70.4935","12","0.6412","0.0731","-1.0279","30.4730","18.4032","1073.0909","450.0000","0.4968","60.9643","-15.82660848","-47.97141510","25.1063","3.9340","0.0000","0.0000","664.5281"
"41.650","70.7372","12","0.5532","0.0600","-1.0259","31.0951","15.8538","1073.0663","450.0000","0.4518","71.0127","-15.82660098","-47.97141026","25.1047","3.9340","0.0000","0.0000","665.5147"
"41.700","71.2001","12","0.4598","0.1130","-1.0450","31.9430","13.1562","1073.0289","450.0000","0.4320","86.1333","-15.82659351","-47.97140524","25.1031","3.9340","0.0000","0.0000","666.5009"
"41.750","71.1655","12","0.3274","0.1549","-1.0647","32.4618","9.3425","1073.0029","450.0000","0.4662","121.2342","-15.82658607","-47.97140017","25.1016","3.9340","0.0000","0.0000","667.4841"
"41.800","70.8343","11","0.1394","0.0844","-1.0717","32.7314","3.9647","1072.9817","450.0000","0.4608","284.3531","-15.82657878","-47.97139519","25.1000","3.9340","0.0000","0.0000","668.4609"
"41.850","70.9812","11","-0.0817","-0.0685","-1.0422","32.6059","-2.3187","1072.9836","450.0000","0.4482","487.2198","-15.82657114","-47.97139024","25.0984","3.9330","0.0000","0.0000","669.4216"
"41.900","71.0898","11","-0.2974","-0.1499","-1.0162","31.9055","-8.4605","1072.9808","450.0000","0.4428","133.7300","-15.82656345","-47.97138552","25.0969","3.9320","0.0000","0.0000","670.3678"
"41.950","70.9534","11","-0.4615","-0.1862","-1.0301","31.7845","-13.1750","1072.9452","450.0000","0.4320","85.7124","-15.82655589","-47.97138071","25.0953","3.9320","0.0000","0.0000","671.3078"
"42.000","70.6266","11","-0.6100","-0.2511","-1.0453","31.4769","-17.5042","1072.9128","450.0000","0.4320","64.2166","-15.82654834","-47.97137611","25.0938","3.9320","0.0000","0.0000","672.2473"
"42.050","69.9291","11","-0.7096","-0.2761","-1.0661","29.9481","-20.4940","1072.9005","450.0000","0.4968","54.3065","-15.82654066","-47.97137200","25.0922","3.9310","0.0000","0.0000","673.1815"
"42.100","68.5190","11","-0.8373","-0.3189","-1.0702","27.6025","-24.3579","1072.8822","450.0000","0.6516","44.7704","-15.82653290","-47.97136852","25.0906","3.9300","0.0000","0.0000","674.1045"
"42.150","67.6522","11","-0.9360","-0.3686","-1.1210","26.1987","-27.4537","1072.8392","450.0000","0.6498","39.2194","-15.82652535","-47.97136506","25.0891","3.9300","0.0000","0.0000","675.0167"
"42.200","67.6093","11","-1.0200","-0.4105","-1.1558","25.4857","-30.2185","1072.7917","450.0000","0.6048","35.6084","-15.82651762","-47.97136147","25.0875","3.9300","0.0000","0.0000","675.9235"
"42.250","67.6311","11","-1.0549","-0.3764","-1.1665","24.4946","-31.5926","1072.7668","450.0000","0.5598","34.0707","-15.82650982","-47.97135812","25.0859","3.9300","0.0000","0.0000","676.8271"
"42.300","66.9862","11","-1.0178","-0.3035","-1.1665","23.0587","-30.7874","1072.7581","450.0000","0.5904","34.6284","-15.82650198","-47.97135510","25.0844","3.9300","0.0000","0.0000","677.7322"
"42.350","65.8792","11","-0.9676","-0.1958","-1.1881","21.4659","-29.5125","1072.7388","450.0000","0.6462","35.5273","-15.82649425","-47.97135240","25.0828","3.9300","0.0000","0.0000","678.6432"
"42.400","65.3570","11","-0.9783","-0.1417","-1.1329","19.5234","-29.9975","1072.7504","450.0000","0.6840","34.6759","-15.82648634","-47.97135015","25.0812","3.9300","0.0000","0.0000","679.5557"
"42.450","65.1471","11","-0.9595","-0.0951","-1.1177","17.4407","-29.5331","1072.7418","450.0000","0.7002","35.1080","-15.82647834","-47.97134826","25.0797","3.9310","0.0000","0.0000","680.4562"
"42.500","64.9842","11","-0.8982","-0.0634","-1.1405","15.8742","-27.7223","1072.7141","457.0000","0.6696","37.3077","-15.82647031","-47.97134635","25.0781","3.9320","0.0000","0.0000","681.3479"
"42.550","65.2402","11","-0.9437","-0.0781","-1.1566","14.9232","-29.1843","1072.6714","460.0000","0.6138","35.5784","-15.82646232","-47.97134458","25.0797","3.9320","0.0000","0.0000","682.2354"
"42.600","65.9651","11","-1.1214","-0.1228","-1.1729","13.9991","-34.7697","1072.6348","460.0000","0.6048","30.1949","-15.82645422","-47.97134282","25.0812","3.9320","0.0000","0.0000","683.1185"
"42.650","65.4036","11","-1.1787","-0.1399","-1.1418","12.7048","-36.6880","1072.6442","460.0000","0.6246","28.3725","-15.82644618","-47.97134135","25.0828","3.9320","0.0000","0.0000","683.9935"
"42.700","64.3822","11","-1.1720","-0.1154","-1.1170","9.9405","-36.6307","1072.6501","460.0000","0.7848","27.9731","-15.82643816","-47.97134080","25.0844","3.9320","0.0000","0.0000","684.8657"
"42.750","64.0416","11","-1.2231","-0.1412","-1.0930","7.4766","-38.3621","1072.6549","460.0000","0.8280","26.5693","-15.82643023","-47.97134050","25.0859","3.9320","0.0000","0.0000","685.7382"
"42.800","63.7491","11","-1.2911","-0.2660","-1.0613","5.9887","-40.6910","1072.6420","460.0000","0.7776","24.9342","-15.82642219","-47.97134013","25.0875","3.9320","0.0000","0.0000","686.6062"
"42.850","63.3242","11","-1.2366","-0.2763","-1.0999","4.5069","-39.2866","1072.6022","460.0000","0.7038","25.6534","-15.82641440","-47.97133997","25.0891","3.9320","0.0000","0.0000","687.4673"
"42.900","62.7139","11","-1.1123","-0.1713","-1.0642","1.4773","-35.6183","1072.6133","460.0000","0.7848","28.0227","-15.82640655","-47.97134073","25.0906","3.9320","0.0000","0.0000","688.3281"
"42.950","62.9155","11","-0.9956","-0.0986","-0.9494","-1.2085","-32.0446","1072.6792","460.0000","0.8964","31.2481","-15.82639852","-47.97134157","25.0922","3.9320","0.0000","0.0000","689.1974"
"43.000","62.8100","11","-0.9194","-0.0597","-0.8835","-1.8940","-29.6763","1072.7029","460.0000","0.9288","33.6852","-15.82639052","-47.97134203","25.0938","3.9320","0.0000","0.0000","690.0773"
"43.050","62.1810","10","-0.8264","-0.0284","-0.8409","-1.9808","-26.7229","1072.7290","460.0000","0.9162","37.0335","-15.82638275","-47.97134222","25.0953","3.9320","0.0000","0.0000","690.9512"
"43.100","61.8180","10","-0.8224","-0.0386","-0.7032","-3.2120","-26.6193","1072.8137","460.0000","1.0116","36.9606","-15.82637490","-47.97134287","25.0969","3.9320","0.0000","0.0000","691.8151"
"43.150","61.9838","10","-0.8310","-0.0562","-0.5571","-4.0975","-26.9328","1072.9128","460.0000","1.1124","36.6283","-15.82636692","-47.97134358","25.0984","3.9320","0.0000","0.0000","692.6802"
"43.200","63.1286","10","-0.8652","0.0175","-0.3218","-4.7076","-28.0830","1073.0603","460.0000","1.2888","35.7768","-15.82635854","-47.97134420","25.1000","3.9320","0.0000","0.0000","693.5492"
"43.250","63.5812","10","-0.8332","0.0948","-0.2059","-7.0609","-27.0269","1073.1412","460.0000","1.4526","37.4415","-15.82635041","-47.97134579","25.1016","3.9320","0.0000","0.0000","694.4238"
"43.300","62.2321","9","-0.8267","0.0950","-0.1488","-10.6185","-26.7486","1073.1819","460.0000","1.5624","37.0283","-15.82634317","-47.97134857","25.1031","3.9320","0.0000","0.0000","695.3031"
"43.350","62.0661","10","-0.9516","0.0767","-0.0893","-12.9592","-30.7145","1073.2103","460.0000","1.4814","32.1611","-15.82633590","-47.97135123","25.1047","3.9320","0.0000","0.0000","696.1766"
"43.400","62.5312","10","-1.1587","0.0524","-0.0549","-13.6175","-37.3378","1073.2340","460.0000","1.3536","26.6544","-15.82632815","-47.97135329","25.1063","3.9320","0.0000","0.0000","697.0391"
"43.450","62.6810","10","-1.2736","0.0522","0.0045","-14.1363","-40.9927","1073.2635","460.0000","1.2636","24.3360","-15.82632056","-47.97135546","25.1078","3.9320","0.0000","0.0000","697.8977"
"43.500","63.2618","10","-1.2877","-0.0231","0.0367","-15.0500","-41.4147","1073.2871","460.0000","1.1736","24.3113","-15.82631286","-47.97135787","25.1094","3.9320","0.0000","0.0000","698.7567"
"43.550","63.5646","10","-1.3347","-0.1268","0.0464","-16.5038","-42.9809","1073.3068","460.0000","1.1178","23.5375","-15.82630533","-47.97136077","25.1078","3.9320","0.0000","0.0000","699.6139"
"43.600","62.3623","11","-1.4579","-0.1463","0.0478","-20.6899","-47.1537","1073.2866","460.0000","1.1520","21.0488","-15.82629900","-47.97136529","25.1063","3.9320","0.0000","0.0000","700.4703"
"43.650","61.7522","11","-1.5224","-0.1242","0.0267","-24.3888","-49.4741","1073.2688","460.0000","1.1358","19.8653","-15.82629266","-47.97137011","25.1047","3.9320","0.0000","0.0000","701.3268"
"43.700","61.9232","10","-1.5561","-0.0769","0.0353","-27.3074","-50.7836","1073.2595","460.0000","1.0908","19.4066","-15.82628629","-47.97137493","25.1031","3.9320","0.0000","0.0000","702.1840"
"43.750","61.7911","11","-1.6592","-0.0097","-0.0188","-29.2349","-54.3046","1073.2302","460.0000","1.0116","18.1096","-15.82628003","-47.97137967","25.1016","3.9320","0.0000","0.0000","703.0434"
"43.800","61.6030","11","-1.7058","0.0140","-0.0812","-31.4603","-55.8901","1073.1760","460.0000","0.9000","17.5423","-15.82627398","-47.97138467","25.1000","3.9320","0.0000","0.0000","703.9050"
"43.850","61.6911","11","-1.5223","0.0385","0.0378","-34.1546","-49.9043","1073.2549","460.0000","0.8838","19.6745","-15.82626796","-47.97138992","25.0984","3.9320","0.0000","0.0000","704.7683"
"43.900","61.6353","11","-1.2463","0.0659","0.1412","-36.2053","-40.8326","1073.3163","460.0000","0.8136","24.0239","-15.82626209","-47.97139516","25.0969","3.9320","0.0000","0.0000","705.6320"
"43.950","61.7756","11","-1.0331","0.0268","0.1585","-38.0271","-33.7981","1073.3224","460.0000","0.7236","29.0901","-15.82625638","-47.97140059","25.0953","3.9320","0.0000","0.0000","706.4944"
"44.000","61.9859","11","-0.8915","0.0318","0.1355","-39.1667","-29.1519","1073.3060","460.0000","0.6408","33.8413","-15.82625058","-47.97140606","25.0938","3.9320","0.0000","0.0000","707.3577"
"44.050","62.1001","11","-0.8224","0.0596","0.0911","-40.4264","-26.8702","1073.2847","460.0000","0.5958","36.7826","-15.82624493","-47.97141167","25.0922","3.9320","0.0000","0.0000","708.2245"
"44.100","62.2449","11","-0.8853","0.0474","0.1243","-41.7228","-28.8839","1073.2947","460.0000","0.5508","34.2980","-15.82623933","-47.97141741","25.0906","3.9320","0.0000","0.0000","709.0948"
"44.150","62.1365","11","-0.8594","0.0497","0.1489","-43.0500","-28.0089","1073.3221","460.0000","0.5400","35.3078","-15.82623392","-47.97142325","25.0891","3.9320","0.0000","0.0000","709.9695"
"44.200","62.0097","11","-0.7562","0.0935","0.1547","-44.9537","-24.6125","1073.3290","460.0000","0.5760","40.0981","-15.82622875","-47.97142946","25.0875","3.9320","0.0000","0.0000","710.8453"
"44.250","62.3008","11","-0.6669","0.0794","0.1789","-46.4401","-21.6511","1073.3467","460.0000","0.5598","45.7966","-15.82622358","-47.97143573","25.0859","3.9320","0.0000","0.0000","711.7205"
"44.300","62.4826","11","-0.6035","0.0664","0.2002","-47.3290","-19.5525","1073.3625","460.0000","0.5148","50.8600","-15.82621838","-47.97144189","25.0844","3.9320","0.0000","0.0000","712.5997"
"44.350","62.8069","11","-0.5325","0.1104","0.2420","-47.8649","-17.2228","1073.3895","460.0000","0.4356","58.0396","-15.82621318","-47.97144814","25.0828","3.9320","0.0000","0.0000","713.4820"
"44.400","63.1847","11","-0.4089","0.1000","0.2520","-48.0809","-13.1862","1073.4099","460.0000","0.4248","76.2628","-15.82620798","-47.97145434","25.0812","3.9320","0.0000","0.0000","714.3643"
"44.450","62.9541","11","-0.2597","0.0991","0.2961","-48.7125","-8.3534","1073.4298","460.0000","0.3960","119.9443","-15.82620288","-47.97146056","25.0797","3.9320","0.0000","0.0000","715.2516"
"44.500","63.0884","11","-0.1036","0.0994","0.3027","-49.1031","-3.3233","1073.4349","460.0000","0.4212","302.1379","-15.82619782","-47.97146684","25.0781","3.9320","0.0000","0.0000","716.1426"
"44.550","63.5776","11","0.0095","0.0920","0.3410","-49.0099","0.3046","1073.4792","460.0000","0.4320","3321.9438","-15.82619248","-47.97147311","25.0781","3.9320","0.0000","0.0000","717.0341"
"44.600","63.5458","11","0.1145","0.1171","0.4094","-49.0123","3.6505","1073.5177","460.0000","0.4320","277.0471","-15.82618721","-47.97147928","25.0781","3.9320","0.0000","0.0000","717.9297"
"44.650","63.5593","11","0.2017","0.1196","0.4097","-48.6089","6.4092","1073.5355","460.0000","0.4320","157.8334","-15.82618192","-47.97148545","25.0781","3.9320","0.0000","0.0000","718.8306"
"44.700","64.2092","11","0.2615","0.0985","0.3848","-48.0866","8.2853","1073.5156","460.0000","0.4320","123.3411","-15.82617657","-47.97149174","25.0781","3.9320","0.0000","0.0000","719.7339"
"44.750","64.0690","11","0.3315","0.1242","0.4248","-47.6012","10.4758","1073.5535","460.0000","0.4320","97.3377","-15.82617107","-47.97149775","25.0781","3.9320","0.0000","0.0000","720.6375"
"44.800","64.2231","11","0.4392","0.1311","0.4461","-47.1608","13.8329","1073.5724","460.0000","0.4320","73.8922","-15.82616556","-47.97150384","25.0781","3.9320","0.0000","0.0000","721.5385"
"44.850","64.7428","11","0.5009","0.1205","0.4430","-46.2129","15.7192","1073.5800","460.0000","0.4320","65.5513","-15.82615979","-47.97150986","25.0781","3.9320","0.0000","0.0000","722.4413"
"44.900","64.9462","11","0.6018","0.1102","0.4196","-45.2819","18.8263","1073.5769","460.0000","0.4320","54.9048","-15.82615398","-47.97151580","25.0781","3.9320","0.0000","0.0000","723.3478"
"44.950","65.1556","11","0.6929","0.0666","0.4109","-44.2404","21.6142","1073.5638","460.0000","0.4320","47.9768","-15.82614815","-47.97152173","25.0781","3.9320","0.0000","0.0000","724.2533"
"45.000","65.0277","10","0.7824","0.0372","0.3986","-42.8787","24.3693","1073.5626","460.0000","0.4392","42.4693","-15.82614200","-47.97152718","25.0781","3.9320","0.0000","0.0000","725.1589"
"45.050","64.7520","11","0.8356","0.0684","0.4131","-41.8808","26.0020","1073.5862","460.0000","0.5004","39.6340","-15.82613590","-47.97153253","25.0781","3.9320","0.0000","0.0000","726.0674"
"45.100","65.2819","11","0.8247","0.0457","0.4165","-40.7375","25.6203","1073.5966","460.0000","0.5148","40.5536","-15.82612953","-47.97153793","25.0781","3.9320","0.0000","0.0000","726.9757"
"45.150","65.2996","10","0.8791","0.0243","0.4375","-39.1833","27.2818","1073.6117","460.0000","0.5040","38.0941","-15.82612307","-47.97154299","25.0781","3.9320","0.0000","0.0000","727.8835"
"45.200","65.0711","11","0.9191","0.0592","0.4583","-37.4029","28.5090","1073.6376","460.0000","0.5112","36.3267","-15.82611641","-47.97154788","25.0781","3.9320","0.0000","0.0000","728.7916"
"45.250","65.3185","11","0.9679","0.0264","0.5235","-35.6733","29.9834","1073.7054","460.0000","0.5400","34.6717","-15.82610946","-47.97155245","25.0781","3.9320","0.0000","0.0000","729.6973"
"45.300","65.4986","11","0.9732","0.0147","0.5198","-34.2963","30.1370","1073.7128","460.0000","0.5148","34.5901","-15.82610252","-47.97155698","25.0781","3.9320","0.0000","0.0000","730.6033"
"45.350","65.2475","10","1.0082","0.0133","0.4707","-33.5089","31.2180","1073.7001","460.0000","0.5382","33.2643","-15.82609571","-47.97156147","25.0781","3.9320","0.0000","0.0000","731.5089"
"45.400","65.4197","10","1.0379","0.0013","0.5131","-32.3391","32.1370","1073.7426","460.0000","0.5472","32.3984","-15.82608863","-47.97156584","25.0781","3.9320","0.0000","0.0000","732.4114"
"45.450","65.3141","11","1.0698","-0.0086","0.5328","-30.3481","33.1358","1073.7676","460.0000","0.6084","31.3711","-15.82608133","-47.97156975","25.0781","3.9310","0.0000","0.0000","733.3151"
"45.500","65.1130","11","1.1031","-0.0241","0.5510","-27.5450","34.1882","1073.7950","460.0000","0.7236","30.3118","-15.82607390","-47.97157312","25.0781","3.9300","0.0000","0.0000","734.2219"
"45.550","65.4725","11","1.1071","-0.0284","0.5098","-25.9454","34.3467","1073.8003","460.0000","0.7218","30.3385","-15.82606637","-47.97157669","25.0805","3.9310","0.0000","0.0000","735.1319"
"45.600","65.0228","11","1.1055","0.0069","0.5403","-24.7577","34.3327","1073.8109","460.0000","0.7200","30.1424","-15.82605885","-47.97157988","25.0828","3.9320","0.0000","0.0000","736.0419"
"45.650","64.9394","11","1.0903","0.0291","0.5415","-23.2235","33.8605","1073.8479","460.0000","0.6876","30.5236","-15.82605127","-47.97158294","25.0852","3.9320","0.0000","0.0000","736.9529"
"45.700","65.1234","11","1.0809","0.0367","0.5641","-21.4563","33.5536","1073.8685","460.0000","0.6480","30.8900","-15.82604346","-47.97158577","25.0875","3.9320","0.0000","0.0000","737.8661"
"45.750","65.4731","11","0.9816","0.0601","0.4979","-19.6170","30.4505","1073.8345","460.0000","0.6480","34.2206","-15.82603568","-47.97158842","25.0898","3.9320","0.0000","0.0000","738.7808"
"45.800","65.6329","11","0.8675","0.0796","0.5157","-18.4976","26.8720","1073.8792","460.0000","0.6120","38.8724","-15.82602770","-47.97159088","25.0922","3.9320","0.0000","0.0000","739.6990"
"45.850","65.4449","11","0.7427","0.0829","0.5180","-17.2156","22.9628","1073.8842","460.0000","0.5958","45.3599","-15.82601982","-47.97159313","25.0945","3.9320","0.0000","0.0000","740.6200"
"45.900","65.7820","11","0.6390","0.0993","0.4878","-16.1497","19.7151","1073.8696","460.0000","0.5508","53.1040","-15.82601180","-47.97159546","25.0969","3.9320","0.0000","0.0000","741.5443"
"45.950","65.6688","11","0.6199","0.1110","0.4817","-15.3535","19.0759","1073.8462","460.0000","0.5058","54.7891","-15.82600391","-47.97159762","25.0992","3.9320","0.0000","0.0000","742.4716"
"46.000","65.9519","12","0.6007","0.1187","0.4556","-14.5218","18.4316","1073.8541","460.0000","0.4680","56.9488","-15.82599578","-47.97159964","25.1016","3.9320","0.0000","0.0000","743.3969"
"46.050","66.2694","12","0.4991","0.1121","0.4354","-13.6296","15.2693","1073.8580","460.0000","0.4680","69.0741","-15.82598759","-47.97160152","25.1039","3.9320","0.0000","0.0000","744.3187"
"46.100","66.3290","11","0.4356","0.0756","0.4487","-13.0580","13.2846","1073.8822","460.0000","0.4428","79.4646","-15.82597943","-47.97160334","25.1063","3.9320","0.0000","0.0000","745.2402"
"46.150","66.7991","12","0.4325","0.0597","0.4216","-12.3428","13.1650","1073.8705","460.0000","0.4320","80.7551","-15.82597118","-47.97160514","25.1086","3.9320","0.0000","0.0000","746.1594"
"46.200","66.8297","11","0.4437","0.0300","0.4438","-11.4312","13.4871","1073.8971","460.0000","0.4320","78.8628","-15.82596291","-47.97160670","25.1109","3.9320","0.0000","0.0000","747.0737"
"46.250","66.4202","11","0.4919","-0.0067","0.4342","-11.0463","14.9447","1073.8702","460.0000","0.4320","70.7347","-15.82595488","-47.97160835","25.1133","3.9310","0.0000","0.0000","747.9812"
"46.300","66.3659","11","0.5049","-0.0815","0.3965","-10.0706","15.3444","1073.8599","460.0000","0.4572","68.8359","-15.82594668","-47.97160970","25.1156","3.9300","0.0000","0.0000","748.8813"
"46.350","66.4003","11","0.5690","-0.1446","0.3980","-9.2531","17.3340","1073.8551","460.0000","0.4680","60.9666","-15.82593844","-47.97161097","25.1180","3.9300","0.0000","0.0000","749.7770"
"46.400","65.9850","11","0.6165","-0.1632","0.4100","-8.5401","18.8556","1073.8650","460.0000","0.5112","55.6961","-15.82593022","-47.97161205","25.1203","3.9300","0.0000","0.0000","750.6697"
"46.450","65.6486","11","0.6619","-0.1911","0.3917","-7.2283","20.3360","1073.8617","460.0000","0.5400","51.3785","-15.82592213","-47.97161286","25.1227","3.9290","0.0000","0.0000","751.5579"
"46.500","65.0381","11","0.6770","-0.1805","0.3723","-6.2893","20.9120","1073.8534","460.0000","0.5400","49.4985","-15.82591418","-47.97161358","25.1250","3.9280","0.0000","0.0000","752.4417"
"46.550","64.5673","11","0.7047","-0.1653","0.3738","-5.2009","21.8777","1073.8403","460.0000","0.5742","46.9712","-15.82590617","-47.97161417","25.1266","3.9290","0.0000","0.0000","753.3167"
"46.600","64.3711","11","0.7398","-0.1906","0.3622","-3.8859","23.0757","1073.8521","460.0000","0.6552","44.3973","-15.82589825","-47.97161451","25.1281","3.9300","0.0000","0.0000","754.1801"
"46.650","64.1149","11","0.7516","-0.2233","0.3754","-2.7844","23.5717","1073.8719","460.0000","0.7326","43.2900","-15.82589025","-47.97161460","25.1297","3.9300","0.0000","0.0000","755.0276"
"46.700","63.8759","11","0.7872","-0.2897","0.3845","-1.5531","24.8482","1073.8904","460.0000","0.7920","40.9131","-15.82588221","-47.97161459","25.1313","3.9300","0.0000","0.0000","755.8580"
"46.750","63.5066","11","0.7587","-0.3807","0.4214","-0.4521","24.1459","1073.9244","460.0000","0.8262","41.8595","-15.82587438","-47.97161442","25.1328","3.9300","0.0000","0.0000","756.6727"
"46.800","62.5048","11","0.7971","-0.4342","0.4398","0.6336","25.6539","1073.9462","460.0000","0.8280","38.7775","-15.82586690","-47.97161400","25.1344","3.9300","0.0000","0.0000","757.4752"
"46.850","61.6973","12","0.8340","-0.4575","0.4633","1.9298","27.1757","1073.9590","460.0000","0.8442","36.1331","-15.82585940","-47.97161355","25.1359","3.9300","0.0000","0.0000","758.2669"
"46.900","60.4517","11","0.8387","-0.4721","0.4903","3.8358","27.7033","1073.9701","460.0000","1.0656","34.7294","-15.82585230","-47.97161259","25.1375","3.9300","0.0000","0.0000","759.0493"
"46.950","59.1370","11","0.9097","-0.4792","0.5641","5.5538","30.4667","1074.0027","460.0000","1.1520","30.8926","-15.82584550","-47.97161136","25.1391","3.9310","0.0000","0.0000","759.8207"
"47.000","58.1148","11","0.9715","-0.5393","0.5792","6.8646","33.0185","1074.0166","460.0000","1.1808","28.0123","-15.82583860","-47.97161020","25.1406","3.9320","0.0000","0.0000","760.5771"
"47.050","57.3470","12","1.0340","-0.6031","0.5881","8.4347","35.7443","1074.0206","460.0000","1.1358","25.5343","-15.82583198","-47.97160866","25.1422","3.9320","0.0000","0.0000","761.3092"
"47.100","56.7380","12","1.1035","-0.6418","0.5871","10.1561","38.8720","1074.0232","460.0000","1.1160","23.2304","-15.82582534","-47.97160691","25.1437","3.9320","0.0000","0.0000","762.0198"
"47.150","55.9583","12","1.1815","-0.6432","0.6012","12.3419","42.4741","1074.0203","460.0000","1.0818","20.9682","-15.82581904","-47.97160479","25.1453","3.9320","0.0000","0.0000","762.7167"
"47.200","55.1028","12","1.2448","-0.5883","0.5440","14.7511","45.6889","1073.9835","460.0000","1.0872","19.1948","-15.82581305","-47.97160235","25.1469","3.9320","0.0000","0.0000","763.4100"
"47.250","53.6908","12","1.3037","-0.5714","0.5625","16.8544","48.7997","1073.9882","460.0000","0.9558","17.5107","-15.82580722","-47.97159977","25.1484","3.9330","0.0000","0.0000","764.1057"
"47.300","51.9130","12","1.3719","-0.5572","0.5852","20.2098","52.3729","1073.9779","460.0000","0.9864","15.7757","-15.82580199","-47.97159670","25.1500","3.9340","0.0000","0.0000","764.8025"
"47.350","50.3164","12","1.4254","-0.4679","0.5148","23.3032","55.4774","1073.9485","460.0000","1.0422","14.4349","-15.82579693","-47.97159363","25.1516","3.9340","0.0000","0.0000","765.4940"
"47.400","49.8577","12","1.4537","-0.3500","0.5025","25.6767","57.5192","1073.9434","460.0000","1.1088","13.7956","-15.82579174","-47.97159035","25.1531","3.9340","0.0000","0.0000","766.1821"
"47.450","49.9330","12","1.4221","-0.2357","0.4787","28.2351","56.9768","1073.9238","460.0000","1.0638","13.9479","-15.82578643","-47.97158694","25.1547","3.9340","0.0000","0.0000","766.8757"
"47.500","50.2864","12","1.3685","-0.1495","0.3935","31.1047","55.3245","1073.8729","460.0000","1.0188","14.4662","-15.82578121","-47.97158310","25.1562","3.9340","0.0000","0.0000","767.5701"
"47.550","50.1511","11","1.3450","-0.0704","0.3059","33.5826","54.7062","1073.8229","460.0000","0.9738","14.5903","-15.82577630","-47.97157928","25.1539","3.9340","0.0000","0.0000","768.2596"
"47.600","49.4330","10","1.3022","0.0065","0.2313","36.3750","53.1235","1073.7632","460.0000","0.9720","14.8099","-15.82577188","-47.97157531","25.1516","3.9340","0.0000","0.0000","768.9447"
"47.650","49.6501","11","1.2593","0.0567","0.1624","39.0596","51.3949","1073.7133","460.0000","0.9558","15.3752","-15.82576733","-47.97157096","25.1492","3.9340","0.0000","0.0000","769.6296"
"47.700","50.1919","10","1.2415","0.0862","0.0924","41.0716","50.5956","1073.6884","460.0000","0.9108","15.7885","-15.82576268","-47.97156645","25.1469","3.9340","0.0000","0.0000","770.3170"
"47.750","49.8209","10","1.2531","0.0400","0.0151","43.7202","50.9532","1073.6331","460.0000","0.9000","15.5618","-15.82575863","-47.97156189","25.1445","3.9340","0.0000","0.0000","771.0052"
"47.800","49.4245","10","1.2676","-0.0147","-0.0370","46.9263","51.5264","1073.5807","460.0000","0.9000","15.2663","-15.82575491","-47.97155711","25.1422","3.9340","0.0000","0.0000","771.6915"
"47.850","49.2193","10","1.2125","-0.0507","-0.0688","50.0441","49.3547","1073.5641","460.0000","0.8838","15.8718","-15.82575136","-47.97155196","25.1398","3.9340","0.0000","0.0000","772.3712"
"47.900","49.4048","11","1.1578","-0.0602","-0.1002","52.4357","47.2573","1073.5420","460.0000","0.8136","16.6387","-15.82574789","-47.97154677","25.1375","3.9340","0.0000","0.0000","773.0452"
"47.950","49.6091","11","1.1537","-0.0062","-0.1351","53.4000","47.2206","1073.5004","460.0000","0.7236","16.7205","-15.82574430","-47.97154161","25.1352","3.9340","0.0000","0.0000","773.7184"
"48.000","49.5291","11","1.1547","-0.0393","-0.2986","55.8150","47.3087","1073.3950","460.0000","0.7560","16.6625","-15.82574132","-47.97153639","25.1328","3.9340","0.0000","0.0000","774.3954"
"48.050","49.2587","12","1.1707","-0.1289","-0.3800","58.4464","48.0857","1073.3319","460.0000","0.7560","16.3038","-15.82573863","-47.97153095","25.1305","3.9340","0.0000","0.0000","775.0750"
"48.100","48.6506","12","1.1944","-0.1301","-0.5031","61.0938","49.3360","1073.2478","460.0000","0.7560","15.6944","-15.82573621","-47.97152551","25.1281","3.9340","0.0000","0.0000","775.7509"
"48.150","48.3453","12","1.1993","-0.0201","-0.7696","63.1454","49.8037","1073.0736","460.0000","0.8244","15.4494","-15.82573417","-47.97152019","25.1258","3.9340","0.0000","0.0000","776.4263"
"48.200","48.5380","11","1.2100","0.0318","-0.9437","65.8144","50.3126","1072.9159","460.0000","0.9072","15.3541","-15.82573222","-47.97151462","25.1234","3.9340","0.0000","0.0000","777.1147"
"48.250","48.9415","11","1.3078","0.0628","-0.9988","69.5820","54.3528","1072.8558","460.0000","0.9360","14.3310","-15.82573078","-47.97150854","25.1211","3.9330","0.0000","0.0000","777.8148"
"48.300","48.9755","11","1.3436","0.0993","-1.0766","72.2173","55.7616","1072.7880","460.0000","0.9108","13.9786","-15.82572953","-47.97150248","25.1187","3.9320","0.0000","0.0000","778.5074"
"48.350","48.2485","11","1.3479","0.1303","-1.0410","74.2272","55.7896","1072.7942","460.0000","0.9000","13.7642","-15.82572826","-47.97149641","25.1164","3.9320","0.0000","0.0000","779.1901"
"48.400","48.7545","11","1.2463","0.1416","-1.0110","76.8889","51.3888","1072.7864","460.0000","1.0224","15.0996","-15.82572727","-47.97149002","25.1141","3.9320","0.0000","0.0000","779.8688"
"48.450","50.3852","11","1.1573","0.1247","-1.1192","79.0681","47.5146","1072.6685","460.0000","1.0638","16.8770","-15.82572645","-47.97148351","25.1117","3.9320","0.0000","0.0000","780.5454"
"48.500","50.3953","11","1.1679","0.0764","-1.1646","81.3356","47.7717","1072.6125","460.0000","1.0188","16.7896","-15.82572604","-47.97147711","25.1094","3.9320","0.0000","0.0000","781.2219"
"48.550","49.3154","11","1.1918","-0.0182","-1.3049","85.1900","48.6574","1072.5098","460.0000","1.0764","16.1307","-15.82572639","-47.97147113","25.1094","3.9320","0.0000","0.0000","781.8967"
"48.600","48.8499","11","1.1811","-0.0937","-1.4529","86.7658","48.3079","1072.3973","460.0000","1.1088","16.0941","-15.82572650","-47.97146511","25.1094","3.9320","0.0000","0.0000","782.5680"
"48.650","48.7777","11","1.1543","-0.1392","-1.4276","88.4296","47.4143","1072.3990","460.0000","1.0800","16.3731","-15.82572662","-47.97145881","25.1094","3.9320","0.0000","0.0000","783.2338"
"48.700","48.7265","11","1.1513","-0.1199","-1.3778","91.2858","47.5690","1072.4087","460.0000","1.1052","16.3028","-15.82572728","-47.97145252","25.1094","3.9320","0.0000","0.0000","783.9005"
"48.750","48.7278","11","1.1183","-0.0850","-1.3824","93.6161","46.4326","1072.3801","460.0000","1.0476","16.7022","-15.82572811","-47.97144631","25.1094","3.9320","0.0000","0.0000","784.5716"
"48.800","48.4594","11","1.0325","-0.0968","-1.4455","96.1948","43.0333","1072.3490","460.0000","1.0080","17.9223","-15.82572929","-47.97144031","25.1094","3.9320","0.0000","0.0000","785.2435"
"48.850","48.1281","11","1.0070","-0.0833","-1.4976","98.9507","42.1420","1072.2988","460.0000","0.9918","18.1762","-15.82573083","-47.97143444","25.1094","3.9320","0.0000","0.0000","785.9143"
"48.900","47.7630","11","1.0255","-0.0118","-1.5597","100.4376","43.0669","1072.2565","460.0000","0.9216","17.6509","-15.82573228","-47.97142860","25.1094","3.9320","0.0000","0.0000","786.5852"
"48.950","48.2410","11","1.0569","0.0548","-1.5511","101.8834","44.4213","1072.2300","460.0000","0.8658","17.2841","-15.82573382","-47.97142242","25.1094","3.9320","0.0000","0.0000","787.2592"
"49.000","48.4870","11","1.1549","0.0322","-1.6196","103.9135","48.4827","1072.1807","460.0000","0.9360","15.9169","-15.82573573","-47.97141648","25.1094","3.9320","0.0000","0.0000","787.9347"
"49.050","48.3156","11","1.2597","0.0190","-1.7146","106.5568","52.8698","1072.0964","460.0000","1.0476","14.5446","-15.82573807","-47.97141079","25.1094","3.9320","0.0000","0.0000","788.6072"
"49.100","48.2670","11","1.2404","0.0335","-1.7039","108.9091","52.0651","1072.0614","460.0000","0.9576","14.7545","-15.82574058","-47.97140508","25.1094","3.9320","0.0000","0.0000","789.2820"
"49.150","48.2186","11","1.2049","0.0530","-1.7056","112.5742","50.5541","1072.0377","460.0000","0.9702","15.1802","-15.82574355","-47.97139962","25.1094","3.9320","0.0000","0.0000","789.9589"
"49.200","48.8265","11","1.2134","0.0849","-1.6694","116.5543","50.8414","1072.0164","460.0000","1.0368","15.2847","-15.82574720","-47.97139407","25.1094","3.9320","0.0000","0.0000","790.6342"
"49.250","48.4782","11","1.1989","0.0963","-1.7082","118.9925","50.1120","1071.9756","460.0000","0.9756","15.3966","-15.82575066","-47.97138894","25.1094","3.9320","0.0000","0.0000","791.3077"
"49.300","48.3911","11","1.1846","0.0745","-1.7397","120.6796","49.3815","1071.9368","460.0000","0.9108","15.5963","-15.82575401","-47.97138385","25.1094","3.9320","0.0000","0.0000","791.9828"
"49.350","48.8150","11","1.1658","0.0399","-1.6952","122.1854","48.5038","1071.9360","460.0000","0.9000","16.0176","-15.82575759","-47.97137853","25.1094","3.9320","0.0000","0.0000","792.6611"
"49.400","48.7610","11","1.0864","-0.0141","-1.7110","123.5961","45.1803","1071.9091","462.0000","0.8712","17.1768","-15.82576119","-47.97137344","25.1094","3.9320","0.0000","0.0000","793.3423"
"49.450","48.4888","11","1.0218","0.0188","-1.6749","126.0926","42.5355","1071.9226","470.0000","0.9000","18.1431","-15.82576526","-47.97136871","25.1094","3.9320","0.0000","0.0000","794.0272"
"49.500","48.4869","11","1.0055","0.0445","-1.6537","128.4302","41.8455","1071.9199","470.0000","0.9000","18.4415","-15.82576938","-47.97136411","25.1094","3.9320","0.0000","0.0000","794.7164"
"49.550","48.6878","11","1.0144","0.0488","-1.6549","131.0196","42.1705","1071.8865","470.0000","0.9000","18.3752","-15.82577393","-47.97135959","25.1117","3.9310","0.0000","0.0000","795.4119"
"49.600","49.0054","11","0.9452","0.1093","-1.6559","133.4700","39.2309","1071.8707","470.0000","0.9000","19.8808","-15.82577856","-47.97135525","25.1141","3.9300","0.0000","0.0000","796.1097"
"49.650","49.1605","11","0.9237","0.1563","-1.7001","135.6934","38.1953","1071.8372","470.0000","0.8838","20.4846","-15.82578343","-47.97135112","25.1164","3.9300","0.0000","0.0000","796.8049"
"49.700","49.3599","11","0.8628","0.2122","-1.6908","137.3304","35.4908","1071.8308","470.0000","0.8388","22.1349","-15.82578831","-47.97134700","25.1187","3.9300","0.0000","0.0000","797.4997"
"49.750","49.8630","11","0.7061","0.1812","-1.6535","138.3848","28.8327","1071.8242","470.0000","0.7596","27.5241","-15.82579314","-47.97134277","25.1211","3.9300","0.0000","0.0000","798.1942"
"49.800","50.3518","10","0.5363","0.1312","-1.6485","139.3933","21.7668","1071.8021","470.0000","0.7200","36.8164","-15.82579827","-47.97133853","25.1234","3.9300","0.0000","0.0000","798.8856"
"49.850","50.1600","11","0.4040","0.0720","-1.6862","139.9836","16.3307","1071.7535","470.0000","0.7038","48.8847","-15.82580314","-47.97133455","25.1258","3.9300","0.0000","0.0000","799.5736"
"49.900","49.9760","11","0.2796","-0.0141","-1.7271","140.6292","11.2739","1071.7070","470.0000","0.6840","70.5518","-15.82580807","-47.97133065","25.1281","3.9300","0.0000","0.0000","800.2570"
"49.950","50.0988","11","0.3263","-0.0946","-1.7563","140.9570","13.1675","1071.6727","470.0000","0.6498","60.5544","-15.82581306","-47.97132667","25.1305","3.9310","0.0000","0.0000","800.9363"
"50.000","49.9668","11","0.3992","-0.1524","-1.8559","142.0988","16.1716","1071.5946","470.0000","0.7344","49.1754","-15.82581819","-47.97132313","25.1328","3.9320","0.0000","0.0000","801.6192"
"50.050","49.6103","11","0.5286","-0.1611","-2.0238","143.3856","21.5375","1071.4885","470.0000","0.8244","36.6604","-15.82582339","-47.97131982","25.1352","3.9320","0.0000","0.0000","802.3136"
"50.100","49.5217","11","0.6383","-0.1056","-2.1493","144.0994","26.1567","1071.3960","470.0000","0.9144","30.1323","-15.82582863","-47.97131628","25.1375","3.9320","0.0000","0.0000","803.0194"
"50.150","48.7901","11","0.7058","-0.0155","-2.3013","145.8089","29.0338","1071.2821","470.0000","1.0044","26.7453","-15.82583388","-47.97131349","25.1398","3.9320","0.0000","0.0000","803.7389"
"50.200","48.8845","11","0.6641","0.1214","-2.3315","147.2525","27.3267","1071.2286","470.0000","1.0512","28.4711","-15.82583939","-47.97131051","25.1422","3.9320","0.0000","0.0000","804.4745"
"50.250","49.5233","11","0.5836","0.2661","-2.3277","148.5082","23.9073","1071.1942","470.0000","1.0962","32.9685","-15.82584505","-47.97130739","25.1445","3.9320","0.0000","0.0000","805.2247"
"50.300","50.3429","11","0.4789","0.4084","-2.3639","150.8404","19.4263","1071.1327","470.0000","1.1664","41.2448","-15.82585128","-47.97130492","25.1469","3.9320","0.0000","0.0000","805.9826"
"50.350","51.2037","11","0.3874","0.4654","-2.2932","151.6722","15.4860","1071.1444","470.0000","1.1196","52.6238","-15.82585738","-47.97130183","25.1492","3.9320","0.0000","0.0000","806.7468"
"50.400","52.4000","11","0.2849","0.4949","-2.1378","150.9547","11.2117","1071.1935","480.0000","1.1016","74.3839","-15.82586328","-47.97129803","25.1516","3.9320","0.0000","0.0000","807.5165"
"50.450","53.6295","12","0.1846","0.5250","-2.0466","150.7775","7.1465","1071.2031","480.0000","1.0278","119.4349","-15.82586944","-47.97129423","25.1539","3.9320","0.0000","0.0000","808.2896"
"50.500","54.3380","12","0.1384","0.4862","-1.9639","150.5838","5.2604","1071.2297","480.0000","0.9324","164.4020","-15.82587554","-47.97129047","25.1562","3.9320","0.0000","0.0000","809.0654"
"50.550","54.7649","12","0.1023","0.4074","-1.9035","151.1388","3.8261","1071.2433","480.0000","0.8316","227.8051","-15.82588173","-47.97128713","25.1586","3.9310","0.0000","0.0000","809.8470"
"50.600","55.2781","12","0.0438","0.3295","-1.8603","151.5991","1.6171","1071.2458","480.0000","0.7416","544.0439","-15.82588800","-47.97128371","25.1609","3.9300","0.0000","0.0000","810.6340"
"50.650","55.6078","12","0.0528","0.2290","-1.8315","152.4087","1.9274","1071.2429","480.0000","0.6678","459.1805","-15.82589449","-47.97128048","25.1633","3.9300","0.0000","0.0000","811.4243"
"50.700","55.6703","12","0.0814","0.1683","-1.8515","152.9243","2.9518","1071.2102","480.0000","0.6228","300.1649","-15.82590079","-47.97127727","25.1656","3.9300","0.0000","0.0000","812.2191"
"50.750","55.9691","12","0.0932","0.1399","-1.8194","152.6022","3.3622","1071.2167","480.0000","0.6120","264.9367","-15.82590705","-47.97127372","25.1680","3.9310","0.0000","0.0000","813.0173"
"50.800","56.5996","12","0.1085","0.1244","-1.7837","152.4094","3.9001","1071.2169","480.0000","0.5688","230.9692","-15.82591341","-47.97127014","25.1703","3.9320","0.0000","0.0000","813.8176"
"50.850","56.7587","11","0.0672","0.1178","-1.7761","152.5123","2.4072","1071.1965","480.0000","0.5400","375.2652","-15.82591983","-47.97126677","25.1727","3.9320","0.0000","0.0000","814.6213"
"50.900","57.0724","11","-0.0475","0.1514","-1.7514","152.2209","-1.6920","1071.1747","480.0000","0.5148","536.8307","-15.82592624","-47.97126322","25.1750","3.9320","0.0000","0.0000","815.4293"
"50.950","57.3832","12","-0.0976","0.1735","-1.7584","152.0624","-3.4631","1071.1403","480.0000","0.5040","263.7165","-15.82593270","-47.97125966","25.1773","3.9320","0.0000","0.0000","816.2423"
"51.000","57.5694","12","-0.1399","0.1596","-1.7574","152.1412","-4.9400","1071.1134","480.0000","0.5040","185.4752","-15.82593911","-47.97125614","25.1797","3.9320","0.0000","0.0000","817.0602"
"51.050","57.7102","11","-0.1143","0.1658","-1.7840","152.1754","-4.0183","1071.0646","480.0000","0.5040","228.5776","-15.82594561","-47.97125274","25.1820","3.9320","0.0000","0.0000","817.8818"
"51.100","57.9834","11","-0.1142","0.1572","-1.7980","151.8327","-3.9900","1071.0215","480.0000","0.5040","231.2853","-15.82595205","-47.97124906","25.1844","3.9320","0.0000","0.0000","818.7059"
"51.150","58.3545","11","-0.0958","0.1438","-1.8017","151.4850","-3.3343","1070.9911","480.0000","0.5040","278.5403","-15.82595853","-47.97124525","25.1867","3.9320","0.0000","0.0000","819.5344"
"51.200","58.7291","12","-0.1113","0.1463","-1.7908","151.4738","-3.8546","1070.9706","480.0000","0.4968","242.4903","-15.82596515","-47.97124159","25.1891","3.9320","0.0000","0.0000","820.3668"
"51.250","59.0757","12","-0.1596","0.1633","-1.7452","151.1916","-5.5034","1070.9570","480.0000","0.4680","170.8427","-15.82597171","-47.97123773","25.1914","3.9310","0.0000","0.0000","821.2038"
"51.300","59.1999","12","-0.1893","0.1984","-1.7667","150.5446","-6.4958","1070.9266","480.0000","0.4680","145.0471","-15.82597818","-47.97123378","25.1938","3.9300","0.0000","0.0000","822.0467"
"51.350","59.4197","12","-0.1771","0.1720","-1.7583","150.5703","-6.0417","1070.9083","480.0000","0.4680","156.5268","-15.82598475","-47.97123000","25.1961","3.9300","0.0000","0.0000","822.8936"
"51.400","59.8838","11","-0.1625","0.1502","-1.7457","150.2515","-5.5150","1070.9042","480.0000","0.4680","172.8162","-15.82599122","-47.97122586","25.1984","3.9300","0.0000","0.0000","823.7419"
"51.450","60.0419","11","-0.1720","0.1683","-1.6976","149.8022","-5.8121","1070.9052","480.0000","0.4842","164.4144","-15.82599767","-47.97122182","25.2008","3.9300","0.0000","0.0000","824.5928"
"51.500","60.4618","11","-0.1870","0.1567","-1.6907","149.4706","-6.2877","1070.8878","480.0000","0.5040","153.0409","-15.82600424","-47.97121767","25.2031","3.9300","0.0000","0.0000","825.4479"
"51.550","60.9519","11","-0.2092","0.1510","-1.6826","149.4470","-7.0019","1070.8765","480.0000","0.5040","138.5459","-15.82601093","-47.97121356","25.1984","3.9300","0.0000","0.0000","826.3107"
"51.600","61.0591","10","-0.2116","0.1815","-1.6673","148.8459","-7.0503","1070.8588","480.0000","0.5040","137.8365","-15.82601754","-47.97120936","25.1938","3.9300","0.0000","0.0000","827.1794"
"51.650","61.1290","10","-0.2430","0.1794","-1.6581","148.6625","-8.0552","1070.8519","480.0000","0.5040","120.7792","-15.82602405","-47.97120508","25.1891","3.9300","0.0000","0.0000","828.0495"
"51.700","61.3568","12","-0.2442","0.1758","-1.6417","148.3722","-8.0513","1070.8417","480.0000","0.5040","121.2871","-15.82603059","-47.97120076","25.1844","3.9300","0.0000","0.0000","828.9216"
"51.750","61.6531","12","-0.2566","0.1658","-1.6283","147.9043","-8.4181","1070.8298","480.0000","0.5040","116.5628","-15.82603725","-47.97119634","25.1797","3.9310","0.0000","0.0000","829.7946"
"51.800","62.5786","12","-0.2443","0.1451","-1.5629","146.9796","-7.9784","1070.8507","480.0000","0.6192","124.8328","-15.82604395","-47.97119144","25.1750","3.9320","0.0000","0.0000","830.6683"
"51.850","62.5800","12","-0.1825","0.1453","-1.5677","146.5668","-5.9359","1070.8323","480.0000","0.6156","167.7919","-15.82605041","-47.97118684","25.1703","3.9320","0.0000","0.0000","831.5458"
"51.900","62.7892","12","-0.1513","0.1321","-1.5780","146.7139","-4.8999","1070.8082","480.0000","0.5508","203.9476","-15.82605714","-47.97118239","25.1656","3.9320","0.0000","0.0000","832.4255"
"51.950","62.7491","12","-0.1239","0.0961","-1.6182","146.7388","-3.9971","1070.7468","480.0000","0.5400","249.8522","-15.82606369","-47.97117812","25.1609","3.9320","0.0000","0.0000","833.3066"
"52.000","62.9273","12","-0.0832","0.0892","-1.6252","146.2983","-2.6769","1070.7175","480.0000","0.5760","374.1353","-15.82607028","-47.97117339","25.1562","3.9320","0.0000","0.0000","834.1882"
"52.050","62.9789","12","-0.0269","0.0774","-1.6356","146.2402","-0.8652","1070.6995","480.0000","0.5760","1158.4830","-15.82607684","-47.97116882","25.1516","3.9320","0.0000","0.0000","835.0705"
"52.100","63.3082","12","0.0042","0.0417","-1.6447","146.6230","0.1334","1070.6671","480.0000","0.6012","7550.8320","-15.82608367","-47.97116439","25.1469","3.9320","0.0000","0.0000","835.9574"
"52.150","63.3720","12","0.0428","0.0444","-1.6615","146.5795","1.3710","1070.6019","480.0000","0.5778","735.6805","-15.82609034","-47.97115989","25.1422","3.9320","0.0000","0.0000","836.8491"
"52.200","63.4961","12","0.0419","0.0653","-1.7137","146.4993","1.3391","1070.5444","480.0000","0.5760","754.6884","-15.82609695","-47.97115535","25.1375","3.9320","0.0000","0.0000","837.7435"
"52.250","63.4513","12","0.0006","0.1011","-1.7467","146.1417","0.0205","1070.4838","480.0000","0.6084","10000.0000","-15.82610352","-47.97115069","25.1328","3.9320","0.0000","0.0000","838.6433"
"52.300","63.5869","12","-0.0609","0.1277","-1.7591","146.2865","-1.9345","1070.4396","480.0000","0.6480","523.1495","-15.82611017","-47.97114618","25.1281","3.9320","0.0000","0.0000","839.5475"
"52.350","64.1713","12","-0.0811","0.1004","-1.7745","146.4429","-2.5709","1070.4072","489.5000","0.6480","397.2556","-15.82611712","-47.97114148","25.1234","3.9320","0.0000","0.0000","840.4536"
"52.400","64.3094","12","-0.0417","0.1446","-1.7469","146.3528","-1.3181","1070.4122","490.0000","0.6408","776.4935","-15.82612379","-47.97113678","25.1187","3.9320","0.0000","0.0000","841.3628"
"52.450","64.5259","12","-0.0682","0.1853","-1.7486","146.2243","-2.1460","1070.3699","490.0000","0.5958","478.5580","-15.82613056","-47.97113205","25.1141","3.9320","0.0000","0.0000","842.2782"
"52.500","65.0373","12","-0.1042","0.1681","-1.7576","145.9437","-3.2616","1070.3293","490.0000","0.5508","317.3603","-15.82613747","-47.97112712","25.1094","3.9320","0.0000","0.0000","843.2003"
"52.550","65.1826","12","-0.0976","0.1438","-1.7595","145.5303","-3.0407","1070.2949","490.0000","0.5400","341.1736","-15.82614410","-47.97112217","25.1109","3.9320","0.0000","0.0000","844.1253"
"52.600","65.2490","12","-0.0541","0.1796","-1.7350","145.5200","-1.6801","1070.2894","490.0000","0.5328","618.1171","-15.82615091","-47.97111732","25.1125","3.9320","0.0000","0.0000","845.0468"
"52.650","65.6775","12","-0.0632","0.1801","-1.7239","145.5204","-1.9518","1070.2643","490.0000","0.5040","535.5457","-15.82615782","-47.97111247","25.1141","3.9310","0.0000","0.0000","845.9712"
"52.700","66.0865","12","-0.0424","0.1739","-1.7209","145.6471","-1.3050","1070.2471","490.0000","0.5040","805.9664","-15.82616479","-47.97110758","25.1156","3.9300","0.0000","0.0000","846.9048"
"52.750","66.8026","12","-0.0015","0.1369","-1.6962","145.7603","-0.0472","1070.2157","490.0000","0.5040","10000.0000","-15.82617189","-47.97110266","25.1172","3.9300","0.0000","0.0000","847.8421"
"52.800","66.5530","12","0.0051","0.1087","-1.6945","145.3946","0.1558","1070.1971","490.0000","0.5040","6799.8086","-15.82617862","-47.97109760","25.1187","3.9300","0.0000","0.0000","848.7764"
"52.850","66.1634","12","0.0176","0.1181","-1.6730","145.3280","0.5354","1070.2219","490.0000","0.5040","1966.6746","-15.82618535","-47.97109270","25.1203","3.9290","0.0000","0.0000","849.7078"
"52.900","66.9483","12","0.0241","0.0989","-1.6713","145.7327","0.7292","1070.2034","490.0000","0.5040","1461.1174","-15.82619262","-47.97108790","25.1219","3.9280","0.0000","0.0000","850.6425"
"52.950","67.5668","12","0.0358","0.0869","-1.6860","145.7403","1.0825","1070.1367","490.0000","0.5040","993.3666","-15.82619971","-47.97108289","25.1234","3.9290","0.0000","0.0000","851.5830"
"53.000","67.4905","12","0.0437","0.0827","-1.6681","145.7852","1.3188","1070.1274","490.0000","0.5040","814.5122","-15.82620666","-47.97107803","25.1250","3.9300","0.0000","0.0000","852.5264"
"53.050","67.0623","12","0.0662","0.0654","-1.6325","145.8951","1.9915","1070.1550","490.0000","0.5040","535.9374","-15.82621360","-47.97107319","25.1266","3.9300","0.0000","0.0000","853.4697"
"53.100","67.0060","12","0.0930","0.0538","-1.5944","145.8078","2.7939","1070.1832","490.0000","0.4788","381.6957","-15.82622055","-47.97106827","25.1281","3.9300","0.0000","0.0000","854.4137"
"53.150","67.6090","12","0.1223","0.0790","-1.6261","145.6389","3.6709","1070.1328","490.0000","0.4680","293.1237","-15.82622761","-47.97106321","25.1297","3.9300","0.0000","0.0000","855.3595"
"53.200","67.9171","11","0.1452","0.0770","-1.6370","145.9879","4.3474","1070.0792","490.0000","0.5040","248.6413","-15.82623477","-47.97105844","25.1313","3.9300","0.0000","0.0000","856.3076"
"53.250","67.9276","11","0.1462","0.0880","-1.6199","146.8977","4.3685","1070.0812","494.5000","0.5040","247.4790","-15.82624219","-47.97105394","25.1328","3.9300","0.0000","0.0000","857.2574"
"53.300","67.9410","11","0.1234","0.0543","-1.6075","146.9629","3.6783","1070.0653","500.0000","0.5292","293.9681","-15.82624938","-47.97104916","25.1344","3.9300","0.0000","0.0000","858.2084"
"53.350","67.9718","12","0.1206","0.0283","-1.5958","147.0238","3.5899","1070.0562","500.0000","0.5742","301.3437","-15.82625662","-47.97104442","25.1359","3.9300","0.0000","0.0000","859.1599"
"53.400","68.1994","11","0.1307","0.0878","-1.5455","147.2271","3.8873","1070.0969","500.0000","0.5328","279.2273","-15.82626387","-47.97103951","25.1375","3.9300","0.0000","0.0000","860.1133"
"53.450","68.3310","12","0.1398","0.0883","-1.5499","147.2917","4.1469","1070.0663","500.0000","0.5040","262.2483","-15.82627115","-47.97103478","25.1391","3.9290","0.0000","0.0000","861.0684"
"53.500","68.4822","12","0.1856","0.0733","-1.5083","147.6019","5.4958","1070.0804","500.0000","0.5040","198.3190","-15.82627859","-47.97103009","25.1406","3.9280","0.0000","0.0000","862.0257"
"53.550","68.4047","12","0.3024","0.0569","-1.5255","147.9427","8.9379","1070.0737","500.0000","0.4698","121.8064","-15.82628597","-47.97102554","25.1422","3.9280","0.0000","0.0000","862.9856"
"53.600","68.5789","12","0.4120","0.0696","-1.5467","148.2803","12.1582","1070.0167","500.0000","0.5400","89.7722","-15.82629342","-47.97102113","25.1437","3.9280","0.0000","0.0000","863.9465"
"53.650","68.7144","12","0.5105","0.0781","-1.5541","148.9480","15.0383","1069.9910","500.0000","0.5400","72.7228","-15.82630105","-47.97101683","25.1453","3.9290","0.0000","0.0000","864.9050"
"53.700","68.7987","12","0.6160","0.0646","-1.5020","149.9532","18.1094","1070.0348","500.0000","0.5400","60.4640","-15.82630900","-47.97101289","25.1469","3.9300","0.0000","0.0000","865.8554"
"53.750","69.0613","12","0.7445","0.0299","-1.4005","151.1278","21.8537","1070.1189","500.0000","0.5058","50.2956","-15.82631727","-47.97100916","25.1484","3.9300","0.0000","0.0000","866.7988"
"53.800","69.1955","12","0.7603","-0.0136","-1.3650","152.7386","22.3068","1070.1678","510.0000","0.5544","49.3698","-15.82632562","-47.97100593","25.1500","3.9300","0.0000","0.0000","867.7384"
"53.850","69.2159","11","0.7854","-0.0464","-1.2980","154.1787","23.0564","1070.2483","510.0000","0.6120","47.7788","-15.82633394","-47.97100274","25.1516","3.9300","0.0000","0.0000","868.6734"
"53.900","68.8036","11","0.7936","-0.0937","-1.2208","155.1373","23.3304","1070.3438","510.0000","0.6120","46.9363","-15.82634208","-47.97099946","25.1531","3.9300","0.0000","0.0000","869.6029"
"53.950","68.0154","11","0.7714","-0.1490","-1.1402","156.0968","22.7388","1070.4452","500.5000","0.6120","47.6058","-15.82634998","-47.97099643","25.1547","3.9300","0.0000","0.0000","870.5258"
"54.000","67.7497","9","0.7971","-0.2350","-0.9901","156.4963","23.5984","1070.6040","510.0000","0.5832","45.6926","-15.82635793","-47.97099306","25.1562","3.9300","0.0000","0.0000","871.4427"
"54.050","67.5167","10","0.8712","-0.2736","-0.8989","157.8321","25.9577","1070.7261","510.0000","0.6282","41.3967","-15.82636611","-47.97099032","25.1578","3.9300","0.0000","0.0000","872.3560"
"54.100","67.1626","9","0.9301","-0.2679","-0.7987","159.6212","27.9180","1070.8324","510.0000","0.7488","38.2881","-15.82637437","-47.97098809","25.1594","3.9300","0.0000","0.0000","873.2698"
"54.150","66.7280","10","1.0047","-0.2424","-0.6968","161.1044","30.3736","1070.9596","510.0000","0.8262","34.9648","-15.82638264","-47.97098587","25.1609","3.9300","0.0000","0.0000","874.1871"
"54.200","66.1635","11","1.0837","-0.1768","-0.5932","162.6319","32.9768","1071.0684","500.0000","0.8280","31.9323","-15.82639082","-47.97098405","25.1625","3.9300","0.0000","0.0000","875.1076"
"54.250","65.8194","11","1.1369","-0.0839","-0.4952","164.5114","34.7578","1071.1655","500.0000","0.8442","30.1385","-15.82639902","-47.97098251","25.1641","3.9300","0.0000","0.0000","876.0248"
"54.300","65.6666","11","1.1919","-0.0108","-0.4554","166.5622","36.5274","1071.2096","500.0000","0.8640","28.6118","-15.82640736","-47.97098134","25.1656","3.9300","0.0000","0.0000","876.9366"
"54.350","65.9184","11","1.1921","0.0285","-0.4150","168.7411","36.5540","1071.2313","500.0000","0.8982","28.7007","-15.82641585","-47.97098043","25.1672","3.9300","0.0000","0.0000","877.8437"
"54.400","66.1900","10","1.0751","0.0219","-0.3692","170.4286","32.9517","1071.2885","500.0000","1.0224","31.9694","-15.82642421","-47.97097964","25.1688","3.9300","0.0000","0.0000","878.7430"
"54.450","66.3278","11","1.0051","-0.0348","-0.2947","171.3650","30.8064","1071.3737","500.0000","1.0962","34.2669","-15.82643267","-47.97097859","25.1703","3.9300","0.0000","0.0000","879.6301"
"54.500","65.7939","11","0.9411","-0.0863","-0.2225","172.6411","28.8821","1071.4774","500.0000","1.1664","36.2558","-15.82644092","-47.97097792","25.1719","3.9300","0.0000","0.0000","880.5062"
"54.550","65.4990","11","1.0025","-0.1676","-0.0755","174.2467","30.8479","1071.6353","500.0000","1.2222","33.7932","-15.82644918","-47.97097741","25.1703","3.9300","0.0000","0.0000","881.3714"
"54.600","65.1594","11","1.0696","-0.2627","-0.0083","175.8322","33.0854","1071.7413","500.0000","1.2096","31.3445","-15.82645742","-47.97097731","25.1688","3.9300","0.0000","0.0000","882.2268"
"54.650","64.3175","11","1.1455","-0.3643","0.0369","177.6761","35.7130","1071.8068","500.0000","1.1520","28.6631","-15.82646543","-47.97097743","25.1672","3.9300","0.0000","0.0000","883.0710"
"54.700","63.4900","11","1.2473","-0.4307","0.0490","-72.4346","39.3055","1071.8318","500.0000","1.2024","25.7082","-15.82647321","-47.97097783","25.1656","3.9300","0.0000","0.0000","883.9076"
"54.750","62.7055","11","1.3719","-0.4549","0.0618","-178.6348","43.7679","1071.8497","500.0000","1.2240","22.8019","-15.82648097","-47.97097851","25.1641","3.9290","0.0000","0.0000","884.7388"
"54.800","61.8681","10","1.4594","-0.4283","0.0649","-175.5172","47.1830","1071.8474","508.0000","1.2816","20.8690","-15.82648846","-47.97097996","25.1625","3.9280","0.0000","0.0000","885.5641"
"54.850","61.2074","10","1.5328","-0.3886","0.0281","-172.5527","50.1936","1071.8143","500.0000","1.1754","19.4078","-15.82649591","-47.97098195","25.1609","3.9270","0.0000","0.0000","886.3838"
"54.900","60.3676","9","1.5871","-0.3494","0.0658","-170.1763","52.5875","1071.8641","500.0000","1.0656","18.2701","-15.82650317","-47.97098391","25.1594","3.9260","0.0000","0.0000","887.1973"
"54.950","60.1818","10","1.5929","-0.2970","0.2026","-167.9293","53.3592","1072.0140","500.0000","1.0440","17.9505","-15.82651060","-47.97098602","25.1578","3.9260","0.0000","0.0000","888.0092"
"55.000","59.5693","9","1.5607","-0.2335","0.2447","-165.8788","52.7697","1072.0707","500.0000","1.0368","17.9663","-15.82651768","-47.97098834","25.1562","3.9260","0.0000","0.0000","888.8229"
"55.050","59.2477","10","1.4806","-0.1519","0.2465","-163.0109","50.4321","1072.0918","500.0000","1.0080","18.6975","-15.82652461","-47.97099127","25.1547","3.9270","0.0000","0.0000","889.6387"
"55.100","58.7724","10","1.3921","-0.1008","0.3288","-160.4893","47.6620","1072.2213","500.0000","0.9828","19.6255","-15.82653142","-47.97099421","25.1531","3.9280","0.0000","0.0000","890.4524"
"55.150","58.2800","10","1.3592","-0.0766","0.4667","-157.9742","46.7059","1072.3699","500.0000","0.9036","19.8595","-15.82653791","-47.97099737","25.1516","3.9290","0.0000","0.0000","891.2612"
"55.200","58.5569","10","1.3496","-0.0331","0.5722","-155.1304","46.5050","1072.5070","500.0000","0.9720","20.0400","-15.82654440","-47.97100105","25.1500","3.9300","0.0000","0.0000","892.0677"
"55.250","58.6810","10","1.3831","-0.0311","0.6259","-152.7675","47.7408","1072.5631","500.0000","0.9558","19.5627","-15.82655076","-47.97100492","25.1484","3.9310","0.0000","0.0000","892.8755"
"55.300","58.7943","11","1.4188","-0.0200","0.6627","-151.0866","49.0532","1072.6176","500.0000","0.8856","19.0760","-15.82655706","-47.97100878","25.1469","3.9320","0.0000","0.0000","893.6813"
"55.350","58.3907","11","1.4593","-0.0264","0.6731","-149.6850","50.5199","1072.6345","500.0000","0.8298","18.3951","-15.82656327","-47.97101273","25.1453","3.9320","0.0000","0.0000","894.4808"
"55.400","58.0258","11","1.4427","-0.0605","0.7429","-146.6034","50.0327","1072.7444","500.0000","0.8784","18.4581","-15.82656885","-47.97101714","25.1437","3.9320","0.0000","0.0000","895.2742"
"55.450","58.1018","11","1.4575","-0.0639","0.8542","-143.1010","50.6867","1072.8950","500.0000","0.9360","18.2438","-15.82657417","-47.97102214","25.1422","3.9320","0.0000","0.0000","896.0671"
"55.500","58.2331","11","1.4777","-0.0662","1.0233","-140.0601","51.5233","1073.0905","500.0000","0.9360","17.9881","-15.82657937","-47.97102716","25.1406","3.9320","0.0000","0.0000","896.8627"
"55.550","57.8554","11","1.5267","-0.0735","1.1186","-137.5973","53.3871","1073.2175","500.0000","0.9018","17.2476","-15.82658426","-47.97103234","25.1398","3.9320","0.0000","0.0000","897.6577"
"55.600","57.2535","11","1.5607","-0.0833","1.1612","-135.2523","54.7505","1073.2601","500.0000","0.8568","16.6431","-15.82658900","-47.97103776","25.1391","3.9320","0.0000","0.0000","898.4497"
"55.650","56.9598","11","1.5351","-0.0779","1.1302","-133.0071","54.0436","1073.2656","500.0000","0.8118","16.7743","-15.82659337","-47.97104331","25.1383","3.9320","0.0000","0.0000","899.2369"
"55.700","57.2171","11","1.4567","-0.0358","0.9850","-130.4877","51.4406","1073.1348","500.0000","0.8172","17.7027","-15.82659770","-47.97104929","25.1375","3.9320","0.0000","0.0000","900.0217"
"55.750","57.4447","11","1.3464","-0.0418","0.8476","-127.3472","47.6352","1073.0265","500.0000","0.8280","19.1930","-15.82660162","-47.97105557","25.1367","3.9310","0.0000","0.0000","900.8081"
"55.800","57.0847","11","1.2483","-0.0618","0.9766","-125.5434","44.2509","1073.1553","500.0000","0.7920","20.5313","-15.82660557","-47.97106158","25.1359","3.9300","0.0000","0.0000","901.5947"
"55.850","56.9132","11","1.2210","-0.0760","0.9375","-123.0126","43.3992","1073.1636","500.0000","0.7758","20.8714","-15.82660898","-47.97106790","25.1352","3.9300","0.0000","0.0000","902.3820"
"55.900","56.3966","11","1.2331","-0.0334","0.9397","-120.8946","43.9572","1073.1826","493.0000","0.7560","20.4194","-15.82661229","-47.97107427","25.1344","3.9300","0.0000","0.0000","903.1729"
"55.950","56.6090","11","1.2267","0.0230","0.9273","-118.8413","43.7951","1073.2010","490.0000","0.7218","20.5722","-15.82661556","-47.97108086","25.1336","3.9300","0.0000","0.0000","903.9662"
"56.000","56.7204","9","1.1712","0.0394","0.9863","-117.2692","41.8025","1073.2836","490.0000","0.6840","21.5952","-15.82661856","-47.97108739","25.1328","3.9300","0.0000","0.0000","904.7593"
"56.050","56.5665","10","1.1424","0.0258","1.0030","-115.3299","40.7492","1073.3131","490.0000","0.6840","22.0933","-15.82662130","-47.97109403","25.1320","3.9300","0.0000","0.0000","905.5519"
"56.100","56.7951","10","1.0873","0.0198","1.0834","-112.5645","38.7740","1073.4229","490.0000","0.7092","23.3126","-15.82662364","-47.97110083","25.1313","3.9300","0.0000","0.0000","906.3467"
"56.150","57.1210","10","1.0021","0.0457","1.0912","-110.5747","35.7296","1073.4695","490.0000","0.6858","25.4441","-15.82662598","-47.97110789","25.1305","3.9300","0.0000","0.0000","907.1451"
"56.200","57.1625","10","0.9226","0.0927","1.1088","-108.9825","32.8535","1073.4980","490.0000","0.6408","27.6917","-15.82662806","-47.97111493","25.1297","3.9300","0.0000","0.0000","907.9448"
"56.250","57.0475","10","0.8972","0.1323","1.1601","-107.9600","31.8632","1073.5656","490.0000","0.5958","28.4950","-15.82663007","-47.97112192","25.1289","3.9300","0.0000","0.0000","908.7442"
"56.300","57.0522","10","0.8113","0.1068","1.1831","-106.6118","28.7041","1073.6392","490.0000","0.5508","31.6336","-15.82663187","-47.97112899","25.1281","3.9300","0.0000","0.0000","909.5443"
"56.350","57.4351","10","0.6887","0.0786","1.2390","-104.9625","24.2932","1073.7262","490.0000","0.5400","37.6281","-15.82663352","-47.97113623","25.1273","3.9300","0.0000","0.0000","910.3445"
"56.400","57.5828","11","0.4547","0.0239","1.2776","-104.1720","16.0047","1073.7911","490.0000","0.4968","57.2618","-15.82663512","-47.97114336","25.1266","3.9300","0.0000","0.0000","911.1420"
"56.450","57.5830","11","0.2400","0.0005","1.2606","-103.7948","8.4453","1073.8119","490.0000","0.4518","108.5173","-15.82663679","-47.97115064","25.1258","3.9300","0.0000","0.0000","911.9352"
"56.500","57.5071","11","0.0703","-0.0044","1.2422","-103.6521","2.4735","1073.8254","490.0000","0.4320","370.0226","-15.82663839","-47.97115788","25.1250","3.9300","0.0000","0.0000","912.7289"
"56.550","57.7675","11","-0.0513","-0.0178","1.2386","-103.0739","-1.8041","1073.8486","490.0000","0.4320","509.6060","-15.82663998","-47.97116521","25.1266","3.9300","0.0000","0.0000","913.5267"
"56.600","57.5374","11","-0.1768","-0.0231","1.2686","-103.4115","-6.2267","1073.9005","490.0000","0.3960","147.0668","-15.82664171","-47.97117232","25.1281","3.9300","0.0000","0.0000","914.3263"
"56.650","57.2629","11","-0.3511","-0.0165","1.2976","-104.7301","-12.3713","1073.9463","490.0000","0.4122","73.6677","-15.82664369","-47.97117940","25.1297","3.9300","0.0000","0.0000","915.1250"
"56.700","56.9275","11","-0.4989","0.0089","1.3973","-106.3926","-17.5872","1074.0508","490.0000","0.4572","51.5163","-15.82664595","-47.97118641","25.1313","3.9300","0.0000","0.0000","915.9227"
"56.750","57.3796","11","-0.6313","0.0156","1.4500","-107.3442","-22.2516","1074.1440","490.0000","0.4680","41.0409","-15.82664820","-47.97119354","25.1328","3.9300","0.0000","0.0000","916.7211"
"56.800","57.5891","11","-0.6979","0.0277","1.4362","-107.4223","-24.5874","1074.1514","490.0000","0.4320","37.2776","-15.82665044","-47.97120068","25.1344","3.9300","0.0000","0.0000","917.5204"
"56.850","57.5704","11","-0.8000","0.0243","1.4136","-108.2856","-28.1670","1074.1686","490.0000","0.4320","32.5296","-15.82665283","-47.97120775","25.1359","3.9300","0.0000","0.0000","918.3127"
"56.900","57.4436","11","-0.9109","-0.0117","1.4174","-110.4550","-32.0582","1074.1903","490.0000","0.4824","28.5182","-15.82665562","-47.97121458","25.1375","3.9300","0.0000","0.0000","919.0961"
"56.950","57.4005","10","-1.0333","-0.0393","1.3421","-112.8117","-36.3938","1074.1532","490.0000","0.5382","25.1020","-15.82665886","-47.97122140","25.1391","3.9300","0.0000","0.0000","919.8760"
"57.000","57.5407","10","-1.1133","-0.0613","1.3034","-114.4079","-39.2788","1074.1287","490.0000","0.5040","23.3151","-15.82666215","-47.97122821","25.1406","3.9300","0.0000","0.0000","920.6542"
"57.050","57.5192","10","-1.1068","-0.1007","1.3733","-115.9084","-39.1502","1074.2095","490.0000","0.5202","23.3829","-15.82666555","-47.97123474","25.1422","3.9300","0.0000","0.0000","921.4308"
"57.100","56.5973","10","-1.1623","-0.1246","1.4346","-118.7098","-41.2646","1074.2717","483.0000","0.6408","21.8292","-15.82666934","-47.97124090","25.1437","3.9300","0.0000","0.0000","922.2062"
"57.150","56.1589","11","-1.2543","-0.1233","1.4175","-121.1738","-44.7283","1074.2661","480.0000","0.8208","19.9828","-15.82667329","-47.97124684","25.1453","3.9300","0.0000","0.0000","922.9779"
"57.200","56.1250","10","-1.3658","-0.1204","1.3958","-123.6606","-48.9247","1074.2865","480.0000","0.8424","18.2578","-15.82667767","-47.97125273","25.1469","3.9300","0.0000","0.0000","923.7482"
"57.250","55.9352","11","-1.3245","-0.1372","1.4485","-125.5093","-47.6602","1074.3348","480.0000","0.8676","18.6788","-15.82668197","-47.97125847","25.1484","3.9300","0.0000","0.0000","924.5216"
"57.300","55.9382","11","-1.1626","-0.1131","1.4934","-127.2041","-42.0406","1074.3805","480.0000","0.7776","21.1768","-15.82668652","-47.97126413","25.1500","3.9300","0.0000","0.0000","925.2928"
"57.350","55.8092","11","-1.1128","-0.0607","1.5250","-129.2467","-40.4075","1074.4354","480.0000","0.7560","21.9818","-15.82669122","-47.97126958","25.1516","3.9310","0.0000","0.0000","926.0612"
"57.400","55.2903","11","-1.1889","-0.0283","1.6145","-131.2721","-43.2734","1074.5082","480.0000","0.7272","20.3352","-15.82669604","-47.97127467","25.1531","3.9320","0.0000","0.0000","926.8312"
"57.450","55.6156","11","-1.1914","-0.0070","1.6202","-134.1310","-43.4245","1074.5499","480.0000","0.7722","20.3837","-15.82670137","-47.97127968","25.1547","3.9310","0.0000","0.0000","927.6085"
"57.500","55.7135","11","-1.0867","0.0214","1.5653","-136.8374","-39.6347","1074.5394","480.0000","0.7920","22.3720","-15.82670685","-47.97128441","25.1562","3.9300","0.0000","0.0000","928.3843"
"57.550","55.3185","11","-1.0114","0.0604","1.5956","-138.3823","-36.8793","1074.5728","480.0000","0.7578","23.8731","-15.82671217","-47.97128902","25.1562","3.9300","0.0000","0.0000","929.1550"
"57.600","55.2623","11","-1.0740","0.0338","1.5490","-139.5164","-39.1074","1074.5654","480.0000","0.7128","22.4900","-15.82671760","-47.97129358","25.1562","3.9300","0.0000","0.0000","929.9269"
"57.650","55.7023","11","-1.0911","0.0234","1.5568","-140.5834","-39.7124","1074.6036","480.0000","0.6840","22.3238","-15.82672323","-47.97129807","25.1562","3.9300","0.0000","0.0000","930.7018"
"57.700","56.1913","11","-1.0587","0.0261","1.5459","-143.8810","-38.5186","1074.6084","480.0000","0.7848","23.2177","-15.82672939","-47.97130209","25.1562","3.9300","0.0000","0.0000","931.4745"
"57.750","55.4715","11","-1.0296","-0.0013","1.5461","-147.0737","-37.4453","1074.6165","480.0000","0.8280","23.5773","-15.82673550","-47.97130571","25.1562","3.9300","0.0000","0.0000","932.2441"
"57.800","55.3635","11","-0.9857","0.0195","1.5597","-147.2259","-35.8638","1074.6327","480.0000","0.7128","24.5690","-15.82674140","-47.97130949","25.1562","3.9300","0.0000","0.0000","933.0161"
"57.850","55.7661","11","-1.0145","0.0356","1.5855","-148.2724","-36.8968","1074.6774","480.0000","0.6840","24.0548","-15.82674751","-47.97131316","25.1562","3.9300","0.0000","0.0000","933.7928"
"57.900","55.8423","11","-1.0590","0.0057","1.6131","-151.0917","-38.4922","1074.7234","480.0000","0.7092","23.0893","-15.82675387","-47.97131629","25.1562","3.9300","0.0000","0.0000","934.5702"
"57.950","55.4183","11","-1.1324","0.0219","1.5971","-153.9976","-41.1721","1074.7285","480.0000","0.7200","21.4225","-15.82676028","-47.97131907","25.1562","3.9300","0.0000","0.0000","935.3457"
"58.000","55.3047","11","-1.1524","0.0286","1.5815","-155.6153","-41.8920","1074.7358","480.0000","0.6696","21.0112","-15.82676675","-47.97132188","25.1562","3.9300","0.0000","0.0000","936.1167"
"58.050","55.8328","11","-1.0919","-0.0104","1.5630","-156.8592","-39.6852","1074.7581","480.0000","0.6120","22.3914","-15.82677339","-47.97132460","25.1562","3.9300","0.0000","0.0000","936.8882"
"58.100","55.9898","11","-1.0393","0.0012","1.5887","-158.9247","-37.8040","1074.7963","480.0000","0.6120","23.5718","-15.82678005","-47.97132689","25.1562","3.9300","0.0000","0.0000","937.6656"
"58.150","55.9807","11","-1.0193","0.0360","1.5808","-160.9591","-37.0885","1074.8054","480.0000","0.6120","24.0225","-15.82678692","-47.97132903","25.1562","3.9300","0.0000","0.0000","938.4470"
"58.200","55.7334","12","-1.1052","0.1023","1.5317","-163.2411","-40.1702","1074.7938","480.0000","0.6552","22.0817","-15.82679365","-47.97133080","25.1562","3.9300","0.0000","0.0000","939.2292"
"58.250","55.3168","12","-1.1186","0.0714","1.5262","-165.5081","-40.5499","1074.7837","480.0000","0.6678","21.7114","-15.82680045","-47.97133223","25.1562","3.9300","0.0000","0.0000","940.0129"
"58.300","55.7457","12","-1.0187","0.0291","1.5042","-166.9042","-36.8697","1074.8029","480.0000","0.6228","24.0637","-15.82680740","-47.97133376","25.1562","3.9300","0.0000","0.0000","940.7968"
"58.350","56.2603","12","-0.9732","0.0647","1.5028","-168.5170","-35.2039","1074.8147","480.0000","0.5778","25.4350","-15.82681450","-47.97133508","25.1562","3.9300","0.0000","0.0000","941.5803"
"58.400","56.3228","12","-1.0064","0.0822","1.4912","-170.0377","-36.3403","1074.8452","480.0000","0.5832","24.6670","-15.82682149","-47.97133603","25.1562","3.9300","0.0000","0.0000","942.3642"
"58.450","56.3511","12","-1.0106","0.0689","1.4720","-172.3555","-36.4166","1074.8715","480.0000","0.6282","24.6276","-15.82682858","-47.97133664","25.1562","3.9300","0.0000","0.0000","943.1495"
"58.500","56.5022","12","-0.9522","0.0571","1.4643","-174.2529","-34.2516","1074.8799","480.0000","0.6228","26.2546","-15.82683566","-47.97133720","25.1562","3.9300","0.0000","0.0000","943.9368"
"58.550","56.3301","12","-0.8867","0.0715","1.4801","-175.9237","-31.8512","1074.9036","480.0000","0.5778","28.1471","-15.82684273","-47.97133748","25.1570","3.9300","0.0000","0.0000","944.7252"
"58.600","56.4472","12","-0.8797","0.0613","1.4399","-177.3973","-31.5365","1074.9072","480.0000","0.5400","28.4871","-15.82684979","-47.97133757","25.1578","3.9300","0.0000","0.0000","945.5164"
"58.650","56.4500","11","-0.8676","0.0436","1.4308","-178.8994","-31.0580","1074.9343","480.0000","0.5562","28.9275","-15.82685688","-47.97133749","25.1586","3.9300","0.0000","0.0000","946.3104"
"58.700","56.6385","11","-0.8558","0.0453","1.4338","72.0435","-30.6010","1074.9729","480.0000","0.5508","29.4576","-15.82686407","-47.97133734","25.1594","3.9300","0.0000","0.0000","947.1064"
"58.750","56.7316","11","-0.8301","0.0513","1.4381","178.6414","-29.6491","1075.0056","480.0000","0.5400","30.4533","-15.82687120","-47.97133688","25.1602","3.9300","0.0000","0.0000","947.9070"
"58.800","56.7832","11","-0.7409","0.0768","1.4702","176.5206","-26.4252","1075.0598","480.0000","0.5760","34.1997","-15.82687825","-47.97133605","25.1609","3.9300","0.0000","0.0000","948.7126"
"58.850","57.1277","11","-0.6849","0.1262","1.4314","175.2528","-24.3691","1075.0839","480.0000","0.5760","37.3102","-15.82688546","-47.97133515","25.1617","3.9300","0.0000","0.0000","949.5217"
"58.900","57.1465","11","-0.6428","0.1453","1.4199","174.5233","-22.7849","1075.0942","480.0000","0.5508","39.9174","-15.82689265","-47.97133435","25.1625","3.9300","0.0000","0.0000","950.3315"
"58.950","57.4694","11","-0.6289","0.1308","1.4228","173.5951","-22.1942","1075.1277","480.0000","0.5058","41.2113","-15.82689990","-47.97133337","25.1633","3.9300","0.0000","0.0000","951.1446"
"59.000","57.8198","11","-0.5794","0.1518","1.4281","172.3880","-20.3683","1075.1627","470.0000","0.5040","45.1795","-15.82690711","-47.97133211","25.1641","3.9300","0.0000","0.0000","951.9613"
"59.050","58.2138","11","-0.4948","0.1319","1.4119","171.3064","-17.3151","1075.1936","470.0000","0.4878","53.5083","-15.82691443","-47.97133072","25.1648","3.9300","0.0000","0.0000","952.7771"
"59.100","58.2268","11","-0.4264","0.1203","1.4156","170.7078","-14.8640","1075.2053","470.0000","0.4680","62.3460","-15.82692166","-47.97132938","25.1656","3.9300","0.0000","0.0000","953.5963"
"59.150","58.3439","11","-0.3528","0.1188","1.4252","169.9680","-12.2533","1075.2252","470.0000","0.4338","75.7814","-15.82692886","-47.97132795","25.1664","3.9290","0.0000","0.0000","954.4222"
"59.200","58.7193","11","-0.2826","0.1218","1.3992","169.5845","-9.7799","1075.2263","470.0000","0.4320","95.5575","-15.82693625","-47.97132654","25.1672","3.9280","0.0000","0.0000","955.2502"
"59.250","58.8580","11","-0.2435","0.1201","1.3368","169.2136","-8.3947","1075.2109","470.0000","0.4320","111.5885","-15.82694356","-47.97132503","25.1680","3.9280","0.0000","0.0000","956.0816"
"59.300","58.5964","11","-0.2356","0.1120","1.2936","168.6931","-8.0959","1075.1963","470.0000","0.4320","115.1924","-15.82695071","-47.97132348","25.1688","3.9280","0.0000","0.0000","956.9169"
"59.350","59.3470","11","-0.1429","0.1214","1.3096","168.4795","-4.8926","1075.2169","470.0000","0.4320","193.0558","-15.82695808","-47.97132197","25.1695","3.9280","0.0000","0.0000","957.7535"
"59.400","59.7117","11","-0.0467","0.1163","1.2472","168.4964","-1.5953","1075.1963","470.0000","0.3960","595.6967","-15.82696552","-47.97132037","25.1703","3.9280","0.0000","0.0000","958.5921"
"59.450","59.6190","11","0.0013","0.1148","1.2240","168.3207","0.0435","1075.1914","470.0000","0.3960","10000.0000","-15.82697285","-47.97131883","25.1711","3.9280","0.0000","0.0000","959.4351"
"59.500","60.0432","11","0.0287","0.1375","1.2131","168.3749","0.9732","1075.2030","470.0000","0.3960","981.9597","-15.82698028","-47.97131728","25.1719","3.9280","0.0000","0.0000","960.2822"
"59.550","60.2697","11","0.0855","0.1490","1.1618","168.4217","2.8853","1075.1802","470.0000","0.3960","332.4529","-15.82698777","-47.97131575","25.1688","3.9290","0.0000","0.0000","961.1318"
"59.600","60.2218","11","0.1420","0.1357","1.0925","168.6598","4.7714","1075.1450","470.0000","0.3960","200.8770","-15.82699516","-47.97131436","25.1656","3.9300","0.0000","0.0000","961.9843"
"59.650","60.5170","11","0.1771","0.1253","1.0412","169.0750","5.9292","1075.1185","470.0000","0.3960","162.4419","-15.82700266","-47.97131292","25.1625","3.9300","0.0000","0.0000","962.8413"
"59.700","60.8277","11","0.2122","0.1301","1.0621","169.7685","7.0766","1075.1349","470.0000","0.3960","136.8030","-15.82701027","-47.97131159","25.1594","3.9300","0.0000","0.0000","963.6996"
"59.750","61.1939","11","0.2311","0.1199","1.0692","169.7479","7.6769","1075.1595","470.0000","0.3960","126.8646","-15.82701777","-47.97131012","25.1562","3.9300","0.0000","0.0000","964.5597"
"59.800","61.1784","11","0.2418","0.0934","1.0282","170.0825","8.0057","1075.1516","470.0000","0.3960","121.6233","-15.82702532","-47.97130889","25.1531","3.9300","0.0000","0.0000","965.4233"
"59.850","61.5823","11","0.2516","0.1352","1.0113","170.5264","8.3076","1075.1422","470.0000","0.3960","117.9779","-15.82703298","-47.97130766","25.1500","3.9300","0.0000","0.0000","966.2913"
"59.900","61.7580","11","0.2551","0.1426","0.9645","171.1175","8.3904","1075.1204","470.0000","0.3960","117.1469","-15.82704073","-47.97130656","25.1469","3.9300","0.0000","0.0000","967.1628"
"59.950","61.8176","11","0.2289","0.1130","0.9359","171.3847","7.4988","1075.1152","470.0000","0.3960","131.2024","-15.82704840","-47.97130535","25.1437","3.9300","0.0000","0.0000","968.0375"
"60.000","62.0147","11","0.2089","0.1324","0.9285","171.6151","6.8189","1075.1056","470.0000","0.3960","144.7449","-15.82705610","-47.97130425","25.1406","3.9300","0.0000","0.0000","968.9144"
"60.050","62.3548","11","0.2008","0.1235","0.9175","172.1499","6.5323","1075.1127","470.0000","0.3960","151.9221","-15.82706394","-47.97130326","25.1375","3.9300","0.0000","0.0000","969.7936"
"60.100","62.5901","11","0.1762","0.1109","0.8979","172.4692","5.7113","1075.1096","470.0000","0.3960","174.4179","-15.82707182","-47.97130227","25.1344","3.9300","0.0000","0.0000","970.6755"
"60.150","62.9053","11","0.1528","0.1212","0.8983","172.6554","4.9392","1075.1221","470.0000","0.3960","202.6974","-15.82707965","-47.97130124","25.1313","3.9300","0.0000","0.0000","971.5610"
"60.200","63.0684","11","0.1358","0.1329","0.8923","172.9002","4.3736","1075.1100","470.0000","0.3960","229.5033","-15.82708764","-47.97130035","25.1281","3.9300","0.0000","0.0000","972.4498"
"60.250","63.2099","11","0.1052","0.1354","0.8604","172.9371","3.3763","1075.0925","470.0000","0.4122","297.9627","-15.82709555","-47.97129940","25.1250","3.9310","0.0000","0.0000","973.3413"
"60.300","63.3872","11","0.0883","0.1188","0.8432","173.1796","2.8226","1075.0879","470.0000","0.4320","357.4115","-15.82710349","-47.97129844","25.1219","3.9320","0.0000","0.0000","974.2353"
"60.350","63.5697","11","0.0932","0.1200","0.8190","173.2586","2.9688","1075.0914","470.0000","0.4320","340.7961","-15.82711147","-47.97129755","25.1187","3.9320","0.0000","0.0000","975.1312"
"60.400","63.9166","11","0.0919","0.1060","0.8162","173.4703","2.9189","1075.1034","470.0000","0.4320","348.5126","-15.82711946","-47.97129661","25.1156","3.9320","0.0000","0.0000","976.0281"
"60.450","64.0939","11","0.0865","0.0945","0.8047","173.4463","2.7385","1075.1019","470.0000","0.4320","372.5026","-15.82712759","-47.97129574","25.1125","3.9320","0.0000","0.0000","976.9279"
"60.500","64.2566","11","0.0817","0.1059","0.7801","173.7513","2.5788","1075.0927","470.0000","0.4320","396.5699","-15.82713566","-47.97129489","25.1094","3.9320","0.0000","0.0000","977.8318"
"60.550","64.4778","11","0.1196","0.1172","0.7572","173.9150","3.7662","1075.0919","470.0000","0.4320","272.4717","-15.82714377","-47.97129412","25.1102","3.9320","0.0000","0.0000","978.7394"
"60.600","64.5617","11","0.1105","0.1088","0.7578","174.2394","3.4678","1075.0992","470.0000","0.4320","296.3058","-15.82715177","-47.97129337","25.1109","3.9320","0.0000","0.0000","979.6494"
"60.650","64.6113","11","0.1076","0.0995","0.7659","174.2258","3.3677","1075.1077","470.0000","0.4320","305.3452","-15.82715993","-47.97129253","25.1117","3.9310","0.0000","0.0000","980.5601"
"60.700","64.9302","11","0.0987","0.0985","0.7418","174.3384","3.0811","1075.1056","470.0000","0.4068","335.3962","-15.82716810","-47.97129169","25.1125","3.9300","0.0000","0.0000","981.4723"
"60.750","65.2175","11","0.0902","0.0986","0.6974","174.4887","2.8061","1075.0829","470.0000","0.3960","369.9026","-15.82717637","-47.97129102","25.1133","3.9300","0.0000","0.0000","982.3877"
"60.800","65.4731","11","0.0942","0.1016","0.6874","174.6664","2.9246","1075.0967","460.0000","0.3960","356.3002","-15.82718450","-47.97129025","25.1141","3.9300","0.0000","0.0000","983.3075"
"60.850","65.5574","11","0.0727","0.1166","0.6741","174.8487","2.2505","1075.0934","460.0000","0.3960","463.6264","-15.82719283","-47.97128957","25.1148","3.9300","0.0000","0.0000","984.2310"
"60.900","65.5892","11","0.0543","0.1144","0.6768","174.9510","1.6771","1075.0989","460.0000","0.3960","622.4196","-15.82720099","-47.97128885","25.1156","3.9300","0.0000","0.0000","985.1555"
"60.950","65.7386","11","0.0375","0.0995","0.6707","174.9914","1.1529","1075.1107","460.0000","0.3960","907.4972","-15.82720926","-47.97128819","25.1164","3.9300","0.0000","0.0000","986.0813"
"61.000","66.0556","11","0.0291","0.1063","0.6492","174.8690","0.8918","1075.1130","460.0000","0.3960","1178.9052","-15.82721759","-47.97128738","25.1172","3.9300","0.0000","0.0000","987.0084"
"61.050","66.4167","11","0.0211","0.1035","0.6634","175.0853","0.6463","1075.1223","460.0000","0.3960","1635.5801","-15.82722594","-47.97128675","25.1180","3.9300","0.0000","0.0000","987.9380"
"61.100","66.5136","11","0.0070","0.0928","0.6478","175.0823","0.2125","1075.1179","460.0000","0.3960","4981.6123","-15.82723428","-47.97128601","25.1187","3.9300","0.0000","0.0000","988.8716"
"61.150","66.6039","11","-0.0177","0.0853","0.6259","175.0912","-0.5372","1075.1263","460.0000","0.3960","1973.3230","-15.82724265","-47.97128536","25.1195","3.9300","0.0000","0.0000","989.8073"
"61.200","66.7200","11","-0.0226","0.1003","0.6254","174.8899","-0.6854","1075.1245","460.0000","0.3960","1549.3049","-15.82725099","-47.97128452","25.1203","3.9300","0.0000","0.0000","990.7432"
"61.250","66.7903","11","-0.0007","0.0945","0.6131","174.9913","-0.0228","1075.1169","460.0000","0.3960","10000.0000","-15.82725939","-47.97128380","25.1211","3.9290","0.0000","0.0000","991.6813"
"61.300","67.0686","11","0.0085","0.0738","0.6159","175.0263","0.2575","1075.1212","460.0000","0.3960","4145.5415","-15.82726783","-47.97128308","25.1219","3.9280","0.0000","0.0000","992.6219"
"61.350","67.3601","11","0.0241","0.0759","0.6122","175.0252","0.7264","1075.1283","460.0000","0.3960","1475.8940","-15.82727636","-47.97128223","25.1227","3.9280","0.0000","0.0000","993.5641"
"61.400","67.4209","11","0.0639","0.0854","0.5958","175.0139","1.9221","1075.1259","460.0000","0.4320","558.2536","-15.82728480","-47.97128155","25.1234","3.9280","0.0000","0.0000","994.5085"
"61.450","67.3925","11","0.0775","0.0843","0.5661","175.2046","2.3273","1075.1099","460.0000","0.4320","460.8649","-15.82729326","-47.97128093","25.1242","3.9280","0.0000","0.0000","995.4571"
"61.500","67.6675","11","0.0787","0.0887","0.5499","175.3191","2.3572","1075.1183","460.0000","0.4320","456.8771","-15.82730174","-47.97128019","25.1250","3.9280","0.0000","0.0000","996.4073"
"61.550","67.7571","11","0.0773","0.0982","0.5532","175.4475","2.3096","1075.1154","460.0000","0.4320","466.9152","-15.82731020","-47.97127955","25.1281","3.9290","0.0000","0.0000","997.3550"
"61.600","67.9035","11","0.0481","0.0987","0.5572","175.6532","1.4330","1075.1194","460.0000","0.4320","754.1765","-15.82731885","-47.97127893","25.1313","3.9300","0.0000","0.0000","998.3005"
"61.650","68.1256","11","0.0306","0.0915","0.5771","175.6509","0.9113","1075.1390","460.0000","0.4320","1189.8363","-15.82732741","-47.97127827","25.1344","3.9300","0.0000","0.0000","999.2474"
"61.700","68.4199","11","-0.0151","0.0696","0.5573","175.6127","-0.4487","1075.1453","460.0000","0.4320","2426.7678","-15.82733602","-47.97127757","25.1375","3.9300","0.0000","0.0000","1000.1906"
"61.750","68.5162","11","-0.0585","0.0235","0.5476","175.7415","-1.7316","1075.1547","460.0000","0.4320","629.7644","-15.82734456","-47.97127693","25.1406","3.9300","0.0000","0.0000","1001.1253"
"61.800","67.9993","11","-0.1361","-0.0340","0.5315","175.2087","-4.0282","1075.1388","460.0000","0.4320","268.6635","-15.82735306","-47.97127613","25.1437","3.9300","0.0000","0.0000","1002.0496"
"61.850","68.1364","11","-0.2174","-0.0891","0.5331","174.7622","-6.4439","1075.1508","460.0000","0.4320","168.2860","-15.82736153","-47.97127523","25.1469","3.9300","0.0000","0.0000","1002.9623"
"61.900","68.2100","11","-0.2906","-0.1658","0.5435","174.5602","-8.6333","1075.1505","460.0000","0.4320","125.7455","-15.82737010","-47.97127431","25.1500","3.9300","0.0000","0.0000","1003.8674"
"61.950","67.6727","11","-0.3379","-0.2335","0.4998","174.2219","-10.0819","1075.1184","460.0000","0.4320","106.8293","-15.82737848","-47.97127342","25.1531","3.9300","0.0000","0.0000","1004.7651"
"62.000","66.9476","11","-0.4050","-0.2827","0.5086","173.7114","-12.1636","1075.1309","460.0000","0.4320","87.5981","-15.82738667","-47.97127238","25.1562","3.9300","0.0000","0.0000","1005.6541"
"62.050","66.0930","11","-0.4794","-0.3352","0.5618","172.6434","-14.5075","1075.1588","460.0000","0.4158","72.5075","-15.82739481","-47.97127121","25.1594","3.9310","0.0000","0.0000","1006.5302"
"62.100","65.4676","11","-0.5435","-0.3770","0.5742","171.8017","-16.5965","1075.1724","460.0000","0.4212","62.7814","-15.82740286","-47.97126984","25.1625","3.9320","0.0000","0.0000","1007.3948"
"62.150","64.9058","11","-0.6325","-0.4083","0.5388","170.8070","-19.5111","1075.1465","460.0000","0.4320","52.9446","-15.82741082","-47.97126835","25.1656","3.9320","0.0000","0.0000","1008.2485"
"62.200","64.3635","11","-0.7166","-0.4274","0.5091","169.9972","-22.3565","1075.1150","460.0000","0.4248","45.8200","-15.82741875","-47.97126687","25.1688","3.9320","0.0000","0.0000","1009.0916"
"62.250","63.5901","11","-0.7598","-0.4542","0.4265","168.9304","-23.9934","1075.0549","460.0000","0.4122","42.1811","-15.82742653","-47.97126520","25.1719","3.9320","0.0000","0.0000","1009.9221"
"62.300","62.6990","11","-0.8294","-0.4708","0.3624","167.4987","-26.5297","1074.9941","460.0000","0.4572","37.6139","-15.82743414","-47.97126338","25.1750","3.9320","0.0000","0.0000","1010.7437"
"62.350","61.8993","11","-0.8704","-0.4271","0.3388","166.0518","-28.2116","1074.9857","460.0000","0.4680","34.9203","-15.82744159","-47.97126118","25.1781","3.9320","0.0000","0.0000","1011.5580"
"62.400","61.0384","11","-0.8641","-0.3865","0.3505","164.2297","-28.3548","1075.0051","460.0000","0.5400","34.2607","-15.82744875","-47.97125872","25.1812","3.9320","0.0000","0.0000","1012.3658"
"62.450","60.2639","11","-0.8957","-0.3863","0.3536","162.8824","-29.7278","1075.0172","460.0000","0.5562","32.2637","-15.82745590","-47.97125623","25.1844","3.9310","0.0000","0.0000","1013.1672"
"62.500","59.4636","11","-0.9328","-0.4035","0.3397","161.3746","-31.3197","1074.9955","460.0000","0.5760","30.2171","-15.82746283","-47.97125356","25.1875","3.9300","0.0000","0.0000","1013.9623"
"62.550","58.8899","11","-0.9992","-0.3977","0.3155","159.7697","-33.9575","1074.9862","460.0000","0.5760","27.6010","-15.82746960","-47.97125058","25.1859","3.9300","0.0000","0.0000","1014.7491"
"62.600","58.3521","11","-1.0257","-0.3562","0.2823","158.5564","-35.2804","1074.9635","460.0000","0.6120","26.3234","-15.82747633","-47.97124768","25.1844","3.9300","0.0000","0.0000","1015.5287"
"62.650","57.9307","11","-1.0027","-0.2948","0.2879","156.6461","-34.8700","1074.9596","460.0000","0.6282","26.4409","-15.82748283","-47.97124446","25.1828","3.9300","0.0000","0.0000","1016.3065"
"62.700","57.5719","11","-0.9747","-0.2430","0.3367","154.6845","-34.2067","1074.9969","460.0000","0.6732","26.7868","-15.82748914","-47.97124086","25.1812","3.9300","0.0000","0.0000","1017.0869"
"62.750","56.9862","11","-0.9616","-0.1970","0.3309","152.9246","-34.0121","1075.0016","460.0000","0.7182","26.6659","-15.82749532","-47.97123729","25.1797","3.9300","0.0000","0.0000","1017.8663"
"62.800","56.3003","10","-0.9507","-0.1637","0.2786","150.9244","-33.8366","1074.9720","460.0000","0.7632","26.4816","-15.82750118","-47.97123348","25.1781","3.9300","0.0000","0.0000","1018.6420"
"62.850","55.9159","10","-0.9328","-0.1245","0.2308","149.0434","-33.3770","1074.9523","460.0000","0.7920","26.6629","-15.82750706","-47.97122941","25.1766","3.9300","0.0000","0.0000","1019.4135"
"62.900","56.1234","10","-0.9406","-0.1112","0.1998","147.5784","-33.7949","1074.9351","460.0000","0.7416","26.4309","-15.82751285","-47.97122520","25.1750","3.9300","0.0000","0.0000","1020.1826"
"62.950","56.2935","11","-0.9421","-0.0826","0.1770","146.3503","-33.9786","1074.9138","460.0000","0.6516","26.3677","-15.82751875","-47.97122098","25.1734","3.9300","0.0000","0.0000","1020.9495"
"63.000","55.9997","11","-0.9495","-0.0576","0.1861","145.0362","-34.3437","1074.9072","460.0000","0.6480","25.9513","-15.82752435","-47.97121666","25.1719","3.9300","0.0000","0.0000","1021.7147"
"63.050","55.6625","11","-0.9743","-0.0528","0.1496","143.1724","-35.3167","1074.8842","460.0000","0.6642","25.0843","-15.82752965","-47.97121209","25.1703","3.9300","0.0000","0.0000","1022.4761"
"63.100","55.4940","11","-0.9671","-0.0816","0.1468","141.0350","-35.1300","1074.8657","460.0000","0.6840","25.1413","-15.82753487","-47.97120730","25.1688","3.9300","0.0000","0.0000","1023.2318"
"63.150","55.2807","11","-1.0268","-0.0591","0.1050","138.9924","-37.4119","1074.8378","460.0000","0.6840","23.5171","-15.82753975","-47.97120226","25.1672","3.9300","0.0000","0.0000","1023.9775"
"63.200","55.1211","11","-1.1050","-0.1043","0.1215","136.8899","-40.3596","1074.8369","460.0000","0.6552","21.7366","-15.82754461","-47.97119715","25.1656","3.9300","0.0000","0.0000","1024.7135"
"63.250","55.0223","11","-1.1738","-0.2163","0.1225","134.4994","-43.0564","1074.8290","460.0000","0.7002","20.3386","-15.82754913","-47.97119177","25.1641","3.9300","0.0000","0.0000","1025.4454"
"63.300","54.6877","11","-1.2519","-0.2823","0.0613","132.4900","-46.2905","1074.7883","460.0000","0.6948","18.8026","-15.82755344","-47.97118640","25.1625","3.9300","0.0000","0.0000","1026.1732"
"63.350","54.3028","11","-1.2858","-0.2417","0.0268","130.6568","-48.0086","1074.7598","460.0000","0.6840","18.0021","-15.82755763","-47.97118102","25.1609","3.9290","0.0000","0.0000","1026.8940"
"63.400","53.1413","11","-1.2373","-0.1636","-0.0335","128.2732","-46.5769","1074.7106","460.0000","0.7200","18.1586","-15.82756126","-47.97117560","25.1594","3.9280","0.0000","0.0000","1027.6166"
"63.450","52.7480","11","-1.1741","-0.1575","-0.0796","125.8630","-44.4559","1074.6743","460.0000","0.7038","18.8841","-15.82756468","-47.97116991","25.1578","3.9280","0.0000","0.0000","1028.3481"
"63.500","52.7312","11","-1.1832","-0.2196","-0.0835","123.2399","-45.0750","1074.6646","460.0000","0.7092","18.6188","-15.82756791","-47.97116398","25.1562","3.9280","0.0000","0.0000","1029.0736"
"63.550","52.1709","11","-1.1778","-0.1824","-0.1625","120.4611","-45.2305","1074.6161","460.0000","0.7200","18.3577","-15.82757091","-47.97115804","25.1562","3.9280","0.0000","0.0000","1029.7841"
"63.600","51.5286","11","-1.1606","-0.1066","-0.2336","118.4617","-44.8555","1074.5593","460.0000","0.7128","18.2832","-15.82757367","-47.97115210","25.1562","3.9280","0.0000","0.0000","1030.4872"
"63.650","52.4322","11","-1.1612","-0.0779","-0.2610","116.9397","-45.0625","1074.5299","460.0000","0.6840","18.5184","-15.82757649","-47.97114579","25.1562","3.9280","0.0000","0.0000","1031.1957"
"63.700","52.9815","11","-1.1599","-0.0907","-0.2427","115.3032","-45.1559","1074.5337","460.0000","0.7092","18.6737","-15.82757910","-47.97113933","25.1562","3.9280","0.0000","0.0000","1031.9056"
"63.750","51.5022","11","-1.1357","-0.1332","-0.1737","112.7599","-44.3784","1074.5645","460.0000","0.7884","18.4703","-15.82758104","-47.97113324","25.1562","3.9280","0.0000","0.0000","1032.6058"
"63.800","50.6174","12","-1.1042","-0.1555","-0.1728","109.8787","-43.3764","1074.5720","460.0000","0.8712","18.5723","-15.82758263","-47.97112703","25.1562","3.9280","0.0000","0.0000","1033.2974"
"63.850","50.6179","12","-1.0942","-0.1363","-0.1477","107.0734","-43.2396","1074.5726","460.0000","0.9162","18.6313","-15.82758396","-47.97112052","25.1562","3.9280","0.0000","0.0000","1033.9917"
"63.900","51.4101","12","-1.1179","-0.1036","-0.1713","105.8473","-44.4057","1074.5625","460.0000","0.9108","18.4259","-15.82758548","-47.97111385","25.1562","3.9280","0.0000","0.0000","1034.6960"
"63.950","50.9977","12","-1.1241","-0.0504","-0.1396","103.6129","-44.8369","1074.5780","460.0000","0.9684","18.1023","-15.82758649","-47.97110736","25.1562","3.9280","0.0000","0.0000","1035.4086"
"64.000","49.8314","12","-1.1280","-0.0318","-0.2288","100.5085","-45.0946","1074.5370","460.0000","1.1160","17.5873","-15.82758695","-47.97110110","25.1562","3.9280","0.0000","0.0000","1036.1174"
"64.050","49.6836","10","-1.1240","-0.0154","-0.2763","98.6959","-45.0051","1074.4977","460.0000","1.0836","17.5700","-15.82758741","-47.97109473","25.1562","3.9280","0.0000","0.0000","1036.8147"
"64.100","50.1808","10","-1.0962","-0.0058","-0.3001","97.1356","-43.9454","1074.4744","460.0000","1.0188","18.1738","-15.82758779","-47.97108809","25.1562","3.9280","0.0000","0.0000","1037.5071"
"64.150","51.2732","10","-1.0642","0.0576","-0.3971","95.0507","-42.6923","1074.4209","460.0000","0.9738","19.1144","-15.82758787","-47.97108123","25.1562","3.9280","0.0000","0.0000","1038.2015"
"64.200","51.5214","11","-1.1650","0.0447","-0.4491","92.3620","-46.6714","1074.3756","462.0000","0.9360","17.5694","-15.82758736","-47.97107451","25.1562","3.9280","0.0000","0.0000","1038.9004"
"64.250","50.6022","11","-1.2961","-0.0277","-0.4694","89.7042","-51.8988","1074.3628","470.0000","0.9198","15.5179","-15.82758641","-47.97106800","25.1562","3.9280","0.0000","0.0000","1039.6016"
"64.300","49.8641","11","-1.4014","-0.0521","-0.5428","86.9480","-56.2332","1074.3201","470.0000","0.8748","14.1129","-15.82758520","-47.97106170","25.1562","3.9280","0.0000","0.0000","1040.3022"
"64.350","49.7791","11","-1.4557","-0.0088","-0.5593","83.8151","-58.5741","1074.3071","470.0000","0.7956","13.5258","-15.82758353","-47.97105530","25.1562","3.9290","0.0000","0.0000","1041.0029"
"64.400","50.1830","11","-1.4892","0.0374","-0.5859","81.0821","-59.9890","1074.2889","470.0000","0.7560","13.3139","-15.82758174","-47.97104875","25.1562","3.9300","0.0000","0.0000","1041.7064"
"64.450","50.4787","11","-1.5814","0.0308","-0.5960","77.6359","-63.6929","1074.2871","470.0000","0.7398","12.6136","-15.82757931","-47.97104225","25.1562","3.9300","0.0000","0.0000","1042.4202"
"64.500","50.4816","12","-1.6640","0.0650","-0.7109","74.2074","-67.0366","1074.2106","463.0000","0.7200","11.9851","-15.82757668","-47.97103605","25.1562","3.9300","0.0000","0.0000","1043.1426"
"64.550","50.3647","11","-1.5467","0.1336","-0.8113","71.2766","-62.2459","1074.1565","460.0000","0.6858","12.8776","-15.82757400","-47.97102997","25.1531","3.9300","0.0000","0.0000","1043.8677"
"64.600","50.5041","12","-1.3747","0.2139","-0.9004","68.8092","-55.1061","1074.0867","460.0000","0.6768","14.5863","-15.82757114","-47.97102394","25.1500","3.9300","0.0000","0.0000","1044.5923"
"64.650","50.8884","12","-1.2517","0.2598","-0.9924","66.1954","-49.8381","1074.0358","460.0000","0.6156","16.2509","-15.82756801","-47.97101794","25.1469","3.9300","0.0000","0.0000","1045.3185"
"64.700","51.7637","13","-1.1458","0.2430","-1.0881","63.3434","-45.2411","1073.9554","460.0000","0.5508","18.2101","-15.82756451","-47.97101190","25.1437","3.9300","0.0000","0.0000","1046.0464"
"64.750","52.3024","13","-1.0569","0.1529","-1.1993","61.0911","-41.4090","1073.8723","460.0000","0.5058","20.1023","-15.82756088","-47.97100611","25.1406","3.9300","0.0000","0.0000","1046.7769"
"64.800","52.1961","12","-0.9502","0.1146","-1.2771","59.5285","-37.0643","1073.8009","460.0000","0.4608","22.4131","-15.82755741","-47.97100039","25.1375","3.9300","0.0000","0.0000","1047.5115"
"64.850","52.1682","12","-0.8447","0.1317","-1.3056","58.5131","-32.8348","1073.7704","460.0000","0.4482","25.2866","-15.82755385","-47.97099465","25.1344","3.9300","0.0000","0.0000","1048.2526"
"64.900","52.3930","12","-0.7428","0.1514","-1.3430","57.3351","-28.7538","1073.7394","460.0000","0.4680","29.0000","-15.82755016","-47.97098900","25.1313","3.9300","0.0000","0.0000","1048.9989"
"64.950","52.3352","12","-0.6828","0.1613","-1.4085","55.4646","-26.2986","1073.6862","460.0000","0.4680","31.6724","-15.82754624","-47.97098356","25.1281","3.9310","0.0000","0.0000","1049.7507"
"65.000","52.7822","12","-0.6877","0.1218","-1.4219","53.6965","-26.3548","1073.6442","460.0000","0.4680","31.8748","-15.82754202","-47.97097815","25.1250","3.9320","0.0000","0.0000","1050.5062"
"65.050","53.0865","12","-0.6961","0.1077","-1.4475","52.4601","-26.5847","1073.6123","460.0000","0.4518","31.7814","-15.82753771","-47.97097270","25.1219","3.9320","0.0000","0.0000","1051.2628"
"65.100","53.5418","12","-0.6314","0.2026","-1.4586","51.4169","-24.0277","1073.5806","460.0000","0.4068","35.4651","-15.82753327","-47.97096729","25.1187","3.9320","0.0000","0.0000","1052.0225"
"65.150","53.8674","12","-0.5900","0.2333","-1.5039","50.2046","-22.2991","1073.5270","460.0000","0.3960","38.4466","-15.82752874","-47.97096197","25.1156","3.9320","0.0000","0.0000","1052.7867"
"65.200","54.3889","12","-0.6658","0.1688","-1.5602","49.1697","-24.9838","1073.4690","460.0000","0.3960","34.6475","-15.82752406","-47.97095672","25.1125","3.9320","0.0000","0.0000","1053.5549"
"65.250","54.4369","12","-0.7253","0.1118","-1.6219","47.8284","-27.0838","1073.4091","460.0000","0.3960","31.9892","-15.82751928","-47.97095159","25.1094","3.9320","0.0000","0.0000","1054.3169"
"65.300","54.5169","12","-0.7419","0.1136","-1.6830","46.5317","-27.6105","1073.3510","460.0000","0.3960","31.4251","-15.82751437","-47.97094662","25.1063","3.9320","0.0000","0.0000","1055.0742"
"65.350","54.8236","12","-0.7174","0.1281","-1.7102","44.7052","-26.6053","1073.3105","460.0000","0.4302","32.7959","-15.82750922","-47.97094167","25.1031","3.9310","0.0000","0.0000","1055.8466"
"65.400","55.2186","12","-0.7473","0.1394","-1.7244","43.6771","-27.6048","1073.2751","460.0000","0.4320","31.8362","-15.82750391","-47.97093679","25.1000","3.9300","0.0000","0.0000","1056.6381"
"65.450","55.3857","12","-0.8127","0.1384","-1.7594","42.9779","-29.8960","1073.2229","460.0000","0.4320","29.4852","-15.82749873","-47.97093187","25.0969","3.9300","0.0000","0.0000","1057.4274"
"65.500","54.2839","12","-0.8557","0.1507","-1.8350","40.3478","-31.3464","1073.1825","460.0000","0.5076","27.5615","-15.82749340","-47.97092762","25.0938","3.9300","0.0000","0.0000","1058.2056"
"65.550","54.4800","12","-0.8751","0.1150","-1.8666","37.3838","-31.9143","1073.1425","460.0000","0.6426","27.1689","-15.82748752","-47.97092356","25.0961","3.9290","0.0000","0.0000","1058.9807"
"65.600","56.5681","12","-0.8844","0.0882","-1.8459","37.0067","-32.1501","1073.0942","460.0000","0.6192","28.0032","-15.82748152","-47.97091908","25.0984","3.9280","0.0000","0.0000","1059.7578"
"65.650","57.4294","11","-0.8981","0.0592","-1.8002","36.8238","-32.5727","1073.0854","460.0000","0.6318","28.0608","-15.82747544","-47.97091449","25.1008","3.9280","0.0000","0.0000","1060.5374"
"65.700","56.3288","11","-0.8743","0.0752","-1.8433","34.9570","-31.6604","1073.0548","460.0000","0.6372","28.3162","-15.82746959","-47.97091043","25.1031","3.9280","0.0000","0.0000","1061.3212"
"65.750","55.6625","11","-0.8466","0.0998","-1.8857","32.4822","-30.5928","1073.0396","460.0000","0.6822","28.9576","-15.82746346","-47.97090672","25.1055","3.9280","0.0000","0.0000","1062.1135"
"65.800","55.8699","12","-0.8238","0.1166","-1.8429","30.5778","-29.6833","1073.0470","460.0000","0.6408","29.9561","-15.82745711","-47.97090308","25.1078","3.9280","0.0000","0.0000","1062.9142"
"65.850","56.0398","11","-0.8013","0.1308","-1.7935","29.2917","-28.7687","1073.0472","460.0000","0.6120","31.0025","-15.82745072","-47.97089958","25.1102","3.9290","0.0000","0.0000","1063.7177"
"65.900","56.1773","11","-0.7896","0.0990","-1.8057","27.8361","-28.2420","1073.0255","460.0000","0.6120","31.6581","-15.82744426","-47.97089628","25.1125","3.9300","0.0000","0.0000","1064.5176"
"65.950","56.5628","11","-0.7987","0.0493","-1.8324","26.7297","-28.4866","1072.9945","460.0000","0.5778","31.6017","-15.82743776","-47.97089312","25.1148","3.9300","0.0000","0.0000","1065.3140"
"66.000","57.4878","11","-0.8971","0.0405","-1.8114","25.7365","-31.9590","1072.9678","460.0000","0.6048","28.6288","-15.82743101","-47.97088994","25.1172","3.9300","0.0000","0.0000","1066.1115"
"66.050","57.8922","11","-0.9203","0.1399","-1.8504","24.4292","-32.7484","1072.9331","460.0000","0.5922","28.1352","-15.82742413","-47.97088697","25.1195","3.9300","0.0000","0.0000","1066.9153"
"66.100","57.7888","11","-0.7792","0.2255","-1.8930","22.7417","-27.6081","1072.8918","460.0000","0.6120","33.3140","-15.82741726","-47.97088422","25.1219","3.9300","0.0000","0.0000","1067.7262"
"66.150","57.4113","11","-0.7508","0.1789","-1.8785","20.5140","-26.4181","1072.8889","460.0000","0.6804","34.5872","-15.82741025","-47.97088190","25.1242","3.9300","0.0000","0.0000","1068.5403"
"66.200","57.2340","11","-0.8771","0.0630","-1.8856","18.6830","-30.7165","1072.8802","460.0000","0.7200","29.6553","-15.82740323","-47.97087968","25.1266","3.9300","0.0000","0.0000","1069.3521"
"66.250","57.5682","11","-0.9571","0.0605","-1.8705","17.1851","-33.4695","1072.8773","460.0000","0.7200","27.3750","-15.82739611","-47.97087759","25.1289","3.9300","0.0000","0.0000","1070.1626"
"66.300","58.1428","11","-0.9963","0.0748","-1.8494","15.8607","-34.7861","1072.8578","460.0000","0.6948","26.6017","-15.82738882","-47.97087560","25.1313","3.9300","0.0000","0.0000","1070.9774"
"66.350","58.6372","11","-1.0204","0.0765","-1.8866","14.7458","-35.5582","1072.8275","460.0000","0.6498","26.2454","-15.82738159","-47.97087382","25.1336","3.9310","0.0000","0.0000","1071.7971"
"66.400","58.6663","11","-0.9837","0.0728","-1.8802","13.1189","-34.2142","1072.8156","460.0000","0.6120","27.2899","-15.82737425","-47.97087226","25.1359","3.9320","0.0000","0.0000","1072.6196"
"66.450","58.2652","11","-0.9028","0.0935","-1.8545","11.1943","-31.3392","1072.8351","460.0000","0.6282","29.5898","-15.82736692","-47.97087100","25.1383","3.9320","0.0000","0.0000","1073.4429"
"66.500","58.4537","11","-0.8138","0.1508","-1.7887","9.2329","-28.1768","1072.8550","460.0000","0.6480","33.0172","-15.82735946","-47.97086998","25.1406","3.9320","0.0000","0.0000","1074.2672"
"66.550","58.8510","11","-0.7888","0.1508","-1.7269","7.6752","-27.1885","1072.8749","460.0000","0.6480","34.4499","-15.82735189","-47.97086916","25.1391","3.9320","0.0000","0.0000","1075.0941"
"66.600","59.1932","12","-0.7817","0.1221","-1.7010","6.4075","-26.8301","1072.8844","460.0000","0.6192","35.1131","-15.82734426","-47.97086842","25.1375","3.9320","0.0000","0.0000","1075.9255"
"66.650","59.2509","12","-0.7828","0.0872","-1.6918","4.9348","-26.7790","1072.8717","460.0000","0.6480","35.2144","-15.82733682","-47.97086797","25.1359","3.9320","0.0000","0.0000","1076.7573"
"66.700","59.3298","11","-0.7663","0.0634","-1.6554","4.0646","-26.1546","1072.8656","460.0000","0.5976","36.1031","-15.82732931","-47.97086752","25.1344","3.9320","0.0000","0.0000","1077.5847"
"66.750","59.3466","11","-0.7592","0.0612","-1.6381","3.6265","-25.8679","1072.8512","460.0000","0.5418","36.5136","-15.82732190","-47.97086713","25.1328","3.9310","0.0000","0.0000","1078.4111"
"66.800","59.6566","11","-0.7696","0.0744","-1.5732","2.2142","-26.1775","1072.8517","460.0000","0.5616","36.2703","-15.82731427","-47.97086715","25.1313","3.9300","0.0000","0.0000","1079.2407"
"66.850","60.0526","11","-0.8307","0.0675","-1.4203","0.1647","-28.1986","1072.9048","460.0000","0.6642","33.8941","-15.82730651","-47.97086757","25.1297","3.9300","0.0000","0.0000","1080.0735"
"66.900","59.7671","11","-0.9275","0.0225","-1.3252","-1.5773","-31.4323","1072.9412","460.0000","0.6588","30.2626","-15.82729898","-47.97086824","25.1281","3.9300","0.0000","0.0000","1080.9087"
"66.950","59.2323","11","-1.0814","0.0140","-1.2964","-3.5198","-36.6368","1072.9485","460.0000","0.6480","25.7313","-15.82729159","-47.97086904","25.1266","3.9300","0.0000","0.0000","1081.7434"
"67.000","59.6747","11","-1.1914","0.0627","-1.2160","-5.0855","-40.3539","1072.9618","460.0000","0.6192","23.5356","-15.82728396","-47.97087022","25.1250","3.9300","0.0000","0.0000","1082.5754"
"67.050","59.8229","11","-1.2624","0.0523","-1.1821","-7.4193","-42.7008","1072.9686","460.0000","0.6480","22.2973","-15.82727647","-47.97087181","25.1234","3.9300","0.0000","0.0000","1083.4071"
"67.100","60.0895","11","-1.2983","0.0340","-1.2082","-9.6941","-43.8760","1072.9380","460.0000","0.6732","21.7967","-15.82726909","-47.97087372","25.1219","3.9300","0.0000","0.0000","1084.2385"
"67.150","60.2171","11","-1.2897","0.0284","-1.2224","-11.5058","-43.5663","1072.9056","460.0000","0.6498","21.9983","-15.82726174","-47.97087572","25.1203","3.9290","0.0000","0.0000","1085.0645"
"67.200","60.0187","11","-1.2219","-0.0018","-1.1833","-13.7408","-41.2708","1072.8939","460.0000","0.7272","23.1454","-15.82725453","-47.97087814","25.1187","3.9280","0.0000","0.0000","1085.8878"
"67.250","59.7909","11","-1.1863","-0.0133","-1.1592","-15.9454","-40.0903","1072.8889","460.0000","0.7560","23.7365","-15.82724750","-47.97088087","25.1172","3.9280","0.0000","0.0000","1086.7174"
"67.300","60.0120","11","-1.1701","0.0111","-1.1299","-17.9210","-39.5814","1072.8857","460.0000","0.7560","24.1306","-15.82724046","-47.97088368","25.1156","3.9280","0.0000","0.0000","1087.5487"
"67.350","59.8682","10","-1.1172","0.0462","-1.1289","-19.9990","-37.7921","1072.8661","460.0000","0.7560","25.2125","-15.82723356","-47.97088677","25.1141","3.9280","0.0000","0.0000","1088.3787"
"67.400","59.0629","11","-1.0588","-0.0049","-1.1749","-21.4376","-35.7919","1072.8445","460.0000","0.7128","26.2634","-15.82722691","-47.97088988","25.1125","3.9280","0.0000","0.0000","1089.2073"
"67.450","59.4499","11","-1.0467","-0.0353","-1.1311","-23.2118","-35.4048","1072.8467","460.0000","0.6678","26.7244","-15.82722017","-47.97089328","25.1109","3.9290","0.0000","0.0000","1090.0315"
"67.500","59.9681","11","-1.0636","-0.0283","-1.0880","-24.6975","-36.0318","1072.8566","453.0000","0.6228","26.4883","-15.82721341","-47.97089692","25.1094","3.9300","0.0000","0.0000","1090.8511"
"67.550","59.6985","11","-1.1292","-0.0416","-1.0346","-27.0580","-38.2980","1072.8594","450.0000","0.6462","24.8089","-15.82720706","-47.97090083","25.1094","3.9300","0.0000","0.0000","1091.6682"
"67.600","59.7547","11","-1.1772","-0.0574","-1.0283","-29.0848","-39.9981","1072.8455","450.0000","0.6408","23.7768","-15.82720069","-47.97090507","25.1094","3.9300","0.0000","0.0000","1092.4860"
"67.650","59.5492","11","-1.2106","-0.0609","-1.0344","-30.5971","-41.2221","1072.8263","450.0000","0.5958","22.9914","-15.82719456","-47.97090944","25.1094","3.9300","0.0000","0.0000","1093.3035"
"67.700","59.2407","11","-1.2535","-0.0732","-1.0063","-32.2520","-42.7855","1072.8278","450.0000","0.6012","22.0365","-15.82718852","-47.97091383","25.1094","3.9300","0.0000","0.0000","1094.1218"
"67.750","58.6798","11","-1.2928","-0.0462","-0.8537","-35.6890","-44.2456","1072.8916","450.0000","0.7146","21.1076","-15.82718299","-47.97091898","25.1094","3.9290","0.0000","0.0000","1094.9443"
"67.800","58.8957","11","-1.2499","-0.0066","-0.7641","-38.2638","-42.8563","1072.9341","450.0000","0.7128","21.8720","-15.82717749","-47.97092434","25.1094","3.9280","0.0000","0.0000","1095.7708"
"67.850","58.8795","11","-1.1984","0.0150","-0.6866","-40.1541","-41.1111","1072.9674","450.0000","0.6678","22.7943","-15.82717209","-47.97092975","25.1094","3.9280","0.0000","0.0000","1096.6000"
"67.900","58.8364","11","-1.1165","0.0125","-0.6029","-41.6011","-38.3051","1072.9974","450.0000","0.6228","24.4461","-15.82716678","-47.97093511","25.1094","3.9280","0.0000","0.0000","1097.4319"
"67.950","58.9226","11","-1.0216","0.1012","-0.5614","-42.9980","-35.0490","1073.0009","450.0000","0.5778","26.7563","-15.82716149","-47.97094061","25.1094","3.9280","0.0000","0.0000","1098.2645"
"68.000","59.4750","11","-0.9175","0.1181","-0.5570","-44.6011","-31.3919","1072.9875","450.0000","0.5688","30.1534","-15.82715636","-47.97094645","25.1094","3.9280","0.0000","0.0000","1099.0984"
"68.050","59.5820","11","-0.8798","0.1190","-0.5351","-46.0500","-30.0071","1072.9916","450.0000","0.5400","31.6017","-15.82715131","-47.97095228","25.1094","3.9280","0.0000","0.0000","1099.9363"
"68.100","59.8159","11","-0.7974","0.1283","-0.5228","-47.5968","-27.1050","1073.0007","450.0000","0.5148","35.1226","-15.82714654","-47.97095836","25.1094","3.9280","0.0000","0.0000","1100.7764"
"68.150","60.0463","11","-0.7088","0.1113","-0.5186","-48.6328","-24.0080","1073.0020","450.0000","0.5382","39.8061","-15.82714166","-47.97096436","25.1094","3.9290","0.0000","0.0000","1101.6193"
"68.200","59.8619","11","-0.6719","0.0976","-0.5070","-50.0301","-22.6861","1073.0063","450.0000","0.5040","41.9963","-15.82713707","-47.97097060","25.1094","3.9300","0.0000","0.0000","1102.4674"
"68.250","60.1911","11","-0.6763","0.1208","-0.4879","-51.4662","-22.7720","1073.0171","450.0000","0.4878","42.0680","-15.82713263","-47.97097705","25.1094","3.9300","0.0000","0.0000","1103.3188"
"68.300","60.4081","11","-0.6137","0.1307","-0.4739","-52.4514","-20.5963","1073.0199","450.0000","0.4680","46.6795","-15.82712815","-47.97098347","25.1094","3.9300","0.0000","0.0000","1104.1714"
"68.350","60.5599","11","-0.4920","0.1176","-0.4295","-53.2970","-16.4494","1073.0291","450.0000","0.4338","58.5941","-15.82712372","-47.97098997","25.1094","3.9300","0.0000","0.0000","1105.0270"
"68.400","60.7755","11","-0.3663","0.1016","-0.4040","-53.8387","-12.2063","1073.0446","450.0000","0.3960","79.2438","-15.82711923","-47.97099642","25.1094","3.9300","0.0000","0.0000","1105.8846"
"68.450","61.3186","11","-0.2486","0.1086","-0.3634","-54.0364","-8.2601","1073.0605","450.0000","0.3960","118.1478","-15.82711472","-47.97100293","25.1094","3.9310","0.0000","0.0000","1106.7458"
"68.500","61.2424","11","-0.1598","0.1344","-0.3609","-54.3981","-5.2944","1073.0696","450.0000","0.3960","184.0992","-15.82711031","-47.97100956","25.1094","3.9320","0.0000","0.0000","1107.6108"
"68.550","61.5541","11","-0.0739","0.1368","-0.3534","-54.5161","-2.4394","1073.0692","450.0000","0.3960","401.6002","-15.82710587","-47.97101606","25.1109","3.9320","0.0000","0.0000","1108.4792"
"68.600","61.6830","11","-0.0043","0.1452","-0.3084","-54.4304","-0.1431","1073.0901","450.0000","0.3960","6859.8413","-15.82710127","-47.97102259","25.1125","3.9320","0.0000","0.0000","1109.3508"
"68.650","61.8439","11","0.0817","0.1235","-0.2914","-54.4439","2.6705","1073.1106","450.0000","0.3960","368.5785","-15.82709671","-47.97102915","25.1141","3.9320","0.0000","0.0000","1110.2245"
"68.700","62.1182","11","0.1272","0.1000","-0.2539","-54.3217","4.1497","1073.1282","450.0000","0.3960","238.2422","-15.82709209","-47.97103572","25.1156","3.9320","0.0000","0.0000","1111.0981"
"68.750","62.4420","11","0.1472","0.1137","-0.2286","-53.9700","4.7866","1073.1469","450.0000","0.3960","207.6187","-15.82708737","-47.97104225","25.1172","3.9310","0.0000","0.0000","1111.9713"
"68.800","62.6258","11","0.2119","0.1068","-0.2183","-53.7098","6.8668","1073.1543","450.0000","0.3960","145.1516","-15.82708264","-47.97104874","25.1187","3.9300","0.0000","0.0000","1112.8466"
"68.850","62.8673","11","0.3244","0.0884","-0.2151","-53.2339","10.4824","1073.1569","450.0000","0.3960","95.4517","-15.82707778","-47.97105533","25.1203","3.9300","0.0000","0.0000","1113.7257"
"68.900","62.9624","11","0.4622","0.0922","-0.1962","-52.5325","14.9020","1073.1600","450.0000","0.3960","67.2447","-15.82707277","-47.97106165","25.1219","3.9300","0.0000","0.0000","1114.6052"
"68.950","62.8089","11","0.5888","0.1073","-0.2056","-51.6032","18.9382","1073.1639","450.0000","0.3960","52.7842","-15.82706771","-47.97106787","25.1234","3.9300","0.0000","0.0000","1115.4835"
"69.000","62.8849","11","0.6427","0.0727","-0.1976","-50.6504","20.6140","1073.1627","450.0000","0.3960","48.5518","-15.82706254","-47.97107399","25.1250","3.9300","0.0000","0.0000","1116.3600"
"69.050","63.1687","11","0.7087","0.0524","-0.1511","-49.5862","22.6883","1073.1843","450.0000","0.3960","44.3119","-15.82705711","-47.97108010","25.1266","3.9300","0.0000","0.0000","1117.2313"
"69.100","63.3972","11","0.7729","0.0001","-0.1231","-48.3577","24.7142","1073.2009","450.0000","0.3960","40.8266","-15.82705155","-47.97108611","25.1281","3.9300","0.0000","0.0000","1118.0945"
"69.150","63.2635","11","0.8326","-0.0478","-0.0784","-46.4125","26.6296","1073.2205","450.0000","0.3960","37.8102","-15.82704572","-47.97109167","25.1297","3.9300","0.0000","0.0000","1118.9497"
"69.200","63.1894","11","0.8905","-0.0747","-0.0659","-44.7508","28.5296","1073.2444","450.0000","0.4608","35.2507","-15.82703971","-47.97109716","25.1313","3.9300","0.0000","0.0000","1119.7992"
"69.250","63.0143","11","0.9876","-0.1345","-0.0571","-43.6238","31.7240","1073.2629","450.0000","0.4320","31.6134","-15.82703383","-47.97110252","25.1328","3.9290","0.0000","0.0000","1120.6445"
"69.300","62.5358","11","1.0675","-0.1940","0.0163","-42.7122","34.4370","1073.3154","450.0000","0.4572","28.9017","-15.82702784","-47.97110781","25.1344","3.9280","0.0000","0.0000","1121.4878"
"69.350","61.7565","11","1.1148","-0.2057","0.1184","-41.1714","36.1743","1073.3828","450.0000","0.4680","27.1708","-15.82702174","-47.97111281","25.1359","3.9280","0.0000","0.0000","1122.3254"
"69.400","61.3482","11","1.1353","-0.2200","0.1837","-38.8031","37.0745","1073.4229","450.0000","0.5544","26.3358","-15.82701531","-47.97111739","25.1375","3.9280","0.0000","0.0000","1123.1576"
"69.450","60.9471","11","1.1751","-0.2367","0.1839","-36.3415","38.6344","1073.4448","450.0000","0.6120","25.1073","-15.82700883","-47.97112174","25.1391","3.9290","0.0000","0.0000","1123.9873"
"69.500","60.8496","11","1.2122","-0.2329","0.1473","-34.2233","40.1466","1073.4338","450.0000","0.6120","24.1229","-15.82700222","-47.97112581","25.1406","3.9300","0.0000","0.0000","1124.8127"
"69.550","60.6678","11","1.2268","-0.1746","0.1575","-32.1143","40.9240","1073.4524","450.0000","0.6120","23.5940","-15.82699548","-47.97112975","25.1398","3.9300","0.0000","0.0000","1125.6312"
"69.600","59.9963","11","1.2268","-0.1482","0.2113","-30.1274","41.1483","1073.4772","450.0000","0.6192","23.2056","-15.82698872","-47.97113333","25.1391","3.9300","0.0000","0.0000","1126.4451"
"69.650","59.7944","11","1.2079","-0.1359","0.1036","-28.4802","40.7122","1073.4225","450.0000","0.6480","23.3753","-15.82698209","-47.97113673","25.1383","3.9300","0.0000","0.0000","1127.2559"
"69.700","59.7164","11","1.1846","-0.1512","0.0788","-27.1228","40.1039","1073.4243","450.0000","0.6480","23.6988","-15.82697522","-47.97114005","25.1375","3.9300","0.0000","0.0000","1128.0610"
"69.750","59.1987","11","1.1357","-0.1664","0.1948","-24.8979","38.6412","1073.4957","450.0000","0.6822","24.3827","-15.82696823","-47.97114299","25.1367","3.9300","0.0000","0.0000","1128.8596"
"69.800","58.6338","12","1.1318","-0.1926","0.2468","-22.2350","38.7236","1073.5413","450.0000","0.6768","24.0986","-15.82696127","-47.97114549","25.1359","3.9300","0.0000","0.0000","1129.6566"
"69.850","58.5074","12","1.1712","-0.2022","0.2268","-20.2457","40.3270","1073.5336","450.0000","0.6318","23.0906","-15.82695424","-47.97114784","25.1352","3.9290","0.0000","0.0000","1130.4547"
"69.900","58.3145","12","1.1458","-0.1613","0.1752","-18.7960","39.7073","1073.5070","450.0000","0.5868","23.3736","-15.82694733","-47.97115001","25.1344","3.9280","0.0000","0.0000","1131.2510"
"69.950","57.6622","12","1.1582","-0.1289","0.2268","-16.7164","40.3548","1073.5470","450.0000","0.6102","22.7413","-15.82694030","-47.97115191","25.1336","3.9280","0.0000","0.0000","1132.0420"
"70.000","57.2356","11","1.2100","-0.1120","0.2809","-14.2935","42.3438","1073.5892","450.0000","0.6624","21.5128","-15.82693323","-47.97115343","25.1328","3.9280","0.0000","0.0000","1132.8282"
"70.050","57.4747","11","1.2772","-0.0957","0.2847","-11.7311","44.8683","1073.6090","450.0000","0.7362","20.3872","-15.82692602","-47.97115462","25.1320","3.9280","0.0000","0.0000","1133.6133"
"70.100","57.4660","12","1.2918","-0.0940","0.2547","-9.7700","45.5436","1073.6036","450.0000","0.7560","20.0818","-15.82691887","-47.97115556","25.1313","3.9280","0.0000","0.0000","1134.3986"
"70.150","57.2999","11","1.3133","-0.0686","0.2515","-7.8839","46.4660","1073.6178","450.0000","0.6876","19.6263","-15.82691168","-47.97115639","25.1305","3.9290","0.0000","0.0000","1135.1797"
"70.200","56.6510","12","1.3234","-0.0594","0.2549","-5.8780","46.9520","1073.6383","450.0000","0.6768","19.2032","-15.82690467","-47.97115678","25.1297","3.9300","0.0000","0.0000","1135.9535"
"70.250","56.4948","11","1.4171","-0.0767","0.2244","-3.5726","50.4079","1073.6383","450.0000","0.6642","17.8374","-15.82689763","-47.97115694","25.1289","3.9300","0.0000","0.0000","1136.7197"
"70.300","56.5886","11","1.4735","-0.1225","0.2035","0.0905","52.5846","1073.6377","450.0000","0.7596","17.1273","-15.82689058","-47.97115647","25.1281","3.9300","0.0000","0.0000","1137.4788"
"70.350","56.5674","11","1.4446","-0.1687","0.2446","3.9062","51.7970","1073.6748","440.5000","0.7920","17.3813","-15.82688345","-47.97115543","25.1273","3.9310","0.0000","0.0000","1138.2286"
"70.400","55.9767","11","1.3884","-0.2191","0.2584","5.1240","50.0990","1073.6815","440.0000","0.7128","17.7827","-15.82687661","-47.97115460","25.1266","3.9320","0.0000","0.0000","1138.9720"
"70.450","55.4126","11","1.3728","-0.2235","0.2360","7.0077","49.9220","1073.6909","440.0000","0.6840","17.6660","-15.82686982","-47.97115342","25.1258","3.9320","0.0000","0.0000","1139.7142"
"70.500","55.0365","12","1.3662","-0.2110","0.1263","10.0853","50.0744","1073.6453","440.0000","0.7848","17.4926","-15.82686325","-47.97115174","25.1250","3.9320","0.0000","0.0000","1140.4612"
"70.550","54.3264","11","1.2991","-0.1784","0.0859","12.7520","47.9721","1073.6283","440.0000","0.8280","18.0236","-15.82685686","-47.97114988","25.1289","3.9310","0.0000","0.0000","1141.2119"
"70.600","53.6267","12","1.2537","-0.1731","0.1603","14.8556","46.5912","1073.6732","440.0000","0.8208","18.3188","-15.82685043","-47.97114784","25.1328","3.9300","0.0000","0.0000","1141.9625"
"70.650","53.3549","12","1.2445","-0.1512","0.1983","17.0526","46.5464","1073.6932","440.0000","0.7758","18.2435","-15.82684416","-47.97114556","25.1367","3.9290","0.0000","0.0000","1142.7141"
"70.700","53.4895","12","1.3119","-0.0942","0.2129","19.0197","49.3346","1073.6937","440.0000","0.7560","17.2559","-15.82683780","-47.97114302","25.1406","3.9280","0.0000","0.0000","1143.4708"
"70.750","54.1418","12","1.3197","0.0189","0.2841","21.3915","49.8143","1073.7363","440.0000","0.7218","17.2981","-15.82683124","-47.97114011","25.1445","3.9270","0.0000","0.0000","1144.2344"
"70.800","54.0633","13","1.3567","0.1354","0.3102","24.2430","51.1886","1073.7749","440.0000","0.7128","16.8093","-15.82682513","-47.97113697","25.1484","3.9260","0.0000","0.0000","1145.0002"
"70.850","54.0084","13","1.3527","0.1973","0.2527","27.2137","50.8341","1073.7439","440.0000","0.7002","16.9093","-15.82681927","-47.97113345","25.1523","3.9260","0.0000","0.0000","1145.7617"
"70.900","54.1966","12","1.2726","0.1762","0.1206","29.8499","47.5531","1073.6764","440.0000","0.6948","18.1390","-15.82681357","-47.97112971","25.1562","3.9260","0.0000","0.0000","1146.5204"
"70.950","54.7087","12","1.2845","0.1766","0.0573","32.3385","47.7573","1073.6710","440.0000","0.6498","18.2321","-15.82680780","-47.97112570","25.1602","3.9260","0.0000","0.0000","1147.2798"
"71.000","55.2728","12","1.3427","0.1339","0.0469","35.1078","49.6788","1073.6669","440.0000","0.6768","17.7076","-15.82680212","-47.97112121","25.1641","3.9260","0.0000","0.0000","1148.0409"
"71.050","55.0552","12","1.4174","0.0593","0.0059","36.9151","52.2699","1073.6521","440.0000","0.6318","16.7636","-15.82679680","-47.97111684","25.1680","3.9270","0.0000","0.0000","1148.8016"
"71.100","54.6365","12","1.4355","-0.0076","-0.0352","38.5333","52.8985","1073.6315","440.0000","0.6120","16.4384","-15.82679170","-47.97111229","25.1719","3.9280","0.0000","0.0000","1149.5597"
"71.150","54.5822","12","1.4131","-0.0198","-0.0711","41.0935","52.1317","1073.6150","440.0000","0.6120","16.6636","-15.82678678","-47.97110748","25.1758","3.9290","0.0000","0.0000","1150.3184"
"71.200","54.7519","12","1.3374","-0.0106","-0.1190","44.7102","49.4097","1073.5964","440.0000","0.6840","17.6363","-15.82678224","-47.97110234","25.1797","3.9300","0.0000","0.0000","1151.0825"
"71.250","54.8454","12","1.2855","0.0349","-0.1511","47.4969","47.5298","1073.5732","440.0000","0.6840","18.3651","-15.82677789","-47.97109692","25.1836","3.9300","0.0000","0.0000","1151.8481"
"71.300","54.7512","12","1.2979","0.0284","-0.1427","50.3379","47.9673","1073.5801","440.0000","0.6840","18.1664","-15.82677383","-47.97109130","25.1875","3.9300","0.0000","0.0000","1152.6116"
"71.350","54.3108","11","1.2945","0.0281","-0.1689","52.7302","47.8338","1073.5752","440.0000","0.6840","18.0706","-15.82677003","-47.97108567","25.1914","3.9300","0.0000","0.0000","1153.3748"
"71.400","54.7772","12","1.2506","0.0411","-0.1767","54.6289","46.1965","1073.5709","440.0000","0.6048","18.8717","-15.82676617","-47.97107973","25.1953","3.9300","0.0000","0.0000","1154.1377"
"71.450","55.2463","12","1.2238","0.0730","-0.2272","56.0169","45.1704","1073.5472","440.0000","0.5598","19.4657","-15.82676244","-47.97107357","25.1992","3.9300","0.0000","0.0000","1154.9000"
"71.500","55.0292","12","1.2102","0.0900","-0.2770","57.3548","44.5869","1073.5226","440.0000","0.5148","19.6429","-15.82675900","-47.97106751","25.2031","3.9300","0.0000","0.0000","1155.6644"
"71.550","54.8567","12","1.1664","0.0259","-0.3537","60.0380","42.8753","1073.4788","440.0000","0.5382","20.3630","-15.82675588","-47.97106135","25.2023","3.9300","0.0000","0.0000","1156.4307"
"71.600","55.0127","12","1.1403","-0.0151","-0.3825","62.8927","41.9146","1073.4518","440.0000","0.5400","20.8890","-15.82675316","-47.97105488","25.2016","3.9300","0.0000","0.0000","1157.1962"
"71.650","54.8588","12","1.1969","0.0046","-0.3867","65.8427","44.0397","1073.4395","440.0000","0.5400","19.8254","-15.82675069","-47.97104829","25.2008","3.9290","0.0000","0.0000","1157.9563"
"71.700","54.9380","12","1.2762","0.0184","-0.4251","68.1011","46.9727","1073.4084","440.0000","0.5148","18.6143","-15.82674842","-47.97104162","25.2000","3.9280","0.0000","0.0000","1158.7140"
"71.750","55.1299","11","1.2959","0.0127","-0.4810","69.7883","47.7044","1073.3768","440.0000","0.5040","18.3928","-15.82674624","-47.97103485","25.1992","3.9270","0.0000","0.0000","1159.4734"
"71.800","55.2233","11","1.3447","0.0014","-0.5058","72.4444","49.5186","1073.3433","440.0000","0.5400","17.7490","-15.82674459","-47.97102810","25.1984","3.9260","0.0000","0.0000","1160.2338"
"71.850","54.9913","11","1.3298","0.0029","-0.5493","74.5569","49.0028","1073.3004","440.0000","0.5238","17.8605","-15.82674317","-47.97102119","25.1977","3.9260","0.0000","0.0000","1160.9946"
"71.900","54.5037","11","1.2569","0.0163","-0.5171","76.5394","46.3463","1073.2832","440.0000","0.5040","18.7168","-15.82674189","-47.97101442","25.1969","3.9260","0.0000","0.0000","1161.7578"
"71.950","54.5740","11","1.1866","0.0116","-0.5313","79.1378","43.7569","1073.2441","440.0000","0.5382","19.8500","-15.82674090","-47.97100748","25.1961","3.9260","0.0000","0.0000","1162.5216"
"72.000","54.7848","12","1.1516","-0.0495","-0.5716","81.5522","42.4878","1073.2020","438.0000","0.5400","20.5218","-15.82674022","-47.97100040","25.1953","3.9260","0.0000","0.0000","1163.2841"
"72.050","54.7310","12","1.1774","-0.0254","-0.5717","83.9614","43.5311","1073.1754","430.0000","0.5238","20.0103","-15.82673978","-47.97099339","25.1945","3.9260","0.0000","0.0000","1164.0475"
"72.100","54.8259","12","1.1834","0.0420","-0.6089","85.9168","43.8080","1073.1406","430.0000","0.5292","19.9183","-15.82673958","-47.97098633","25.1938","3.9260","0.0000","0.0000","1164.8152"
"72.150","55.1764","11","1.1652","0.0784","-0.6100","87.9902","43.0967","1073.1133","430.0000","0.5400","20.3765","-15.82673960","-47.97097912","25.1930","3.9270","0.0000","0.0000","1165.5894"
"72.200","54.8672","11","1.1000","0.1014","-0.6063","89.9217","40.6014","1073.0875","430.0000","0.5040","21.5076","-15.82673981","-47.97097209","25.1922","3.9280","0.0000","0.0000","1166.3702"
"72.250","54.8753","11","1.0104","0.1374","-0.6374","91.5803","37.1854","1073.0563","430.0000","0.5040","23.4868","-15.82674033","-47.97096500","25.1914","3.9280","0.0000","0.0000","1167.1536"
"72.300","55.0402","11","0.9573","0.1533","-0.6655","93.7269","35.0872","1073.0228","430.0000","0.5292","24.9661","-15.82674100","-47.97095788","25.1906","3.9280","0.0000","0.0000","1167.9346"
"72.350","55.4655","11","0.8814","0.1327","-0.6931","95.3627","32.1571","1072.9915","430.0000","0.5058","27.4515","-15.82674185","-47.97095066","25.1898","3.9290","0.0000","0.0000","1168.7167"
"72.400","55.9904","11","0.8570","0.0942","-0.6953","96.9135","31.1518","1072.9673","430.0000","0.5040","28.6056","-15.82674298","-47.97094352","25.1891","3.9300","0.0000","0.0000","1169.5007"
"72.450","56.4587","11","0.8944","0.1161","-0.7029","98.4175","32.4207","1072.9404","430.0000","0.5040","27.7158","-15.82674426","-47.97093624","25.1883","3.9300","0.0000","0.0000","1170.2860"
"72.500","56.3528","11","0.8876","0.1272","-0.7138","100.0294","32.0660","1072.9149","430.0000","0.5292","27.9699","-15.82674575","-47.97092921","25.1875","3.9300","0.0000","0.0000","1171.0746"
"72.550","56.0136","11","0.8352","0.1295","-0.7189","101.3365","30.0626","1072.8894","430.0000","0.5058","29.6542","-15.82674734","-47.97092216","25.1875","3.9300","0.0000","0.0000","1171.8665"
"72.600","56.5066","11","0.8015","0.1043","-0.7395","102.8308","28.7431","1072.8591","430.0000","0.5040","31.2886","-15.82674919","-47.97091503","25.1875","3.9300","0.0000","0.0000","1172.6598"
"72.650","56.4421","11","0.8474","0.0795","-0.7753","104.3988","30.3011","1072.8247","430.0000","0.5040","29.6459","-15.82675124","-47.97090807","25.1875","3.9310","0.0000","0.0000","1173.4517"
"72.700","56.6766","11","0.9022","0.0567","-0.7998","106.3265","32.1930","1072.7998","430.0000","0.5040","28.0196","-15.82675362","-47.97090112","25.1875","3.9320","0.0000","0.0000","1174.2439"
"72.750","56.8224","11","0.8624","0.0437","-0.7812","108.1154","30.7298","1072.7832","430.0000","0.5382","29.4293","-15.82675612","-47.97089418","25.1875","3.9310","0.0000","0.0000","1175.0370"
"72.800","57.1717","11","0.8587","0.0398","-0.7782","109.4486","30.5668","1072.7784","430.0000","0.5328","29.7682","-15.82675860","-47.97088716","25.1875","3.9300","0.0000","0.0000","1175.8319"
"72.850","57.0788","11","0.8923","0.0603","-0.8000","110.2601","31.7293","1072.7532","430.0000","0.5040","28.6309","-15.82676121","-47.97088033","25.1875","3.9300","0.0000","0.0000","1176.6260"
"72.900","56.9839","11","0.8969","0.0612","-0.8285","111.7466","31.8406","1072.7390","430.0000","0.5292","28.4833","-15.82676402","-47.97087362","25.1875","3.9300","0.0000","0.0000","1177.4186"
"72.950","57.0971","11","0.9137","0.0454","-0.8436","114.4474","32.3871","1072.7279","430.0000","0.6084","28.0584","-15.82676731","-47.97086700","25.1875","3.9300","0.0000","0.0000","1178.2159"
"73.000","57.1216","11","0.9539","0.0205","-0.8453","116.5381","33.7808","1072.7124","430.0000","0.6408","26.9123","-15.82677083","-47.97086056","25.1875","3.9300","0.0000","0.0000","1179.0173"
"73.050","57.3222","10","1.0096","0.0299","-0.8781","117.2991","35.7424","1072.6947","430.0000","0.6120","25.5246","-15.82677416","-47.97085387","25.1875","3.9300","0.0000","0.0000","1179.8185"
"73.100","56.9839","10","1.0712","0.0654","-0.8845","118.5298","37.9027","1072.6733","430.0000","0.6120","23.9278","-15.82677770","-47.97084756","25.1875","3.9300","0.0000","0.0000","1180.6240"
"73.150","57.0422","10","1.1339","0.0757","-0.8789","120.9142","40.0535","1072.6692","430.0000","0.6804","22.6661","-15.82678162","-47.97084151","25.1875","3.9310","0.0000","0.0000","1181.4336"
"73.200","57.7465","11","1.1760","0.0924","-0.9169","124.0341","41.4644","1072.6418","430.0000","0.7848","22.1651","-15.82678620","-47.97083542","25.1875","3.9320","0.0000","0.0000","1182.2417"
"73.250","57.6858","11","1.1640","0.1064","-0.9454","125.5044","40.9382","1072.6104","430.0000","0.7398","22.4265","-15.82679059","-47.97082950","25.1875","3.9320","0.0000","0.0000","1183.0465"
"73.300","57.6835","11","1.1348","0.0962","-0.9202","127.0667","39.8060","1072.5951","430.0000","0.7200","23.0634","-15.82679511","-47.97082367","25.1875","3.9320","0.0000","0.0000","1183.8516"
"73.350","58.3618","11","1.1025","0.0705","-0.9106","129.9263","38.5784","1072.5912","430.0000","0.7542","24.0771","-15.82680027","-47.97081814","25.1875","3.9320","0.0000","0.0000","1184.6594"
"73.400","58.3364","11","1.1431","0.0659","-0.8945","131.5923","39.9326","1072.5726","430.0000","0.7200","23.2505","-15.82680531","-47.97081267","25.1875","3.9320","0.0000","0.0000","1185.4716"
"73.450","58.0412","11","1.1804","0.0874","-0.9049","133.5635","41.1679","1072.5636","430.0000","0.7038","22.4387","-15.82681058","-47.97080755","25.1875","3.9310","0.0000","0.0000","1186.2889"
"73.500","57.8527","11","1.1403","0.0873","-0.9486","135.0575","39.6859","1072.5343","430.0000","0.6588","23.2010","-15.82681588","-47.97080253","25.1875","3.9300","0.0000","0.0000","1187.1086"
"73.550","58.0522","11","1.0441","0.0701","-0.9442","136.9444","36.2582","1072.5140","430.0000","0.6480","25.4820","-15.82682149","-47.97079764","25.1852","3.9290","0.0000","0.0000","1187.9302"
"73.600","58.2866","11","1.0375","0.0524","-0.9197","138.9488","35.9664","1072.5079","430.0000","0.6840","25.7924","-15.82682717","-47.97079283","25.1828","3.9280","0.0000","0.0000","1188.7548"
"73.650","58.6749","11","1.0931","0.0698","-0.9317","141.0680","37.8520","1072.4816","430.0000","0.7002","24.6708","-15.82683320","-47.97078830","25.1805","3.9270","0.0000","0.0000","1189.5833"
"73.700","59.0116","12","1.0892","0.1358","-0.9498","142.9658","37.6499","1072.4673","430.0000","0.6948","24.9456","-15.82683934","-47.97078382","25.1781","3.9260","0.0000","0.0000","1190.4141"
"73.750","58.9470","12","0.9950","0.1473","-0.9133","144.6783","34.2626","1072.4630","430.0000","0.6840","27.3817","-15.82684545","-47.97077968","25.1758","3.9260","0.0000","0.0000","1191.2487"
"73.800","59.2878","12","0.9143","0.1771","-0.9245","146.1734","31.3548","1072.4620","430.0000","0.6336","30.0941","-15.82685178","-47.97077558","25.1734","3.9260","0.0000","0.0000","1192.0896"
"73.850","59.5105","12","0.8984","0.2197","-0.9254","147.5973","30.6483","1072.4468","430.0000","0.5760","30.9034","-15.82685821","-47.97077164","25.1711","3.9270","0.0000","0.0000","1192.9360"
"73.900","59.7491","12","0.8590","0.1758","-0.9332","149.2313","29.1225","1072.4327","430.0000","0.5508","32.6530","-15.82686470","-47.97076790","25.1688","3.9280","0.0000","0.0000","1193.7812"
"73.950","59.8424","12","0.8317","0.1257","-0.8881","150.9563","28.0582","1072.4489","430.0000","0.5400","33.9445","-15.82687129","-47.97076432","25.1664","3.9280","0.0000","0.0000","1194.6233"
"74.000","60.2797","12","0.7873","0.0964","-0.8488","151.9045","26.4728","1072.4552","430.0000","0.5112","36.2402","-15.82687808","-47.97076078","25.1641","3.9280","0.0000","0.0000","1195.4658"
"74.050","60.8420","12","0.7718","0.0920","-0.8036","152.7635","25.8866","1072.4644","430.0000","0.5400","37.4066","-15.82688495","-47.97075721","25.1617","3.9280","0.0000","0.0000","1196.3140"
"74.100","61.0224","12","0.7729","0.1061","-0.7538","154.0036","25.8550","1072.4833","430.0000","0.5400","37.5635","-15.82689181","-47.97075386","25.1594","3.9280","0.0000","0.0000","1197.1658"
"74.150","60.6953","12","0.7467","0.0989","-0.8068","155.6087","24.9055","1072.4501","430.0000","0.5742","38.7864","-15.82689880","-47.97075088","25.1570","3.9280","0.0000","0.0000","1198.0199"
"74.200","60.5087","12","0.7016","0.0811","-0.8710","157.3712","23.3415","1072.4003","430.0000","0.5760","41.2582","-15.82690598","-47.97074827","25.1547","3.9280","0.0000","0.0000","1198.8768"
"74.250","60.8108","12","0.7283","0.0671","-0.8652","158.6662","24.1766","1072.3843","430.0000","0.5598","40.0318","-15.82691318","-47.97074563","25.1523","3.9280","0.0000","0.0000","1199.7361"
"74.300","61.2816","12","0.7540","0.0890","-0.8450","159.4503","24.9883","1072.3727","430.0000","0.5148","39.0313","-15.82692051","-47.97074298","25.1500","3.9280","0.0000","0.0000","1200.5986"
"74.350","61.3414","12","0.7656","0.1139","-0.8178","160.3117","25.3104","1072.3710","430.0000","0.5040","38.5722","-15.82692782","-47.97074036","25.1477","3.9280","0.0000","0.0000","1201.4678"
"74.400","61.6218","12","0.7129","0.1355","-0.8126","161.5085","23.4921","1072.3535","430.0000","0.4680","41.7476","-15.82693518","-47.97073807","25.1453","3.9280","0.0000","0.0000","1202.3416"
"74.450","61.8006","12","0.6640","0.1282","-0.8508","162.5462","21.8005","1072.3191","430.0000","0.4518","45.1177","-15.82694278","-47.97073586","25.1430","3.9280","0.0000","0.0000","1203.2146"
"74.500","61.8644","13","0.6130","0.1491","-0.8532","163.7312","20.0573","1072.2896","430.0000","0.4320","49.0895","-15.82695030","-47.97073380","25.1406","3.9280","0.0000","0.0000","1204.0858"
"74.550","62.2581","13","0.5680","0.1564","-0.8164","165.1010","18.5049","1072.2869","430.0000","0.4320","53.5463","-15.82695788","-47.97073189","25.1445","3.9280","0.0000","0.0000","1204.9585"
"74.600","62.9055","13","0.5834","0.1355","-0.7470","166.5721","18.9265","1072.2996","430.0000","0.4608","52.8979","-15.82696569","-47.97073019","25.1484","3.9280","0.0000","0.0000","1205.8364"
"74.650","62.9729","13","0.6051","0.1014","-0.7224","167.0158","19.5607","1072.2921","430.0000","0.4320","51.2376","-15.82697341","-47.97072848","25.1523","3.9290","0.0000","0.0000","1206.7191"
"74.700","62.7322","12","0.5567","0.0816","-0.7555","167.0585","17.9469","1072.2563","430.0000","0.4320","55.6315","-15.82698113","-47.97072672","25.1562","3.9300","0.0000","0.0000","1207.6013"
"74.750","62.7111","12","0.4664","0.0875","-0.7722","167.8274","15.0028","1072.2271","430.0000","0.4662","66.5262","-15.82698884","-47.97072515","25.1602","3.9300","0.0000","0.0000","1208.4849"
"74.800","62.9294","12","0.4167","0.0822","-0.7715","169.1395","13.3741","1072.2206","430.0000","0.5616","74.8876","-15.82699662","-47.97072383","25.1641","3.9300","0.0000","0.0000","1209.3710"
"74.850","63.4865","12","0.4345","0.0733","-0.7471","170.4744","13.9119","1072.2120","430.0000","0.6480","72.6301","-15.82700455","-47.97072273","25.1680","3.9300","0.0000","0.0000","1210.2612"
"74.900","63.5543","12","0.4535","0.0893","-0.7364","170.6958","14.4939","1072.2118","430.0000","0.5976","69.7877","-15.82701240","-47.97072143","25.1719","3.9300","0.0000","0.0000","1211.1567"
"74.950","63.4319","12","0.4473","0.0935","-0.7218","171.1766","14.2601","1072.2025","430.0000","0.5418","70.7956","-15.82702017","-47.97072025","25.1758","3.9300","0.0000","0.0000","1212.0559"
"75.000","63.7580","12","0.4798","0.1014","-0.7631","171.6800","15.2569","1072.1771","430.0000","0.4968","66.5104","-15.82702817","-47.97071921","25.1797","3.9300","0.0000","0.0000","1212.9576"
"75.050","63.8802","12","0.5092","0.1344","-0.7514","172.2526","16.1478","1072.1737","430.0000","0.4680","62.9613","-15.82703606","-47.97071823","25.1836","3.9300","0.0000","0.0000","1213.8606"
"75.100","64.2803","12","0.5012","0.1725","-0.7332","173.5286","15.8335","1072.1797","430.0000","0.4932","64.6131","-15.82704414","-47.97071766","25.1875","3.9300","0.0000","0.0000","1214.7654"
"75.150","64.6632","11","0.4230","0.1493","-0.6670","174.9072","13.3007","1072.2042","430.0000","0.5382","77.3755","-15.82705227","-47.97071713","25.1914","3.9300","0.0000","0.0000","1215.6748"
"75.200","64.8497","11","0.3453","0.1050","-0.6588","175.4222","10.8164","1072.2194","430.0000","0.5328","95.4217","-15.82706026","-47.97071660","25.1953","3.9300","0.0000","0.0000","1216.5875"
"75.250","64.9924","11","0.3558","0.1112","-0.6483","175.3274","11.1113","1072.2229","430.0000","0.4878","93.0931","-15.82706842","-47.97071587","25.1992","3.9300","0.0000","0.0000","1217.5004"
"75.300","64.9973","11","0.3477","0.1230","-0.6317","175.7467","10.8253","1072.2330","430.0000","0.4680","95.5598","-15.82707643","-47.97071533","25.2031","3.9300","0.0000","0.0000","1218.4138"
"75.350","65.2584","11","0.3221","0.1285","-0.5857","176.4665","9.9974","1072.2614","430.0000","0.4680","103.8891","-15.82708452","-47.97071492","25.2070","3.9300","0.0000","0.0000","1219.3307"
"75.400","65.6860","11","0.2376","0.1025","-0.5716","176.8879","7.3492","1072.2665","430.0000","0.4680","142.2509","-15.82709291","-47.97071455","25.2109","3.9300","0.0000","0.0000","1220.2516"
"75.450","65.7790","11","0.2078","0.0854","-0.5519","176.9493","6.4111","1072.2708","430.0000","0.4680","163.2945","-15.82710112","-47.97071417","25.2148","3.9300","0.0000","0.0000","1221.1741"
"75.500","65.6555","11","0.1926","0.0814","-0.5448","177.3262","5.9277","1072.2841","430.0000","0.4680","176.2797","-15.82710924","-47.97071379","25.2188","3.9300","0.0000","0.0000","1222.0989"
"75.550","65.8410","11","0.2127","0.0634","-0.5295","177.8428","6.5315","1072.2955","430.0000","0.4680","160.4358","-15.82711749","-47.97071360","25.2188","3.9300","0.0000","0.0000","1223.0258"
"75.600","66.1910","11","0.3211","0.1055","-0.4982","178.3772","9.8430","1072.3043","430.0000","0.4680","107.0270","-15.82712580","-47.97071347","25.2188","3.9300","0.0000","0.0000","1223.9525"
"75.650","66.4014","11","0.3453","0.0963","-0.4987","178.7045","10.5556","1072.2987","430.0000","0.4680","100.1185","-15.82713415","-47.97071334","25.2188","3.9300","0.0000","0.0000","1224.8809"
"75.700","66.4367","12","0.3198","0.0885","-0.5076","179.2159","9.7526","1072.2892","430.0000","0.4932","108.4202","-15.82714251","-47.97071336","25.2188","3.9300","0.0000","0.0000","1225.8135"
"75.750","66.7584","12","0.2676","0.0822","-0.5007","179.8055","8.1421","1072.2832","430.0000","0.5040","130.4932","-15.82715086","-47.97071355","25.2188","3.9300","0.0000","0.0000","1226.7478"
"75.800","66.7607","13","0.2821","0.0565","-0.5079","-179.8330","8.5648","1072.2806","430.0000","0.5040","124.0584","-15.82715922","-47.97071361","25.2188","3.9300","0.0000","0.0000","1227.6814"
"75.850","66.7020","13","0.3355","0.0860","-0.4996","-179.3874","10.1695","1072.2926","430.0000","0.5202","104.3897","-15.82716756","-47.97071384","25.2188","3.9310","0.0000","0.0000","1228.6198"
"75.900","66.9410","13","0.3196","0.1194","-0.4709","-178.7341","9.6647","1072.3079","430.0000","0.5148","110.2365","-15.82717593","-47.97071420","25.2188","3.9320","0.0000","0.0000","1229.5603"
"75.950","67.4350","13","0.2345","0.0717","-0.4436","-178.3764","7.0701","1072.3163","430.0000","0.5040","151.8038","-15.82718457","-47.97071455","25.2188","3.9320","0.0000","0.0000","1230.5033"
"76.000","67.2016","13","0.2186","0.0422","-0.4252","-178.3810","6.5798","1072.3234","430.0000","0.5040","162.5488","-15.82719279","-47.97071475","25.2188","3.9320","0.0000","0.0000","1231.4496"
"76.050","67.2997","13","0.2305","0.0547","-0.4319","-178.0150","6.9302","1072.3203","430.0000","0.5040","154.5572","-15.82720122","-47.97071517","25.2188","3.9320","0.0000","0.0000","1232.3931"
"76.100","67.7457","13","0.2677","0.1086","-0.4140","-177.2926","8.0341","1072.3280","430.0000","0.5292","134.2037","-15.82720981","-47.97071586","25.2188","3.9320","0.0000","0.0000","1233.3391"
"76.150","67.6058","13","0.2852","0.1246","-0.4084","-176.8101","8.5365","1072.3384","430.0000","0.5400","126.0450","-15.82721824","-47.97071647","25.2188","3.9310","0.0000","0.0000","1234.2959"
"76.200","68.0950","13","0.3241","0.1290","-0.3958","-176.3887","9.6675","1072.3442","430.0000","0.5400","112.1039","-15.82722688","-47.97071717","25.2188","3.9300","0.0000","0.0000","1235.2579"
"76.250","68.1672","13","0.3141","0.1032","-0.4021","-176.4076","9.3393","1072.3298","434.5000","0.5400","116.1669","-15.82723540","-47.97071776","25.2188","3.9290","0.0000","0.0000","1236.2166"
"76.300","67.6256","13","0.2965","0.0729","-0.4021","-176.3168","8.7953","1072.3300","440.0000","0.5148","122.3717","-15.82724374","-47.97071832","25.2188","3.9280","0.0000","0.0000","1237.1704"
"76.350","68.5386","13","0.3246","0.0771","-0.3630","-174.7730","9.6102","1072.3750","430.5000","0.4356","113.5077","-15.82725240","-47.97071963","25.2188","3.9280","0.0000","0.0000","1238.1255"
"76.400","69.3526","13","0.3681","0.1038","-0.2861","-173.9918","10.8741","1072.4146","430.0000","0.4608","101.5053","-15.82726119","-47.97072086","25.2188","3.9280","0.0000","0.0000","1239.0867"
"76.450","69.2686","13","0.3502","0.1209","-0.2839","-173.7760","10.3203","1072.4258","430.0000","0.4320","106.8226","-15.82726976","-47.97072186","25.2188","3.9270","0.0000","0.0000","1240.0583"
"76.500","68.7812","13","0.3095","0.1060","-0.2958","-173.8312","9.0906","1072.4265","430.0000","0.4320","120.4202","-15.82727814","-47.97072281","25.2188","3.9260","0.0000","0.0000","1241.0322"
"76.550","68.4668","13","0.2845","0.0900","-0.3200","-173.5500","8.3346","1072.4147","430.0000","0.4320","130.7419","-15.82728660","-47.97072383","25.2156","3.9270","0.0000","0.0000","1242.0029"
"76.600","68.9820","13","0.2785","0.1005","-0.2950","-173.0870","8.1390","1072.4231","430.0000","0.4320","134.8911","-15.82729525","-47.97072510","25.2125","3.9280","0.0000","0.0000","1242.9718"
"76.650","69.5404","13","0.2504","0.0874","-0.2466","-172.4036","7.2993","1072.4586","430.0000","0.4320","151.6278","-15.82730398","-47.97072643","25.2094","3.9290","0.0000","0.0000","1243.9410"
"76.700","70.2802","13","0.2373","0.0905","-0.2225","-171.5653","6.9041","1072.4712","430.0000","0.4320","162.0105","-15.82731279","-47.97072801","25.2062","3.9300","0.0000","0.0000","1244.9122"
"76.750","70.0073","13","0.1943","0.0226","-0.2032","-171.4929","5.6400","1072.4923","430.0000","0.5004","197.5527","-15.82732142","-47.97072932","25.2031","3.9300","0.0000","0.0000","1245.8873"
"76.800","69.7253","13","0.2514","0.0187","-0.2110","-171.6757","7.2915","1072.4762","430.0000","0.4968","152.1916","-15.82733004","-47.97073062","25.2000","3.9300","0.0000","0.0000","1246.8641"
"76.850","69.7661","12","0.3300","0.0899","-0.2322","-171.3306","9.5670","1072.4713","430.0000","0.4680","116.0618","-15.82733866","-47.97073205","25.1969","3.9300","0.0000","0.0000","1247.8386"
"76.900","69.7780","12","0.3363","0.1015","-0.1928","-170.6465","9.7271","1072.5054","430.0000","0.4680","114.1708","-15.82734719","-47.97073370","25.1938","3.9300","0.0000","0.0000","1248.8179"
"76.950","70.0105","12","0.3207","0.0510","-0.1615","-169.9506","9.2509","1072.5432","430.0000","0.4680","120.4482","-15.82735594","-47.97073540","25.1906","3.9300","0.0000","0.0000","1249.8036"
"77.000","70.4105","12","0.3428","0.0160","-0.1107","-169.2446","9.8779","1072.5978","430.0000","0.4608","113.4466","-15.82736460","-47.97073717","25.1875","3.9300","0.0000","0.0000","1250.7865"
"77.050","70.2584","12","0.4353","0.0248","-0.0988","-168.6748","12.5388","1072.6123","430.0000","0.4320","89.1793","-15.82737325","-47.97073908","25.1844","3.9300","0.0000","0.0000","1251.7686"
"77.100","70.0440","12","0.5073","0.0656","-0.1220","-168.2587","14.6022","1072.5948","430.0000","0.4320","76.3437","-15.82738174","-47.97074104","25.1812","3.9300","0.0000","0.0000","1252.7561"
"77.150","70.9673","11","0.5414","0.0793","-0.0858","-167.5195","15.5612","1072.6354","430.0000","0.4662","72.5829","-15.82739054","-47.97074318","25.1781","3.9300","0.0000","0.0000","1253.7458"
"77.200","71.1797","12","0.5750","0.1259","-0.0533","-166.7080","16.4900","1072.6630","430.0000","0.4680","68.6998","-15.82739922","-47.97074542","25.1750","3.9300","0.0000","0.0000","1254.7366"
"77.250","70.4693","12","0.5863","0.0983","-0.0882","-165.9991","16.7658","1072.6575","430.0000","0.4680","66.8954","-15.82740765","-47.97074776","25.1719","3.9300","0.0000","0.0000","1255.7297"
"77.300","70.9334","12","0.6268","0.1009","-0.0850","-164.6969","17.8819","1072.6697","430.0000","0.5184","63.1330","-15.82741621","-47.97075036","25.1688","3.9300","0.0000","0.0000","1256.7283"
"77.350","71.3275","12","0.6159","0.0904","-0.0013","-163.5439","17.5292","1072.7546","430.0000","0.5058","64.7611","-15.82742471","-47.97075305","25.1656","3.9300","0.0000","0.0000","1257.7305"
"77.400","71.2274","12","0.6257","0.0878","0.0909","-162.9185","17.7692","1072.8617","430.0000","0.5112","63.7968","-15.82743324","-47.97075586","25.1625","3.9300","0.0000","0.0000","1258.7301"
"77.450","71.3882","12","0.6513","0.0979","0.1757","-162.4023","18.4586","1072.9630","430.0000","0.5238","61.5530","-15.82744170","-47.97075871","25.1594","3.9300","0.0000","0.0000","1259.7250"
"77.500","71.5849","12","0.6607","0.0958","0.2765","-161.5534","18.6800","1073.0698","430.0000","0.5796","60.9910","-15.82745013","-47.97076170","25.1562","3.9300","0.0000","0.0000","1260.7201"
"77.550","72.2573","12","0.6269","0.0421","0.3839","-160.2259","17.6857","1073.1812","430.0000","0.7146","65.0250","-15.82745865","-47.97076495","25.1594","3.9300","0.0000","0.0000","1261.7206"
"77.600","72.1889","12","0.6328","0.0240","0.4788","-159.0173","17.8377","1073.2872","430.0000","0.7488","64.4097","-15.82746692","-47.97076839","25.1625","3.9300","0.0000","0.0000","1262.7229"
"77.650","71.7813","12","0.6690","0.0602","0.4809","-158.4309","18.8454","1073.3079","430.0000","0.6876","60.6213","-15.82747515","-47.97077181","25.1656","3.9300","0.0000","0.0000","1263.7231"
"77.700","71.5073","12","0.6816","0.0443","0.5096","-158.1196","19.1735","1073.3542","430.0000","0.6480","59.3567","-15.82748339","-47.97077526","25.1688","3.9300","0.0000","0.0000","1264.7262"
"77.750","71.6308","12","0.6956","-0.0086","0.6153","-156.9699","19.5493","1073.4755","430.0000","0.6822","58.3161","-15.82749153","-47.97077896","25.1719","3.9300","0.0000","0.0000","1265.7335"
"77.800","72.4149","12","0.7302","0.0431","0.6221","-155.0003","20.5242","1073.5056","430.0000","0.7056","56.1542","-15.82749966","-47.97078328","25.1750","3.9300","0.0000","0.0000","1266.7402"
"77.850","72.0297","12","0.7055","0.0297","0.6427","-154.3719","19.8119","1073.5444","430.0000","0.6318","57.8637","-15.82750766","-47.97078737","25.1781","3.9300","0.0000","0.0000","1267.7458"
"77.900","71.9782","12","0.7501","0.0310","0.6477","-153.6259","21.0521","1073.5845","430.0000","0.5616","54.4159","-15.82751566","-47.97079157","25.1812","3.9300","0.0000","0.0000","1268.7532"
"77.950","72.4409","12","0.7899","0.0905","0.6408","-152.2556","22.1553","1073.6135","430.0000","0.5400","52.0387","-15.82752359","-47.97079611","25.1844","3.9300","0.0000","0.0000","1269.7627"
"78.000","72.6812","12","0.8037","0.0863","0.6811","-151.1786","22.4975","1073.6670","430.0000","0.5400","51.4172","-15.82753142","-47.97080075","25.1875","3.9300","0.0000","0.0000","1270.7765"
"78.050","72.3550","11","0.8188","0.0966","0.6829","-150.6072","22.8757","1073.6802","430.0000","0.5400","50.3401","-15.82753921","-47.97080543","25.1906","3.9290","0.0000","0.0000","1271.7921"
"78.100","72.4562","11","0.7780","0.0622","0.6851","-149.4650","21.6873","1073.7091","430.0000","0.5400","53.1728","-15.82754688","-47.97081029","25.1938","3.9280","0.0000","0.0000","1272.8002"
"78.150","72.5931","11","0.7255","0.0106","0.7824","-147.8070","20.1971","1073.8022","430.0000","0.5742","57.2041","-15.82755430","-47.97081548","25.1969","3.9280","0.0000","0.0000","1273.8038"
"78.200","72.7436","11","0.6948","0.0064","0.8630","-146.7808","19.3406","1073.8796","430.0000","0.5760","59.8611","-15.82756172","-47.97082078","25.2000","3.9280","0.0000","0.0000","1274.8134"
"78.250","73.2252","11","0.6868","0.0161","0.8959","-145.4375","19.1170","1073.9425","430.0000","0.5760","60.9621","-15.82756907","-47.97082626","25.2031","3.9280","0.0000","0.0000","1275.8284"
"78.300","73.0576","11","0.6745","0.0435","0.9076","-145.0404","18.7692","1073.9727","430.0000","0.5760","61.9499","-15.82757650","-47.97083171","25.2062","3.9280","0.0000","0.0000","1276.8428"
"78.350","72.0352","11","0.5700","0.0043","0.9153","-145.0787","15.8443","1073.9918","430.0000","0.6102","72.3591","-15.82758370","-47.97083703","25.2094","3.9280","0.0000","0.0000","1277.8568"
"78.400","72.2739","11","0.5186","0.0139","0.9006","-143.9102","14.4155","1073.9962","430.0000","0.6120","79.7941","-15.82759087","-47.97084262","25.2125","3.9280","0.0000","0.0000","1278.8715"
"78.450","73.0439","11","0.5229","0.0412","0.9179","-142.8976","14.5295","1074.0485","430.0000","0.6120","80.0115","-15.82759806","-47.97084843","25.2156","3.9280","0.0000","0.0000","1279.8896"
"78.500","73.0503","11","0.5320","0.0279","0.9817","-141.8227","14.7693","1074.1342","430.0000","0.5868","78.7193","-15.82760497","-47.97085437","25.2188","3.9280","0.0000","0.0000","1280.9087"
"78.550","73.0356","11","0.5383","0.0086","1.0132","-141.3172","14.9348","1074.1799","430.0000","0.5418","77.8317","-15.82761196","-47.97086027","25.2141","3.9280","0.0000","0.0000","1281.9268"
"78.600","72.9989","11","0.5996","0.0334","1.0046","-140.8617","16.6325","1074.1823","430.0000","0.5040","69.8520","-15.82761900","-47.97086626","25.2094","3.9280","0.0000","0.0000","1282.9468"
"78.650","73.1283","11","0.6377","0.0768","1.0243","-140.0201","17.6738","1074.2458","430.0000","0.4878","65.8532","-15.82762584","-47.97087242","25.2047","3.9280","0.0000","0.0000","1283.9702"
"78.700","73.4917","11","0.6234","0.0944","1.0475","-138.8204","17.2481","1074.2983","430.0000","0.4932","67.8138","-15.82763256","-47.97087878","25.2000","3.9280","0.0000","0.0000","1284.9961"
"78.750","73.2039","11","0.6466","0.1062","1.0660","-137.7545","17.8500","1074.3269","430.0000","0.4698","65.2705","-15.82763903","-47.97088522","25.1953","3.9280","0.0000","0.0000","1286.0221"
"78.800","73.3087","11","0.6309","0.0858","1.0640","-136.7401","17.3739","1074.3541","430.0000","0.4680","67.1551","-15.82764553","-47.97089177","25.1906","3.9280","0.0000","0.0000","1287.0485"
"78.850","73.5537","11","0.6111","0.0200","1.1043","-135.9593","16.8001","1074.4117","430.0000","0.4518","69.6810","-15.82765200","-47.97089845","25.1859","3.9280","0.0000","0.0000","1288.0745"
"78.900","73.8216","11","0.6491","0.0295","1.1062","-135.3980","17.8383","1074.4556","430.0000","0.4320","65.8642","-15.82765851","-47.97090518","25.1812","3.9280","0.0000","0.0000","1289.1003"
"78.950","73.9432","11","0.6811","0.0642","1.1117","-134.8208","18.7048","1074.4910","430.0000","0.4320","62.9165","-15.82766491","-47.97091201","25.1766","3.9280","0.0000","0.0000","1290.1250"
"79.000","73.8033","11","0.7301","0.0363","1.0947","-133.8663","20.0234","1074.5125","430.0000","0.4320","58.6620","-15.82767107","-47.97091883","25.1719","3.9280","0.0000","0.0000","1291.1479"
"79.050","73.9239","10","0.7590","0.0160","1.0805","-132.5153","20.8039","1074.5387","430.0000","0.4320","56.5537","-15.82767702","-47.97092596","25.1672","3.9280","0.0000","0.0000","1292.1760"
"79.100","73.8564","10","0.7722","0.0326","1.1010","-131.0546","21.1608","1074.5778","430.0000","0.4320","55.5491","-15.82768279","-47.97093322","25.1625","3.9280","0.0000","0.0000","1293.2085"
"79.150","73.9033","11","0.8001","0.0456","1.1464","-129.9820","21.9101","1074.6368","430.0000","0.3978","53.6834","-15.82768851","-47.97094061","25.1578","3.9280","0.0000","0.0000","1294.2393"
"79.200","73.6976","11","0.8057","0.0435","1.2078","-129.2789","22.0423","1074.7296","430.0000","0.3960","53.2128","-15.82769401","-47.97094799","25.1531","3.9280","0.0000","0.0000","1295.2666"
"79.250","73.6492","11","0.7891","-0.0142","1.2464","-128.1281","21.5740","1074.8015","425.5000","0.3960","54.3322","-15.82769946","-47.97095542","25.1484","3.9280","0.0000","0.0000","1296.2893"
"79.300","74.3324","11","0.7693","-0.0149","1.2539","-126.7031","21.0438","1074.8336","420.0000","0.3960","56.2179","-15.82770481","-47.97096322","25.1437","3.9280","0.0000","0.0000","1297.3086"
"79.350","74.3994","11","0.7452","-0.0031","1.2439","-125.5930","20.3952","1074.8567","420.0000","0.3960","58.0580","-15.82771004","-47.97097107","25.1391","3.9280","0.0000","0.0000","1298.3292"
"79.400","74.0524","11","0.7508","-0.0146","1.2399","-124.9436","20.5535","1074.8883","420.0000","0.3960","57.3421","-15.82771522","-47.97097897","25.1344","3.9280","0.0000","0.0000","1299.3561"
"79.450","73.8616","11","0.7737","-0.0256","1.2395","-124.2700","21.1903","1074.9224","420.0000","0.3960","55.4755","-15.82772030","-47.97098685","25.1297","3.9280","0.0000","0.0000","1300.3883"
"79.500","73.4544","11","0.8457","-0.0023","1.2615","-123.2181","23.1793","1074.9688","420.0000","0.3708","50.4356","-15.82772501","-47.97099473","25.1250","3.9280","0.0000","0.0000","1301.4182"
"79.550","73.2375","11","0.9127","0.0553","1.2416","-121.8841","25.0226","1074.9983","420.0000","0.3600","46.5823","-15.82772961","-47.97100280","25.1258","3.9280","0.0000","0.0000","1302.4460"
"79.600","73.6446","11","0.9289","0.0456","1.2545","-120.2435","25.4384","1075.0426","420.0000","0.4392","46.0757","-15.82773393","-47.97101107","25.1266","3.9280","0.0000","0.0000","1303.4740"
"79.650","74.2477","11","0.8942","0.0318","1.2756","-118.6456","24.4653","1075.0834","420.0000","0.4842","48.3007","-15.82773805","-47.97101962","25.1273","3.9280","0.0000","0.0000","1304.4956"
"79.700","74.3485","11","0.8994","-0.0064","1.2687","-117.3436","24.5959","1075.1172","420.0000","0.4788","48.1093","-15.82774212","-47.97102813","25.1281","3.9280","0.0000","0.0000","1305.5051"
"79.750","73.8676","12","0.9918","-0.0442","1.2476","-115.9882","27.1320","1075.1229","420.0000","0.5364","43.3304","-15.82774586","-47.97103673","25.1289","3.9280","0.0000","0.0000","1306.5056"
"79.800","74.0786","11","1.0663","-0.0483","1.2184","-115.0252","29.2100","1075.1401","420.0000","0.5904","40.3629","-15.82774955","-47.97104552","25.1297","3.9280","0.0000","0.0000","1307.5029"
"79.850","73.9787","12","1.0565","-0.0924","1.1970","-113.9558","28.9843","1075.1526","420.0000","0.6480","40.6223","-15.82775311","-47.97105424","25.1305","3.9280","0.0000","0.0000","1308.4968"
"79.900","73.2093","12","1.0457","-0.1678","1.2008","-112.6030","28.7617","1075.1820","420.0000","0.6480","40.5108","-15.82775636","-47.97106290","25.1313","3.9280","0.0000","0.0000","1309.4849"
"79.950","72.2053","12","1.1132","-0.2497","1.2321","-111.1307","30.7551","1075.2129","420.0000","0.6480","37.3656","-15.82775927","-47.97107152","25.1320","3.9280","0.0000","0.0000","1310.4657"
"80.000","71.7852","11","1.2020","-0.3224","1.2155","-108.8766","33.4298","1075.2256","420.0000","0.6912","34.1760","-15.82776167","-47.97108032","25.1328","3.9280","0.0000","0.0000","1311.4379"
"80.050","71.7628","12","1.2768","-0.3385","1.1551","-106.5877","35.8070","1075.2217","420.0000","0.7362","31.8972","-15.82776379","-47.97108928","25.1336","3.9290","0.0000","0.0000","1312.3977"
"80.100","71.4555","12","1.3140","-0.2983","1.1420","-104.7720","37.1700","1075.2390","420.0000","0.7056","30.5959","-15.82776573","-47.97109817","25.1344","3.9300","0.0000","0.0000","1313.3501"
"80.150","70.8397","13","1.3334","-0.2590","1.1838","-103.4921","38.0096","1075.2798","420.0000","0.6840","29.6622","-15.82776759","-47.97110702","25.1352","3.9300","0.0000","0.0000","1314.3000"
"80.200","70.4121","13","1.3028","-0.2609","1.1927","-102.1211","37.3931","1075.3004","420.0000","0.6552","29.9693","-15.82776914","-47.97111587","25.1359","3.9300","0.0000","0.0000","1315.2479"
"80.250","69.6002","13","1.2973","-0.2690","1.1985","-99.6823","37.5034","1075.3188","420.0000","0.7164","29.5366","-15.82777017","-47.97112460","25.1367","3.9300","0.0000","0.0000","1316.1923"
"80.300","68.6873","13","1.2558","-0.2165","1.1962","-97.1814","36.5619","1075.3334","420.0000","0.7308","29.8998","-15.82777078","-47.97113320","25.1375","3.9300","0.0000","0.0000","1317.1328"
"80.350","68.5105","13","1.1780","-0.1857","1.1781","-96.0924","34.4982","1075.3507","420.0000","0.6858","31.6069","-15.82777141","-47.97114194","25.1383","3.9300","0.0000","0.0000","1318.0717"
"80.400","68.3198","12","1.1341","-0.1972","1.1831","-94.8240","33.3850","1075.3689","420.0000","0.6120","32.5698","-15.82777190","-47.97115071","25.1391","3.9300","0.0000","0.0000","1319.0094"
"80.450","68.1546","12","1.2374","-0.2105","1.2138","-92.7961","36.6323","1075.4087","420.0000","0.6120","29.6108","-15.82777194","-47.97115950","25.1398","3.9290","0.0000","0.0000","1319.9413"
"80.500","67.8713","12","1.3183","-0.1504","1.2137","-90.5519","39.2487","1075.4303","420.0000","0.6372","27.5220","-15.82777163","-47.97116815","25.1406","3.9280","0.0000","0.0000","1320.8672"
"80.550","67.5773","13","1.2918","-0.1085","1.2006","-88.7121","38.6262","1075.4395","420.0000","0.6822","27.8445","-15.82777113","-47.97117679","25.1430","3.9270","0.0000","0.0000","1321.7924"
"80.600","67.5707","13","1.2664","-0.0716","1.1618","-86.7938","37.9872","1075.4475","420.0000","0.7272","28.3101","-15.82777027","-47.97118538","25.1453","3.9260","0.0000","0.0000","1322.7195"
"80.650","67.4364","13","1.2431","-0.0495","1.1673","-85.0581","37.3674","1075.4713","420.0000","0.7560","28.7225","-15.82776915","-47.97119397","25.1477","3.9260","0.0000","0.0000","1323.6434"
"80.700","66.8208","13","1.2528","-0.0762","1.2075","-83.4112","37.7258","1075.5066","420.0000","0.7560","28.1899","-15.82776794","-47.97120239","25.1500","3.9260","0.0000","0.0000","1324.5674"
"80.750","66.4697","13","1.3031","-0.0866","1.2181","-80.7909","39.3399","1075.5420","420.0000","0.7560","26.8912","-15.82776614","-47.97121071","25.1523","3.9260","0.0000","0.0000","1325.4919"
"80.800","66.6914","13","1.2570","-0.0780","1.1783","-78.2599","38.0474","1075.5441","420.0000","0.7920","27.8975","-15.82776401","-47.97121899","25.1547","3.9260","0.0000","0.0000","1326.4091"
"80.850","66.7695","12","1.1446","-0.0786","1.1982","-77.3524","34.7338","1075.5775","420.0000","0.7920","30.5947","-15.82776190","-47.97122742","25.1570","3.9260","0.0000","0.0000","1327.3230"
"80.900","66.2691","12","1.1282","-0.0580","1.2949","-76.7072","34.3206","1075.6516","420.0000","0.7416","30.7310","-15.82775981","-47.97123569","25.1594","3.9260","0.0000","0.0000","1328.2435"
"80.950","66.8411","12","1.1522","-0.0300","1.2954","-73.9939","35.1159","1075.6917","420.0000","0.8226","30.2943","-15.82775688","-47.97124382","25.1617","3.9260","0.0000","0.0000","1329.1670"
"81.000","66.5290","13","1.1400","-0.0054","1.2584","-71.8892","34.7812","1075.6995","420.0000","0.8208","30.4430","-15.82775392","-47.97125176","25.1641","3.9260","0.0000","0.0000","1330.0897"
"81.050","65.6142","12","1.0890","-0.0059","1.3209","-70.5563","33.2432","1075.7488","420.0000","0.7920","31.4134","-15.82775082","-47.97125948","25.1664","3.9270","0.0000","0.0000","1331.0101"
"81.100","65.9498","12","1.0505","0.0057","1.3217","-69.1139","32.0812","1075.7836","420.0000","0.7668","32.7177","-15.82774748","-47.97126740","25.1688","3.9280","0.0000","0.0000","1331.9277"
"81.150","66.7207","13","1.0450","0.0233","1.3207","-67.6230","31.9193","1075.7952","420.0000","0.7560","33.2680","-15.82774404","-47.97127532","25.1711","3.9280","0.0000","0.0000","1332.8440"
"81.200","66.3890","13","1.0502","0.0097","1.3351","-65.3433","32.0705","1075.8239","420.0000","0.8352","32.9465","-15.82773998","-47.97128271","25.1734","3.9280","0.0000","0.0000","1333.7600"
"81.250","66.4304","13","1.1359","0.0249","1.3925","-63.3971","34.6899","1075.8794","420.0000","0.8802","30.4778","-15.82773577","-47.97129014","25.1758","3.9280","0.0000","0.0000","1334.6758"
"81.300","66.1234","13","1.1996","0.0208","1.5045","-62.4493","36.6230","1075.9644","420.0000","1.0008","28.7357","-15.82773163","-47.97129760","25.1781","3.9280","0.0000","0.0000","1335.5868"
"81.350","65.9940","13","1.2018","-0.0420","1.5808","-61.0267","36.6877","1076.0360","420.0000","1.0440","28.6289","-15.82772739","-47.97130480","25.1805","3.9290","0.0000","0.0000","1336.4912"
"81.400","65.9668","13","1.2555","-0.1175","1.6405","-58.7727","38.4030","1076.0922","420.0000","1.0728","27.3389","-15.82772248","-47.97131179","25.1828","3.9300","0.0000","0.0000","1337.3914"
"81.450","65.9713","13","1.4380","-0.0847","1.6339","-56.4598","44.1425","1076.1211","420.0000","1.0116","23.7858","-15.82771750","-47.97131837","25.1852","3.9300","0.0000","0.0000","1338.2906"
"81.500","65.8774","13","1.5331","-0.0951","1.6018","-53.9466","47.1898","1076.1299","420.0000","0.9468","22.2182","-15.82771207","-47.97132483","25.1875","3.9300","0.0000","0.0000","1339.1907"
"81.550","65.4128","13","1.5549","-0.1572","1.5737","-51.5873","48.0228","1076.1389","420.0000","0.8676","21.6788","-15.82770662","-47.97133092","25.1859","3.9300","0.0000","0.0000","1340.0913"
"81.600","64.8288","13","1.5696","-0.1080","1.5635","-48.7573","48.7069","1076.1421","420.0000","0.8208","21.1835","-15.82770081","-47.97133647","25.1844","3.9300","0.0000","0.0000","1340.9915"
"81.650","64.7351","13","1.5582","-0.0496","1.5527","-46.2073","48.5165","1076.1584","420.0000","0.7758","21.2359","-15.82769467","-47.97134199","25.1828","3.9290","0.0000","0.0000","1341.8894"
"81.700","64.7843","13","1.5124","-0.0245","1.5324","-44.1987","47.1833","1076.1641","420.0000","0.7308","21.8525","-15.82768855","-47.97134752","25.1812","3.9280","0.0000","0.0000","1342.7874"
"81.750","64.8034","13","1.3631","0.0173","1.4902","-42.2167","42.5814","1076.1760","420.0000","0.6858","24.2213","-15.82768223","-47.97135278","25.1797","3.9280","0.0000","0.0000","1343.6896"
"81.800","64.8865","12","1.2127","0.0074","1.4579","-40.2541","37.8839","1076.1711","420.0000","0.6480","27.2596","-15.82767576","-47.97135782","25.1781","3.9280","0.0000","0.0000","1344.5953"
"81.850","64.7441","13","1.1307","0.0149","1.4234","-38.4022","35.3308","1076.1685","420.0000","0.6480","29.1654","-15.82766911","-47.97136273","25.1766","3.9280","0.0000","0.0000","1345.5017"
"81.900","64.5544","12","1.1021","0.0609","1.3852","-36.6945","34.4335","1076.1711","420.0000","0.6228","29.8377","-15.82766240","-47.97136742","25.1750","3.9280","0.0000","0.0000","1346.4080"
"81.950","64.6746","12","1.0705","0.0684","1.3877","-34.9964","33.3996","1076.1887","420.0000","0.6120","30.8186","-15.82765546","-47.97137191","25.1734","3.9280","0.0000","0.0000","1347.3135"
"82.000","65.1972","12","1.0607","0.0609","1.3363","-33.7378","33.0439","1076.1881","420.0000","0.5400","31.4020","-15.82764844","-47.97137635","25.1719","3.9280","0.0000","0.0000","1348.2183"
"82.050","65.2622","12","1.0950","0.0445","1.2965","-32.2780","34.0686","1076.1881","420.0000","0.5400","30.4879","-15.82764139","-47.97138064","25.1703","3.9280","0.0000","0.0000","1349.1227"
"82.100","65.2801","12","1.1298","0.0402","1.2638","-30.1325","35.1222","1076.1827","420.0000","0.5652","29.5814","-15.82763406","-47.97138448","25.1688","3.9280","0.0000","0.0000","1350.0264"
"82.150","65.2134","12","1.1287","0.0329","1.2350","-27.6555","35.0626","1076.1967","420.0000","0.5760","29.6014","-15.82762672","-47.97138811","25.1672","3.9280","0.0000","0.0000","1350.9315"
"82.200","65.1853","12","1.1274","0.0017","1.2274","-25.7884","35.0098","1076.2072","420.0000","0.5688","29.6333","-15.82761911","-47.97139142","25.1656","3.9280","0.0000","0.0000","1351.8376"
"82.250","65.1174","12","1.1609","0.0260","1.2281","-24.6413","36.0591","1076.2281","420.0000","0.5238","28.7410","-15.82761162","-47.97139479","25.1641","3.9280","0.0000","0.0000","1352.7419"
"82.300","65.1251","12","1.1624","0.0270","1.2194","-23.0198","36.0914","1076.2476","413.0000","0.5040","28.7187","-15.82760392","-47.97139783","25.1625","3.9280","0.0000","0.0000","1353.6493"
"82.350","64.9299","12","1.1333","-0.0100","1.2194","-21.2448","35.1754","1076.2550","410.0000","0.5040","29.3782","-15.82759625","-47.97140062","25.1609","3.9280","0.0000","0.0000","1354.5627"
"82.400","65.3237","12","1.0915","0.0142","1.1940","-19.5077","33.8988","1076.2712","410.0000","0.5040","30.6694","-15.82758844","-47.97140319","25.1594","3.9280","0.0000","0.0000","1355.4774"
"82.450","65.1936","12","1.0311","0.0623","1.1805","-17.8475","32.0154","1076.2855","410.0000","0.4878","32.4091","-15.82758054","-47.97140546","25.1578","3.9280","0.0000","0.0000","1356.3889"
"82.500","65.0036","12","0.9701","0.0831","1.1993","-16.1696","30.0761","1076.3103","410.0000","0.4932","34.3982","-15.82757261","-47.97140752","25.1562","3.9280","0.0000","0.0000","1357.3042"
"82.550","65.6226","12","0.9339","0.0656","1.1599","-14.4816","28.8957","1076.3320","410.0000","0.5040","36.1443","-15.82756451","-47.97140947","25.1570","3.9280","0.0000","0.0000","1358.2242"
"82.600","65.9761","12","0.9234","0.0830","1.1411","-13.1280","28.5253","1076.3378","410.0000","0.4968","36.8109","-15.82755630","-47.97141116","25.1578","3.9280","0.0000","0.0000","1359.1405"
"82.650","65.7494","12","0.9036","0.0827","1.1183","-12.2073","27.8593","1076.3373","410.0000","0.4518","37.5614","-15.82754825","-47.97141272","25.1586","3.9280","0.0000","0.0000","1360.0542"
"82.700","65.4740","12","0.8289","0.0623","1.0980","-10.9191","25.5042","1076.3417","410.0000","0.4320","40.8580","-15.82754012","-47.97141412","25.1594","3.9280","0.0000","0.0000","1360.9729"
"82.750","66.3832","12","0.7411","0.0362","1.0343","-9.4939","22.7713","1076.3285","410.0000","0.4662","46.3970","-15.82753185","-47.97141537","25.1602","3.9280","0.0000","0.0000","1361.8962"
"82.800","66.3105","11","0.6990","0.0510","1.0068","-8.3526","21.4572","1076.3236","410.0000","0.4680","49.1847","-15.82752356","-47.97141632","25.1609","3.9280","0.0000","0.0000","1362.8217"
"82.850","65.6993","11","0.6598","0.0680","1.0098","-7.2794","20.2267","1076.3331","410.0000","0.4680","51.6959","-15.82751540","-47.97141716","25.1617","3.9270","0.0000","0.0000","1363.7518"
"82.900","65.8428","11","0.6197","0.0805","0.9882","-6.4264","18.9642","1076.3315","410.0000","0.4428","55.2579","-15.82750718","-47.97141799","25.1625","3.9260","0.0000","0.0000","1364.6860"
"82.950","66.4468","12","0.5967","0.0801","0.9401","-5.7950","18.2223","1076.3296","410.0000","0.4320","58.0351","-15.82749870","-47.97141867","25.1633","3.9270","0.0000","0.0000","1365.6219"
"83.000","66.5806","12","0.5592","0.1075","0.8991","-4.7024","17.0410","1076.3152","410.0000","0.4320","62.1831","-15.82749030","-47.97141920","25.1641","3.9280","0.0000","0.0000","1366.5583"
"83.050","66.7200","12","0.4981","0.1174","0.8750","-3.9287","15.1389","1076.3264","410.0000","0.4320","70.1427","-15.82748190","-47.97141959","25.1648","3.9280","0.0000","0.0000","1367.4957"
"83.100","67.1632","11","0.4266","0.1234","0.8624","-3.3362","12.9263","1076.3298","410.0000","0.4320","82.6946","-15.82747343","-47.97141995","25.1656","3.9280","0.0000","0.0000","1368.4363"
"83.150","67.3322","11","0.3147","0.1191","0.8160","-2.7925","9.5047","1076.3267","410.0000","0.4320","112.7469","-15.82746499","-47.97142031","25.1664","3.9280","0.0000","0.0000","1369.3779"
"83.200","67.4509","12","0.2535","0.1162","0.7879","-2.4121","7.6317","1076.3226","410.0000","0.4320","140.6645","-15.82745647","-47.97142051","25.1672","3.9280","0.0000","0.0000","1370.3215"
"83.250","67.4173","12","0.1910","0.1223","0.7994","-1.8666","5.7339","1076.3491","410.0000","0.4320","187.1283","-15.82744799","-47.97142068","25.1680","3.9280","0.0000","0.0000","1371.2722"
"83.300","67.5172","12","0.1038","0.0892","0.8095","-1.7820","3.1076","1076.3701","410.0000","0.4320","345.7883","-15.82743943","-47.97142091","25.1688","3.9280","0.0000","0.0000","1372.2214"
"83.350","68.0108","12","0.0207","0.0509","0.7849","-1.8930","0.6188","1076.3699","410.0000","0.4320","1749.2457","-15.82743080","-47.97142118","25.1695","3.9280","0.0000","0.0000","1373.1677"
"83.400","67.6941","12","-0.0953","0.0503","0.7902","-2.1411","-2.8413","1076.3856","410.0000","0.4320","379.1834","-15.82742230","-47.97142161","25.1703","3.9280","0.0000","0.0000","1374.1178"
"83.450","68.1633","12","-0.1654","0.0569","0.7513","-2.2219","-4.9237","1076.3818","410.0000","0.4320","220.3345","-15.82741368","-47.97142198","25.1711","3.9290","0.0000","0.0000","1375.0739"
"83.500","68.6819","12","-0.1801","0.0555","0.7430","-2.6007","-5.3530","1076.3909","410.0000","0.4320","204.2048","-15.82740494","-47.97142239","25.1719","3.9300","0.0000","0.0000","1376.0303"
"83.550","67.9529","12","-0.1908","0.0753","0.7395","-2.8071","-5.6630","1076.4006","410.0000","0.4320","190.9781","-15.82739652","-47.97142284","25.1750","3.9300","0.0000","0.0000","1376.9888"
"83.600","68.1309","12","-0.1935","0.1178","0.7224","-2.8892","-5.7319","1076.4135","410.0000","0.4032","189.1741","-15.82738789","-47.97142320","25.1781","3.9300","0.0000","0.0000","1377.9542"
"83.650","68.6933","12","-0.1653","0.1142","0.7128","-3.5033","-4.8821","1076.4147","410.0000","0.4644","223.9359","-15.82737908","-47.97142392","25.1812","3.9300","0.0000","0.0000","1378.9252"
"83.700","68.9002","12","-0.1496","0.1115","0.6759","-3.7086","-4.4061","1076.4105","410.0000","0.5796","248.8800","-15.82737042","-47.97142445","25.1844","3.9300","0.0000","0.0000","1379.8964"
"83.750","68.7898","12","-0.1086","0.1043","0.6486","-3.9069","-3.1893","1076.4082","410.0000","0.5778","343.2749","-15.82736186","-47.97142515","25.1875","3.9300","0.0000","0.0000","1380.8672"
"83.800","69.1138","12","-0.0987","0.1153","0.6133","-3.7406","-2.8898","1076.3961","410.0000","0.5400","380.6416","-15.82735315","-47.97142570","25.1906","3.9300","0.0000","0.0000","1381.8396"
"83.850","69.8755","12","-0.0834","0.1408","0.5758","-3.6695","-2.4350","1076.3826","410.0000","0.5400","456.7227","-15.82734419","-47.97142630","25.1938","3.9300","0.0000","0.0000","1382.8167"
"83.900","69.8835","12","-0.0734","0.1265","0.5516","-4.0365","-2.1338","1076.3839","410.0000","0.4896","521.2457","-15.82733546","-47.97142704","25.1969","3.9300","0.0000","0.0000","1383.7966"
"83.950","70.0137","12","-0.0508","0.1215","0.5680","-4.1887","-1.4734","1076.3993","410.0000","0.5022","756.2572","-15.82732667","-47.97142763","25.2000","3.9290","0.0000","0.0000","1384.7782"
"84.000","69.8231","12","-0.0661","0.1275","0.5813","-4.4170","-1.9103","1076.4244","410.0000","0.4608","581.7350","-15.82731789","-47.97142843","25.2031","3.9280","0.0000","0.0000","1385.7603"
"84.050","70.1724","12","-0.0769","0.0639","0.5881","-4.5210","-2.2172","1076.4398","410.0000","0.4320","503.7224","-15.82730901","-47.97142909","25.2062","3.9280","0.0000","0.0000","1386.7418"
"84.100","70.4678","12","-0.0759","0.0636","0.5665","-4.4841","-2.1845","1076.4414","410.0000","0.4320","513.4072","-15.82730008","-47.97142987","25.2094","3.9280","0.0000","0.0000","1387.7267"
"84.150","70.6134","12","-0.1249","0.0654","0.5795","-4.4807","-3.5884","1076.4713","410.0000","0.3978","313.1902","-15.82729117","-47.97143045","25.2125","3.9280","0.0000","0.0000","1388.7156"
"84.200","70.7479","12","-0.1142","0.0718","0.5673","-4.7594","-3.2764","1076.4672","410.0000","0.3960","343.6617","-15.82728227","-47.97143134","25.2156","3.9280","0.0000","0.0000","1389.7056"
"84.250","70.6627","12","-0.1075","0.0610","0.5791","-4.9993","-3.0773","1076.4781","410.0000","0.3960","365.4647","-15.82727336","-47.97143212","25.2188","3.9280","0.0000","0.0000","1390.6979"
"84.300","70.6635","12","-0.1166","0.0800","0.5959","-5.1739","-3.3334","1076.4939","410.0000","0.3960","337.3848","-15.82726451","-47.97143301","25.2219","3.9280","0.0000","0.0000","1391.6940"
"84.350","71.1503","12","-0.1414","0.1178","0.5885","-5.3992","-4.0348","1076.5085","410.0000","0.3960","280.6547","-15.82725558","-47.97143386","25.2250","3.9280","0.0000","0.0000","1392.6932"
"84.400","71.3142","12","-0.2014","0.0993","0.5904","-5.6279","-5.7292","1076.5251","410.0000","0.3960","198.1082","-15.82724652","-47.97143472","25.2281","3.9280","0.0000","0.0000","1393.6926"
"84.450","71.2919","12","-0.2074","0.0799","0.6026","-5.8033","-5.8870","1076.5402","410.0000","0.3960","192.7361","-15.82723756","-47.97143572","25.2313","3.9280","0.0000","0.0000","1394.6936"
"84.500","71.5390","12","-0.2289","0.0776","0.5883","-6.1748","-6.4831","1076.5365","410.0000","0.3960","175.6217","-15.82722859","-47.97143678","25.2344","3.9280","0.0000","0.0000","1395.6980"
"84.550","71.8696","11","-0.2264","0.1129","0.5656","-6.5603","-6.4003","1076.5417","410.0000","0.3960","178.7165","-15.82721953","-47.97143787","25.2320","3.9290","0.0000","0.0000","1396.7037"
"84.600","72.0699","11","-0.2105","0.1232","0.5567","-6.8236","-5.9333","1076.5409","410.0000","0.3960","193.3202","-15.82721044","-47.97143901","25.2297","3.9300","0.0000","0.0000","1397.7112"
"84.650","71.9025","11","-0.2212","0.1018","0.5139","-7.3547","-6.2169","1076.5112","410.0000","0.3960","184.0733","-15.82720163","-47.97144033","25.2273","3.9290","0.0000","0.0000","1398.7227"
"84.700","72.2100","12","-0.2229","0.0766","0.4892","-7.4874","-6.2502","1076.4987","410.0000","0.3960","183.8762","-15.82719255","-47.97144157","25.2250","3.9280","0.0000","0.0000","1399.7343"
"84.750","72.4408","12","-0.1854","0.0493","0.5096","-7.6329","-5.1904","1076.5258","410.0000","0.3960","222.1254","-15.82718342","-47.97144289","25.2227","3.9270","0.0000","0.0000","1400.7449"
"84.800","72.3933","12","-0.1384","0.0548","0.5126","-7.8015","-3.8690","1076.5273","410.0000","0.3960","297.7968","-15.82717447","-47.97144424","25.2203","3.9260","0.0000","0.0000","1401.7583"
"84.850","72.6737","12","-0.0847","0.0827","0.4637","-8.1280","-2.3657","1076.5035","410.0000","0.3960","488.9153","-15.82716545","-47.97144567","25.2180","3.9240","0.0000","0.0000","1402.7780"
"84.900","72.9604","12","-0.0291","0.0879","0.4507","-8.2009","-0.8113","1076.4967","410.0000","0.3960","1431.2660","-15.82715637","-47.97144701","25.2156","3.9220","0.0000","0.0000","1403.8031"
"84.950","72.6933","12","0.0002","0.0902","0.4496","-8.2038","0.0042","1076.5162","410.0000","0.3960","10000.0000","-15.82714737","-47.97144831","25.2133","3.9220","0.0000","0.0000","1404.8309"
"85.000","72.7605","12","0.0095","0.1166","0.4753","-8.2796","0.2632","1076.5387","410.0000","0.4032","4400.2275","-15.82713817","-47.97144971","25.2109","3.9220","0.0000","0.0000","1405.8594"
"85.050","73.1507","12","0.0234","0.1154","0.4657","-7.9850","0.6462","1076.5483","410.0000","0.4320","1801.5807","-15.82712899","-47.97145097","25.2086","3.9220","0.0000","0.0000","1406.8889"
"85.100","73.6048","12","0.0425","0.1210","0.4544","-7.6673","1.1707","1076.5438","410.0000","0.4320","1000.6415","-15.82711978","-47.97145224","25.2062","3.9220","0.0000","0.0000","1407.9199"
"85.150","74.0160","12","0.0339","0.0916","0.4740","-7.8850","0.9328","1076.5520","410.0000","0.4320","1262.8367","-15.82711048","-47.97145357","25.2039","3.9230","0.0000","0.0000","1408.9519"
"85.200","74.0526","11","0.0645","0.1099","0.4463","-7.9050","1.7692","1076.5465","410.0000","0.4320","666.1691","-15.82710124","-47.97145490","25.2016","3.9240","0.0000","0.0000","1409.9866"
"85.250","74.0460","11","0.0895","0.1134","0.4370","-7.8674","2.4489","1076.5447","410.0000","0.4320","481.2299","-15.82709205","-47.97145618","25.1992","3.9250","0.0000","0.0000","1411.0239"
"85.300","74.1930","11","0.0765","0.0968","0.4314","-7.8752","2.0886","1076.5560","410.0000","0.4320","565.3625","-15.82708274","-47.97145751","25.1969","3.9260","0.0000","0.0000","1412.0618"
"85.350","74.2581","11","0.0606","0.0789","0.4340","-7.7788","1.6502","1076.5676","410.0000","0.4320","716.1881","-15.82707344","-47.97145871","25.1945","3.9270","0.0000","0.0000","1413.1017"
"85.400","74.3407","11","0.0649","0.0551","0.4401","-7.3112","1.7644","1076.5698","410.0000","0.4320","670.5911","-15.82706414","-47.97145991","25.1922","3.9280","0.0000","0.0000","1414.1421"
"85.450","74.6521","11","0.0937","0.0234","0.4176","-7.2230","2.5441","1076.5580","410.0000","0.4320","467.0056","-15.82705478","-47.97146112","25.1898","3.9280","0.0000","0.0000","1415.1823"
"85.500","74.6413","11","0.0979","0.0278","0.4156","-7.1510","2.6574","1076.5649","410.0000","0.4320","447.0421","-15.82704550","-47.97146232","25.1875","3.9280","0.0000","0.0000","1416.2262"
"85.550","74.7788","11","0.1282","0.0648","0.3922","-6.9935","3.4776","1076.5485","410.0000","0.4320","342.2330","-15.82703603","-47.97146353","25.1891","3.9280","0.0000","0.0000","1417.2756"
"85.600","74.9975","11","0.1570","0.1011","0.3888","-6.8213","4.2518","1076.5576","410.0000","0.4320","280.7365","-15.82702670","-47.97146470","25.1906","3.9280","0.0000","0.0000","1418.3291"
"85.650","74.8500","11","0.1268","0.1155","0.3975","-6.8469","3.4242","1076.5688","410.0000","0.4320","347.9027","-15.82701728","-47.97146582","25.1922","3.9280","0.0000","0.0000","1419.3845"
"85.700","74.9111","11","0.1222","0.1002","0.3871","-6.6810","3.2908","1076.5604","410.0000","0.4320","362.2933","-15.82700791","-47.97146696","25.1938","3.9280","0.0000","0.0000","1420.4403"
"85.750","75.3593","11","0.1117","0.0712","0.3929","-6.1640","3.0024","1076.5822","410.0000","0.4320","399.4695","-15.82699837","-47.97146786","25.1953","3.9280","0.0000","0.0000","1421.4956"
"85.800","75.7844","11","0.1144","0.0804","0.3964","-6.1078","3.0687","1076.5931","410.0000","0.4320","393.0430","-15.82698884","-47.97146882","25.1969","3.9280","0.0000","0.0000","1422.5505"
"85.850","75.9263","11","0.1462","0.0919","0.4193","-5.9541","3.9149","1076.6129","410.0000","0.4320","308.6659","-15.82697928","-47.97146988","25.1984","3.9270","0.0000","0.0000","1423.6091"
"85.900","76.0518","11","0.1913","0.0972","0.4387","-5.7391","5.1106","1076.6387","410.0000","0.4320","236.8399","-15.82696970","-47.97147079","25.2000","3.9260","0.0000","0.0000","1424.6732"
"85.950","75.9873","11","0.2143","0.1028","0.4605","-5.3809","5.7125","1076.6600","410.0000","0.4320","211.7061","-15.82696005","-47.97147157","25.2016","3.9260","0.0000","0.0000","1425.7416"
"86.000","75.9515","11","0.2493","0.0839","0.4227","-5.3015","6.6295","1076.6381","410.0000","0.4320","182.3386","-15.82695069","-47.97147256","25.2031","3.9260","0.0000","0.0000","1426.8101"
"86.050","75.9868","11","0.2803","0.0792","0.4261","-4.9839","7.4406","1076.6404","410.0000","0.4320","162.5370","-15.82694113","-47.97147332","25.2047","3.9260","0.0000","0.0000","1427.8779"
"86.100","76.3911","11","0.2982","0.0829","0.4237","-4.4252","7.9010","1076.6481","410.0000","0.4320","153.8788","-15.82693142","-47.97147397","25.2062","3.9260","0.0000","0.0000","1428.9480"
"86.150","76.7817","11","0.3132","0.0707","0.4207","-4.0181","8.2831","1076.6515","410.0000","0.4320","147.5306","-15.82692167","-47.97147458","25.2078","3.9260","0.0000","0.0000","1430.0211"
"86.200","77.0952","11","0.3344","0.0808","0.4260","-3.2664","8.8291","1076.6727","410.0000","0.4320","138.9728","-15.82691181","-47.97147490","25.2094","3.9260","0.0000","0.0000","1431.0966"
"86.250","76.8257","11","0.3767","0.0975","0.3796","-2.9326","9.9263","1076.6533","410.0000","0.4320","123.1795","-15.82690231","-47.97147537","25.2109","3.9270","0.0000","0.0000","1432.1713"
"86.300","76.9502","11","0.3721","0.0825","0.3553","-2.4679","9.7851","1076.6388","410.0000","0.4320","125.1603","-15.82689266","-47.97147573","25.2125","3.9280","0.0000","0.0000","1433.2465"
"86.350","77.1072","11","0.3811","0.0674","0.3378","-2.0663","10.0030","1076.6234","410.0000","0.4662","122.6826","-15.82688295","-47.97147603","25.2141","3.9280","0.0000","0.0000","1434.3229"
"86.400","77.3880","11","0.4279","0.0613","0.3221","-1.6270","11.2141","1076.6293","410.0000","0.4680","109.8321","-15.82687317","-47.97147619","25.2156","3.9280","0.0000","0.0000","1435.4012"
"86.450","77.4664","13","0.4691","0.0611","0.3161","-1.0264","12.2757","1076.6289","414.5000","0.4842","100.4355","-15.82686340","-47.97147621","25.2172","3.9280","0.0000","0.0000","1436.4849"
"86.500","77.2809","13","0.4573","0.0463","0.2946","-0.4440","11.9526","1076.6165","420.0000","0.4788","102.9037","-15.82685380","-47.97147610","25.2188","3.9280","0.0000","0.0000","1437.5730"
"86.550","77.6186","13","0.4741","0.0250","0.2671","0.5889","12.3774","1076.6265","420.0000","0.4680","99.8060","-15.82684397","-47.97147581","25.2188","3.9290","0.0000","0.0000","1438.6616"
"86.600","77.4441","13","0.5630","0.0704","0.2576","1.0987","14.6896","1076.6099","420.0000","0.4320","83.9072","-15.82683434","-47.97147554","25.2188","3.9300","0.0000","0.0000","1439.7496"
"86.650","77.7816","13","0.6697","0.1182","0.2086","1.9946","17.4444","1076.5813","420.0000","0.4320","70.9645","-15.82682455","-47.97147497","25.2188","3.9300","0.0000","0.0000","1440.8406"
"86.700","78.2135","13","0.7513","0.1399","0.1846","2.8437","19.5183","1076.5706","420.0000","0.4320","63.7762","-15.82681472","-47.97147428","25.2188","3.9300","0.0000","0.0000","1441.9384"
"86.750","78.5335","12","0.7287","0.1193","0.2054","3.8676","18.8742","1076.5864","420.0000","0.4320","66.2225","-15.82680491","-47.97147337","25.2188","3.9300","0.0000","0.0000","1443.0393"
"86.800","78.2941","12","0.7027","0.1528","0.1552","4.6079","18.1503","1076.5553","420.0000","0.4320","68.6537","-15.82679523","-47.97147241","25.2188","3.9300","0.0000","0.0000","1444.1340"
"86.850","78.3424","12","0.7344","0.1459","0.0969","5.4559","18.9055","1076.5138","420.0000","0.4644","65.9522","-15.82678551","-47.97147135","25.2188","3.9290","0.0000","0.0000","1445.2168"
"86.900","78.7023","12","0.8196","0.0858","0.0705","6.9686","21.0347","1076.4850","420.0000","0.5292","59.5486","-15.82677584","-47.97146983","25.2188","3.9280","0.0000","0.0000","1446.2927"
"86.950","79.3816","12","0.8912","-0.0195","0.0723","8.4669","22.8334","1076.4932","420.0000","0.5742","55.3312","-15.82676590","-47.97146786","25.2188","3.9280","0.0000","0.0000","1447.3613"
"87.000","79.3233","12","0.9357","-0.1556","0.0454","9.2243","23.9991","1076.4742","420.0000","0.5904","52.6048","-15.82675614","-47.97146605","25.2188","3.9280","0.0000","0.0000","1448.4185"
"87.050","78.3740","12","0.9851","-0.2462","0.0268","9.7627","25.3663","1076.4613","420.0000","0.6642","49.1740","-15.82674671","-47.97146421","25.2188","3.9280","0.0000","0.0000","1449.4673"
"87.100","77.6364","12","1.0264","-0.3027","0.0109","10.7976","26.5842","1076.4413","420.0000","0.7596","46.4795","-15.82673750","-47.97146211","25.2188","3.9280","0.0000","0.0000","1450.5171"
"87.150","77.4261","12","1.0741","-0.2950","0.0441","12.8648","28.0200","1076.4800","420.0000","0.9972","43.9783","-15.82672815","-47.97145929","25.2188","3.9280","0.0000","0.0000","1451.5750"
"87.200","76.6044","12","1.0867","-0.2730","0.1032","15.2108","28.5453","1076.5236","420.0000","1.2096","42.7109","-15.82671927","-47.97145596","25.2188","3.9280","0.0000","0.0000","1452.6439"
"87.250","75.6373","12","1.0570","-0.1909","0.1631","16.6032","27.9391","1076.5756","420.0000","1.2798","43.0868","-15.82671056","-47.97145278","25.2188","3.9280","0.0000","0.0000","1453.7222"
"87.300","75.4286","12","0.9952","-0.0878","0.2059","17.1316","26.4253","1076.5994","420.0000","1.2096","45.4294","-15.82670157","-47.97144971","25.2188","3.9280","0.0000","0.0000","1454.8052"
"87.350","75.5968","11","0.9359","0.0613","0.2080","18.0933","24.9039","1076.6029","420.0000","1.1538","48.3122","-15.82669261","-47.97144644","25.2188","3.9280","0.0000","0.0000","1455.8938"
"87.400","76.5963","11","0.8769","0.2249","0.2157","19.6117","23.2914","1076.6309","420.0000","1.1448","52.3398","-15.82668352","-47.97144271","25.2188","3.9280","0.0000","0.0000","1456.9880"
"87.450","77.3766","11","0.8066","0.3041","0.2182","20.8255","21.3115","1076.6345","420.0000","1.0836","57.7852","-15.82667450","-47.97143875","25.2188","3.9280","0.0000","0.0000","1458.0808"
"87.500","77.8055","11","0.7537","0.2897","0.2191","21.6543","19.7772","1076.6350","420.0000","0.9684","62.6132","-15.82666541","-47.97143478","25.2188","3.9280","0.0000","0.0000","1459.1687"
"87.550","78.0302","11","0.7542","0.2494","0.2522","22.5444","19.6598","1076.6707","420.0000","0.9360","63.1690","-15.82665646","-47.97143058","25.2148","3.9280","0.0000","0.0000","1460.2527"
"87.600","78.6829","11","0.8341","0.2238","0.2235","23.4037","21.6231","1076.6519","420.0000","1.0080","57.9139","-15.82664738","-47.97142630","25.2109","3.9280","0.0000","0.0000","1461.3358"
"87.650","78.8795","11","0.9638","0.1714","0.1901","24.6553","24.8658","1076.6219","420.0000","0.9918","50.4873","-15.82663863","-47.97142177","25.2070","3.9280","0.0000","0.0000","1462.4200"
"87.700","78.5545","12","1.0601","0.0432","0.1831","26.3205","27.2567","1076.6315","420.0000","0.9468","45.8689","-15.82663029","-47.97141688","25.2031","3.9280","0.0000","0.0000","1463.4976"
"87.750","78.0988","11","1.0514","-0.0898","0.1902","27.5127","27.0192","1076.6167","420.0000","0.9018","46.0037","-15.82662193","-47.97141202","25.1992","3.9280","0.0000","0.0000","1464.5631"
"87.800","77.9493","11","0.9575","-0.1803","0.1488","29.2125","24.6675","1076.5806","420.0000","0.9360","50.2930","-15.82661391","-47.97140671","25.1953","3.9280","0.0000","0.0000","1465.6195"
"87.850","78.0499","11","0.8920","-0.2279","0.0923","30.6642","23.0822","1076.5358","420.0000","0.9198","53.8166","-15.82660584","-47.97140127","25.1914","3.9280","0.0000","0.0000","1466.6709"
"87.900","78.1121","11","0.8286","-0.2112","0.0398","31.2993","21.5545","1076.4924","420.0000","0.8748","57.6766","-15.82659755","-47.97139597","25.1875","3.9280","0.0000","0.0000","1467.7191"
"87.950","77.2031","12","0.6859","-0.2043","-0.0114","31.9128","17.9318","1076.4467","420.0000","0.8298","68.5219","-15.82658966","-47.97139070","25.1836","3.9280","0.0000","0.0000","1468.7620"
"88.000","76.2044","12","0.4906","-0.1876","-0.0318","32.5795","12.8849","1076.4285","420.0000","0.7920","94.1282","-15.82658203","-47.97138537","25.1797","3.9280","0.0000","0.0000","1469.8000"
"88.050","75.8311","11","0.2763","-0.2158","-0.0150","33.0272","7.2850","1076.4369","420.0000","0.7758","165.6683","-15.82657418","-47.97137994","25.1758","3.9280","0.0000","0.0000","1470.8274"
"88.100","75.6496","11","0.0431","-0.2515","0.0166","33.1552","1.1390","1076.4570","420.0000","0.7056","1057.0300","-15.82656632","-47.97137449","25.1719","3.9280","0.0000","0.0000","1471.8362"
"88.150","75.4033","11","-0.1376","-0.3148","0.0260","33.0794","-3.6720","1076.4600","420.0000","0.6498","326.8209","-15.82655844","-47.97136921","25.1680","3.9280","0.0000","0.0000","1472.8224"
"88.200","74.7900","11","-0.2554","-0.4002","0.0226","32.8451","-6.8677","1076.4594","420.0000","0.5688","173.3224","-15.82655064","-47.97136399","25.1641","3.9280","0.0000","0.0000","1473.7874"
"88.250","74.6064","11","-0.4121","-0.4761","0.0082","32.4422","-11.1925","1076.4528","424.5000","0.5238","106.0891","-15.82654264","-47.97135896","25.1602","3.9290","0.0000","0.0000","1474.7356"
"88.300","73.5461","11","-0.5338","-0.5325","0.0264","31.5682","-14.6595","1076.4458","430.0000","0.5292","79.8472","-15.82653486","-47.97135423","25.1562","3.9300","0.0000","0.0000","1475.6702"
"88.350","71.8950","11","-0.6720","-0.5942","0.0214","30.4138","-18.6922","1076.4469","430.0000","0.5742","61.2151","-15.82652711","-47.97134989","25.1523","3.9300","0.0000","0.0000","1476.5884"
"88.400","70.2000","11","-0.8579","-0.6542","-0.0284","29.1638","-24.2231","1076.3969","430.0000","0.6552","46.1241","-15.82651960","-47.97134594","25.1484","3.9300","0.0000","0.0000","1477.4906"
"88.450","68.7580","11","-0.9548","-0.7659","-0.0753","27.8161","-27.4159","1076.3444","430.0000","0.6840","39.9154","-15.82651210","-47.97134216","25.1445","3.9300","0.0000","0.0000","1478.3762"
"88.500","67.9558","11","-1.0112","-0.8400","-0.0833","26.7526","-29.6157","1076.3291","430.0000","0.6336","36.5195","-15.82650458","-47.97133847","25.1406","3.9300","0.0000","0.0000","1479.2507"
"88.550","66.7829","11","-1.0229","-0.7821","-0.1178","25.4631","-30.6224","1076.3124","430.0000","0.6120","34.7094","-15.82649711","-47.97133513","25.1406","3.9300","0.0000","0.0000","1480.1177"
"88.600","65.5019","11","-1.0024","-0.6526","-0.0397","23.3963","-30.6288","1076.3536","430.0000","0.7416","34.0365","-15.82648949","-47.97133205","25.1406","3.9300","0.0000","0.0000","1480.9811"
"88.650","64.3618","11","-0.9924","-0.5177","0.0632","21.6185","-30.8510","1076.4248","430.0000","0.8442","33.2032","-15.82648184","-47.97132918","25.1406","3.9290","0.0000","0.0000","1481.8486"
"88.700","63.3364","11","-0.9775","-0.4132","0.1099","20.1824","-30.8227","1076.4565","430.0000","0.8388","32.7042","-15.82647436","-47.97132668","25.1406","3.9280","0.0000","0.0000","1482.7192"
"88.750","62.6501","11","-0.9731","-0.2806","0.1010","18.6046","-31.0404","1076.4504","430.0000","0.8622","32.1229","-15.82646689","-47.97132441","25.1406","3.9280","0.0000","0.0000","1483.5837"
"88.800","62.1785","10","-0.9370","-0.1975","0.0703","17.6560","-30.1242","1076.4301","430.0000","0.7920","32.8507","-15.82645952","-47.97132228","25.1406","3.9280","0.0000","0.0000","1484.4402"
"88.850","62.1507","10","-0.9222","-0.1610","-0.0011","16.1907","-29.8169","1076.3842","430.0000","0.7920","33.1745","-15.82645200","-47.97132047","25.1406","3.9280","0.0000","0.0000","1485.2942"
"88.900","62.7696","10","-0.8939","-0.1133","-0.0255","14.7906","-29.0382","1076.3812","430.0000","0.7668","34.4032","-15.82644408","-47.97131874","25.1406","3.9280","0.0000","0.0000","1486.1482"
"88.950","62.7012","10","-0.9240","-0.0757","-0.0065","13.1363","-30.1176","1076.3984","430.0000","0.7560","33.1341","-15.82643632","-47.97131728","25.1406","3.9280","0.0000","0.0000","1486.9995"
"89.000","61.8929","11","-0.8826","-0.0285","0.0179","11.0097","-28.8332","1076.3988","430.0000","0.7992","34.1639","-15.82642880","-47.97131634","25.1406","3.9280","0.0000","0.0000","1487.8486"
"89.050","61.4135","11","-0.8796","-0.0675","0.0426","9.5993","-28.7708","1076.4147","430.0000","0.8118","33.9729","-15.82642124","-47.97131539","25.1406","3.9270","0.0000","0.0000","1488.6985"
"89.100","61.5847","11","-0.9183","-0.0938","0.1233","8.5006","-30.1052","1076.4622","430.0000","0.8172","32.5575","-15.82641348","-47.97131444","25.1406","3.9260","0.0000","0.0000","1489.5479"
"89.150","61.4360","11","-0.9347","-0.0828","0.1739","7.5502","-30.7334","1076.5011","430.0000","0.8280","31.8150","-15.82640581","-47.97131353","25.1406","3.9260","0.0000","0.0000","1490.3981"
"89.200","61.1547","11","-0.9584","-0.0552","0.2309","5.6279","-31.5923","1076.5344","430.0000","0.8784","30.8083","-15.82639812","-47.97131331","25.1406","3.9260","0.0000","0.0000","1491.2552"
"89.250","61.1089","11","-0.9618","-0.0228","0.2821","3.4469","-31.7625","1076.5719","430.0000","0.9360","30.6203","-15.82639047","-47.97131356","25.1406","3.9260","0.0000","0.0000","1492.1223"
"89.300","61.2960","12","-0.9513","0.0297","0.3317","2.1436","-31.4440","1076.6064","430.0000","0.9360","31.0252","-15.82638275","-47.97131369","25.1406","3.9260","0.0000","0.0000","1492.9919"
"89.350","60.9170","12","-0.9885","0.1215","0.2882","0.5564","-32.6526","1076.5807","430.0000","0.9360","29.6920","-15.82637527","-47.97131417","25.1406","3.9270","0.0000","0.0000","1493.8573"
"89.400","61.3669","12","-1.0305","0.1815","0.1426","-0.3834","-33.9220","1076.4703","430.0000","1.0584","28.7921","-15.82636770","-47.97131476","25.1406","3.9280","0.0000","0.0000","1494.7179"
"89.450","62.0862","11","-1.0899","0.1593","-0.0782","-2.9347","-35.7040","1076.2992","430.0000","1.1160","27.6756","-15.82636023","-47.97131646","25.1406","3.9280","0.0000","0.0000","1495.5762"
"89.500","62.6630","11","-1.1739","0.1159","-0.2510","-4.7724","-38.3006","1076.1527","430.0000","1.0656","26.0391","-15.82635263","-47.97131808","25.1406","3.9280","0.0000","0.0000","1496.4270"
"89.550","62.6874","11","-1.1891","0.0542","-0.3671","-6.8551","-38.6890","1076.0543","439.5000","1.0440","25.7877","-15.82634516","-47.97132000","25.1406","3.9280","0.0000","0.0000","1497.2677"
"89.600","62.0018","11","-1.1977","-0.0142","-0.4562","-8.5917","-38.9380","1075.9751","440.0000","1.0080","25.3426","-15.82633794","-47.97132210","25.1406","3.9280","0.0000","0.0000","1498.1014"
"89.650","61.8925","11","-1.2913","-0.1143","-0.5943","-10.6711","-42.0334","1075.8540","440.0000","1.0080","23.4349","-15.82633087","-47.97132455","25.1406","3.9280","0.0000","0.0000","1498.9265"
"89.700","61.7619","11","-1.4514","-0.2194","-0.7166","-13.1123","-47.4480","1075.7399","440.0000","0.9828","20.7168","-15.82632400","-47.97132745","25.1406","3.9280","0.0000","0.0000","1499.7429"
"89.750","60.8567","11","-1.5915","-0.2899","-0.8579","-15.6400","-52.3962","1075.6243","440.0000","0.9378","18.4854","-15.82631740","-47.97133090","25.1406","3.9280","0.0000","0.0000","1500.5557"
"89.800","60.1436","11","-1.6204","-0.3312","-0.9137","-18.0414","-53.8568","1075.5773","440.0000","0.9720","17.7733","-15.82631105","-47.97133431","25.1406","3.9280","0.0000","0.0000","1501.3669"
"89.850","59.8509","11","-1.6835","-0.3359","-0.8812","-20.8183","-56.5505","1075.5905","440.0000","0.9558","16.8443","-15.82630464","-47.97133821","25.1406","3.9280","0.0000","0.0000","1502.1759"
"89.900","59.0331","11","-1.7160","-0.2986","-0.8849","-24.0118","-58.2723","1075.5618","440.0000","0.9108","16.1233","-15.82629876","-47.97134258","25.1406","3.9280","0.0000","0.0000","1502.9851"
"89.950","58.5065","11","-1.7837","-0.1825","-0.8955","-27.1655","-61.1704","1075.5540","440.0000","0.8658","15.2224","-15.82629303","-47.97134719","25.1406","3.9280","0.0000","0.0000","1503.7955"
"90.000","58.5050","11","-1.7175","-0.1119","-0.7820","-30.4524","-59.2673","1075.6219","440.0000","0.8208","15.7108","-15.82628734","-47.97135205","25.1406","3.9280","0.0000","0.0000","1504.6057"
"90.050","58.3285","11","-1.6339","-0.0701","-0.6892","-33.1879","-56.6257","1075.6782","440.0000","0.7758","16.3941","-15.82628180","-47.97135712","25.1406","3.9280","0.0000","0.0000","1505.4181"
"90.100","58.1569","11","-1.4848","-0.0226","-0.6691","-35.2773","-51.6053","1075.6716","440.0000","0.7308","17.9361","-15.82627635","-47.97136224","25.1406","3.9280","0.0000","0.0000","1506.2344"
"90.150","58.3649","11","-1.2962","0.0624","-0.6580","-37.3957","-45.1125","1075.6722","440.0000","0.6858","20.5909","-15.82627101","-47.97136741","25.1406","3.9280","0.0000","0.0000","1507.0538"
"90.200","58.3884","11","-1.1170","0.1183","-0.5899","-39.8142","-38.8165","1075.7008","440.0000","0.6840","23.9404","-15.82626579","-47.97137293","25.1406","3.9280","0.0000","0.0000","1507.8773"
"90.250","58.3086","11","-0.9361","0.1022","-0.5380","-41.8321","-32.4294","1075.7251","440.0000","0.6678","28.6163","-15.82626072","-47.97137849","25.1406","3.9280","0.0000","0.0000","1508.7053"
"90.300","58.6392","11","-0.7577","0.1079","-0.4898","-42.8311","-26.1751","1075.7507","440.0000","0.5976","35.6549","-15.82625546","-47.97138389","25.1406","3.9280","0.0000","0.0000","1509.5348"
"90.350","58.8989","11","-0.6047","0.1297","-0.4307","-43.7845","-20.8245","1075.7844","440.0000","0.5418","45.0146","-15.82625015","-47.97138944","25.1406","3.9280","0.0000","0.0000","1510.3654"
"90.400","59.0862","11","-0.5024","0.1168","-0.3646","-44.4107","-17.2363","1075.8115","440.0000","0.5256","54.5585","-15.82624492","-47.97139486","25.1406","3.9280","0.0000","0.0000","1511.1991"
"90.450","59.4907","11","-0.4075","0.1064","-0.3670","-45.0991","-13.9375","1075.8040","440.0000","0.4680","67.9334","-15.82623973","-47.97140057","25.1406","3.9280","0.0000","0.0000","1512.0377"
"90.500","59.6790","11","-0.3303","0.1335","-0.3236","-45.8119","-11.2585","1075.8062","440.0000","0.4428","84.3649","-15.82623457","-47.97140628","25.1406","3.9280","0.0000","0.0000","1512.8790"
"90.550","59.7730","11","-0.2407","0.1340","-0.2824","-46.5644","-8.1738","1075.8357","440.0000","0.3978","116.3861","-15.82622954","-47.97141204","25.1437","3.9280","0.0000","0.0000","1513.7244"
"90.600","59.8165","11","-0.1555","0.1324","-0.2467","-46.8413","-5.2584","1075.8551","440.0000","0.3960","181.0438","-15.82622444","-47.97141775","25.1469","3.9280","0.0000","0.0000","1514.5753"
"90.650","60.2218","11","-0.0994","0.1493","-0.2211","-46.9621","-3.3489","1075.8721","440.0000","0.3960","286.2004","-15.82621931","-47.97142353","25.1500","3.9280","0.0000","0.0000","1515.4316"
"90.700","60.4698","11","-0.0896","0.1562","-0.1845","-47.0147","-3.0055","1075.8959","440.0000","0.3960","320.2168","-15.82621402","-47.97142931","25.1531","3.9280","0.0000","0.0000","1516.2891"
"90.750","60.6125","11","-0.0389","0.1321","-0.1202","-47.0385","-1.2997","1075.9165","440.0000","0.3960","742.2166","-15.82620886","-47.97143503","25.1562","3.9280","0.0000","0.0000","1517.1481"
"90.800","61.0618","11","0.0410","0.1426","-0.1256","-46.9778","1.3638","1075.9188","440.0000","0.3960","712.5912","-15.82620368","-47.97144090","25.1594","3.9280","0.0000","0.0000","1518.0090"
"90.850","61.5114","11","0.1095","0.1494","-0.0911","-46.8742","3.6248","1075.9266","440.0000","0.3960","270.0829","-15.82619833","-47.97144682","25.1625","3.9280","0.0000","0.0000","1518.8718"
"90.900","61.7146","11","0.1732","0.1317","-0.0751","-46.4812","5.7097","1075.9243","440.0000","0.3960","172.0258","-15.82619300","-47.97145255","25.1656","3.9280","0.0000","0.0000","1519.7378"
"90.950","61.7572","11","0.2332","0.1374","-0.0527","-46.0615","7.6595","1075.9314","440.0000","0.3960","128.3243","-15.82618770","-47.97145824","25.1688","3.9280","0.0000","0.0000","1520.6079"
"91.000","61.9089","11","0.2526","0.1167","-0.0302","-45.9209","8.2654","1075.9318","440.0000","0.4320","119.2093","-15.82618229","-47.97146401","25.1719","3.9280","0.0000","0.0000","1521.4800"
"91.050","62.0629","11","0.2670","0.0905","-0.0228","-45.5012","8.7080","1075.9286","440.0000","0.4320","113.4312","-15.82617682","-47.97146971","25.1750","3.9290","0.0000","0.0000","1522.3545"
"91.100","62.1377","11","0.3214","0.1047","0.0135","-44.8143","10.4555","1075.9482","440.0000","0.4320","94.5868","-15.82617124","-47.97147526","25.1781","3.9300","0.0000","0.0000","1523.2327"
"91.150","62.5167","11","0.4083","0.1257","0.0477","-44.1128","13.2455","1075.9539","440.0000","0.4320","75.1187","-15.82616550","-47.97148077","25.1812","3.9300","0.0000","0.0000","1524.1134"
"91.200","62.8161","11","0.4853","0.1140","0.0417","-43.4577","15.6899","1075.9484","440.0000","0.4320","63.7193","-15.82615974","-47.97148635","25.1844","3.9300","0.0000","0.0000","1524.9969"
"91.250","62.8054","11","0.5207","0.0990","0.0434","-42.5135","16.7821","1075.9537","440.0000","0.4320","59.5624","-15.82615386","-47.97149171","25.1875","3.9300","0.0000","0.0000","1525.8801"
"91.300","63.0948","11","0.5512","0.1157","0.0403","-41.7683","17.7167","1075.9463","440.0000","0.4320","56.6800","-15.82614794","-47.97149708","25.1906","3.9300","0.0000","0.0000","1526.7598"
"91.350","63.3915","11","0.5829","0.1133","0.0553","-41.1907","18.6780","1075.9417","440.0000","0.4320","54.0159","-15.82614188","-47.97150251","25.1938","3.9300","0.0000","0.0000","1527.6387"
"91.400","63.4171","11","0.6498","0.0658","0.0780","-39.8531","20.7621","1075.9550","440.0000","0.4320","48.6132","-15.82613561","-47.97150746","25.1969","3.9300","0.0000","0.0000","1528.5194"
"91.450","63.7719","11","0.7018","0.0317","0.1096","-38.3082","22.3879","1075.9774","440.0000","0.4320","45.3353","-15.82612913","-47.97151234","25.2000","3.9300","0.0000","0.0000","1529.4009"
"91.500","63.4079","11","0.6993","0.0176","0.1198","-37.2234","22.2924","1075.9771","440.0000","0.4320","45.2697","-15.82612275","-47.97151714","25.2031","3.9300","0.0000","0.0000","1530.2812"
"91.550","63.2610","11","0.7024","-0.0018","0.1210","-36.2576","22.3863","1075.9736","440.0000","0.4320","44.9753","-15.82611636","-47.97152184","25.2039","3.9300","0.0000","0.0000","1531.1637"
"91.600","63.2843","11","0.7559","0.0049","0.2318","-35.6220","24.0954","1076.0583","440.0000","0.4752","41.8005","-15.82610965","-47.97152644","25.2047","3.9300","0.0000","0.0000","1532.0498"
"91.650","63.5211","11","0.8120","0.0082","0.3092","-34.0847","25.8836","1076.1180","440.0000","0.5202","39.0583","-15.82610276","-47.97153072","25.2055","3.9300","0.0000","0.0000","1532.9370"
"91.700","63.4063","11","0.8568","0.0070","0.3246","-32.3798","27.3113","1076.1331","440.0000","0.5652","36.9496","-15.82609585","-47.97153481","25.2062","3.9300","0.0000","0.0000","1533.8264"
"91.750","63.3022","11","0.9222","0.0249","0.3128","-30.9504","29.3975","1076.1367","440.0000","0.5418","34.2711","-15.82608891","-47.97153884","25.2070","3.9300","0.0000","0.0000","1534.7190"
"91.800","63.6831","12","0.9247","0.0595","0.3402","-29.8112","29.4635","1076.1620","440.0000","0.5328","34.4001","-15.82608170","-47.97154277","25.2078","3.9300","0.0000","0.0000","1535.6134"
"91.850","63.9062","12","0.9156","0.0918","0.3644","-28.6351","29.1265","1076.1902","435.5000","0.5040","34.9200","-15.82607446","-47.97154655","25.2086","3.9300","0.0000","0.0000","1536.5133"
"91.900","63.8315","12","0.9291","0.1128","0.3675","-26.8002","29.4892","1076.2086","430.0000","0.5040","34.4503","-15.82606712","-47.97154998","25.2094","3.9300","0.0000","0.0000","1537.4170"
"91.950","64.2269","12","0.9263","0.1661","0.3453","-24.7015","29.3159","1076.1907","430.0000","0.5724","34.8685","-15.82605960","-47.97155316","25.2102","3.9300","0.0000","0.0000","1538.3225"
"92.000","64.3720","12","0.8833","0.1584","0.3832","-23.4105","27.8345","1076.2321","430.0000","0.5328","36.8073","-15.82605197","-47.97155632","25.2109","3.9300","0.0000","0.0000","1539.2310"
"92.050","64.4886","12","0.7560","0.1342","0.3499","-22.5839","23.7300","1076.2252","430.0000","0.4878","43.2519","-15.82604443","-47.97155943","25.2117","3.9290","0.0000","0.0000","1540.1448"
"92.100","64.9813","12","0.6559","0.1290","0.3396","-21.6533","20.5151","1076.2233","430.0000","0.4680","50.4121","-15.82603674","-47.97156245","25.2125","3.9280","0.0000","0.0000","1541.0603"
"92.150","65.2039","12","0.6076","0.1487","0.3685","-20.8298","18.9380","1076.2397","430.0000","0.4338","54.7975","-15.82602895","-47.97156538","25.2133","3.9280","0.0000","0.0000","1541.9742"
"92.200","65.1661","12","0.5702","0.1489","0.3469","-19.9499","17.7037","1076.2513","430.0000","0.4320","58.5838","-15.82602123","-47.97156810","25.2141","3.9280","0.0000","0.0000","1542.8903"
"92.250","65.6145","12","0.5090","0.1195","0.3533","-18.9011","15.7417","1076.2543","430.0000","0.4320","66.3389","-15.82601328","-47.97157081","25.2148","3.9270","0.0000","0.0000","1543.8126"
"92.300","65.9794","12","0.4562","0.1099","0.3748","-18.0910","14.0662","1076.2882","430.0000","0.4320","74.6537","-15.82600533","-47.97157331","25.2156","3.9260","0.0000","0.0000","1544.7363"
"92.350","65.8538","12","0.4328","0.0899","0.4094","-17.5769","13.3054","1076.3152","430.0000","0.4320","78.7724","-15.82599731","-47.97157580","25.2164","3.9260","0.0000","0.0000","1545.6570"
"92.400","65.7247","12","0.5261","0.0786","0.4096","-17.0128","16.1349","1076.3423","430.0000","0.4752","64.8310","-15.82598943","-47.97157821","25.2172","3.9260","0.0000","0.0000","1546.5757"
"92.450","66.1788","12","0.5958","0.0797","0.4243","-15.9565","18.2366","1076.3469","430.0000","0.5202","57.7557","-15.82598131","-47.97158040","25.2180","3.9260","0.0000","0.0000","1547.4977"
"92.500","66.5373","12","0.6469","0.0390","0.4301","-14.6914","19.7606","1076.3571","430.0000","0.5148","53.5902","-15.82597312","-47.97158242","25.2188","3.9260","0.0000","0.0000","1548.4204"
"92.550","66.5646","12","0.6775","0.0115","0.3422","-14.0378","20.6803","1076.3248","430.0000","0.5040","51.2280","-15.82596499","-47.97158447","25.2180","3.9260","0.0000","0.0000","1549.3400"
"92.600","66.0831","12","0.7186","0.0489","0.3510","-12.8653","21.9278","1076.3385","430.0000","0.5040","47.9640","-15.82595702","-47.97158616","25.2172","3.9260","0.0000","0.0000","1550.2560"
"92.650","66.1701","12","0.7098","0.0330","0.3408","-11.8281","21.6343","1076.3340","430.0000","0.5040","48.6787","-15.82594877","-47.97158775","25.2164","3.9260","0.0000","0.0000","1551.1697"
"92.700","66.6166","12","0.7220","-0.0142","0.2368","-10.5804","21.9906","1076.2747","430.0000","0.5796","48.2132","-15.82594045","-47.97158926","25.2156","3.9260","0.0000","0.0000","1552.0806"
"92.750","66.1980","12","0.7381","-0.0456","0.1437","-9.1352","22.4942","1076.2134","430.0000","0.6462","46.8376","-15.82593240","-47.97159049","25.2148","3.9260","0.0000","0.0000","1552.9823"
"92.800","66.1858","12","0.7317","-0.1133","0.1354","-7.9487","22.3364","1076.2091","430.0000","0.6840","47.1598","-15.82592414","-47.97159145","25.2141","3.9260","0.0000","0.0000","1553.8727"
"92.850","65.7666","12","0.7022","-0.1438","0.1610","-7.1841","21.5032","1076.2264","430.0000","0.7326","48.6770","-15.82591603","-47.97159234","25.2133","3.9250","0.0000","0.0000","1554.7559"
"92.900","65.8603","12","0.6855","-0.1709","0.1469","-6.2890","21.0797","1076.2275","430.0000","0.9180","49.7255","-15.82590774","-47.97159313","25.2125","3.9240","0.0000","0.0000","1555.6370"
"92.950","65.4513","12","0.7271","-0.1780","0.1444","-5.6041","22.4644","1076.2200","430.0000","0.9720","46.3706","-15.82589969","-47.97159373","25.2117","3.9240","0.0000","0.0000","1556.5129"
"93.000","64.4830","12","0.8135","-0.1936","0.1550","-4.1404","25.2604","1076.2262","430.0000","0.9648","40.6279","-15.82589185","-47.97159398","25.2109","3.9240","0.0000","0.0000","1557.3776"
"93.050","63.7061","12","0.8769","-0.2992","0.1677","-2.4366","27.3916","1076.2485","430.0000","0.9522","37.0155","-15.82588407","-47.97159388","25.2102","3.9240","0.0000","0.0000","1558.2227"
"93.100","63.5453","12","0.9520","-0.3814","0.1886","-0.8393","29.9979","1076.2686","437.0000","0.9720","33.7142","-15.82587609","-47.97159363","25.2094","3.9240","0.0000","0.0000","1559.0527"
"93.150","63.4242","12","0.9498","-0.4019","0.2094","0.2724","30.2536","1076.2932","440.0000","0.9036","33.3656","-15.82586813","-47.97159333","25.2086","3.9250","0.0000","0.0000","1559.8687"
"93.200","62.8007","12","0.9788","-0.4220","0.2587","1.8681","31.5415","1076.3361","440.0000","0.8928","31.6886","-15.82586040","-47.97159265","25.2078","3.9260","0.0000","0.0000","1560.6714"
"93.250","61.6495","12","1.0299","-0.4718","0.2798","3.7619","33.6042","1076.3427","440.0000","0.8640","29.1982","-15.82585304","-47.97159160","25.2070","3.9260","0.0000","0.0000","1561.4647"
"93.300","60.3543","12","1.0088","-0.4661","0.2330","6.1790","33.3730","1076.2972","440.0000","0.9144","28.7829","-15.82584605","-47.97159025","25.2062","3.9260","0.0000","0.0000","1562.2505"
"93.350","59.2955","12","0.9669","-0.4892","0.1720","7.6201","32.4348","1076.2646","440.0000","0.9702","29.0958","-15.82583906","-47.97158906","25.2055","3.9250","0.0000","0.0000","1563.0270"
"93.400","58.2276","12","0.9645","-0.4771","0.1558","8.8888","32.8346","1076.2365","440.0000","0.9648","28.2239","-15.82583222","-47.97158757","25.2047","3.9240","0.0000","0.0000","1563.7943"
"93.450","57.3731","12","1.0024","-0.5031","0.1401","9.9881","34.6347","1076.2229","440.0000","0.9360","26.3644","-15.82582541","-47.97158605","25.2039","3.9240","0.0000","0.0000","1564.5493"
"93.500","56.9671","12","1.1350","-0.5260","0.1372","11.5035","39.8510","1076.2139","440.0000","0.9360","22.7512","-15.82581857","-47.97158431","25.2031","3.9240","0.0000","0.0000","1565.2930"
"93.550","56.2598","12","1.2494","-0.4854","0.0535","14.2984","44.5945","1076.1685","440.0000","1.0386","20.0788","-15.82581214","-47.97158196","25.2078","3.9250","0.0000","0.0000","1566.0304"
"93.600","55.5575","12","1.3256","-0.4160","0.0075","17.1526","48.0553","1076.1168","440.0000","1.1016","18.4002","-15.82580586","-47.97157907","25.2125","3.9260","0.0000","0.0000","1566.7642"
"93.650","54.9006","12","1.3682","-0.3520","-0.0159","19.0838","50.2885","1076.1021","440.0000","1.0116","17.3752","-15.82579971","-47.97157643","25.2172","3.9270","0.0000","0.0000","1567.4941"
"93.700","54.0025","12","1.4470","-0.2850","-0.0257","21.9798","53.8261","1076.0876","440.0000","0.9468","15.9677","-15.82579384","-47.97157328","25.2219","3.9280","0.0000","0.0000","1568.2209"
"93.750","53.0326","12","1.5211","-0.2386","-0.0193","25.9312","57.1503","1076.0852","440.0000","1.0044","14.7688","-15.82578837","-47.97156954","25.2266","3.9280","0.0000","0.0000","1568.9460"
"93.800","53.0409","12","1.5330","-0.1963","-0.0250","28.4117","58.1018","1076.0758","440.0000","0.9576","14.5292","-15.82578273","-47.97156587","25.2313","3.9280","0.0000","0.0000","1569.6718"
"93.850","52.6660","12","1.4570","-0.1431","-0.0685","31.2148","55.6137","1076.0476","440.0000","0.8838","15.0719","-15.82577747","-47.97156200","25.2359","3.9290","0.0000","0.0000","1570.3950"
"93.900","52.5125","12","1.3916","-0.1153","-0.1123","33.1940","53.4232","1076.0155","440.0000","0.8388","15.6442","-15.82577216","-47.97155805","25.2406","3.9300","0.0000","0.0000","1571.1150"
"93.950","52.1144","12","1.3224","-0.0756","-0.2000","35.2555","51.0038","1075.9532","440.0000","0.7938","16.2621","-15.82576718","-47.97155410","25.2453","3.9300","0.0000","0.0000","1571.8342"
"94.000","52.2152","11","1.2183","-0.0411","-0.2758","37.9472","47.1367","1075.9039","440.0000","0.8208","17.6302","-15.82576221","-47.97154973","25.2500","3.9300","0.0000","0.0000","1572.5520"
"94.050","52.2673","12","1.1662","-0.0404","-0.3094","40.3039","45.2086","1075.8855","440.0000","0.7758","18.4005","-15.82575748","-47.97154513","25.2547","3.9290","0.0000","0.0000","1573.2629"
"94.100","51.9271","12","1.1369","-0.0595","-0.3314","42.7817","44.1652","1075.8441","440.0000","0.7308","18.7126","-15.82575302","-47.97154045","25.2594","3.9280","0.0000","0.0000","1573.9658"
"94.150","51.7229","12","1.1070","-0.0892","-0.4006","45.2551","43.1158","1075.7977","440.0000","0.7200","19.0927","-15.82574877","-47.97153557","25.2641","3.9280","0.0000","0.0000","1574.6646"
"94.200","51.8303","11","1.1922","-0.1280","-0.4368","47.5818","46.6183","1075.7819","440.0000","0.6912","17.6949","-15.82574454","-47.97153051","25.2687","3.9280","0.0000","0.0000","1575.3660"
"94.250","51.5321","11","1.3068","-0.1158","-0.4611","50.2093","51.3604","1075.7622","440.0000","0.7038","15.9687","-15.82574072","-47.97152527","25.2734","3.9280","0.0000","0.0000","1576.0703"
"94.300","50.9774","11","1.2816","-0.0866","-0.5758","52.0689","50.6014","1075.6752","440.0000","0.6840","16.0338","-15.82573713","-47.97152017","25.2781","3.9280","0.0000","0.0000","1576.7717"
"94.350","50.1897","11","1.3031","-0.1204","-0.6886","53.9428","51.6443","1075.6022","440.0000","0.6498","15.4672","-15.82573383","-47.97151504","25.2828","3.9280","0.0000","0.0000","1577.4700"
"94.400","50.2883","11","1.3592","-0.1239","-0.5725","57.2094","54.1428","1075.6500","440.0000","0.6912","14.7825","-15.82573070","-47.97150924","25.2875","3.9280","0.0000","0.0000","1578.1681"
"94.450","50.6894","11","1.3804","-0.0606","-0.4573","60.8355","55.2681","1075.7073","440.0000","0.7362","14.5970","-15.82572790","-47.97150317","25.2922","3.9280","0.0000","0.0000","1578.8652"
"94.500","50.7551","11","1.4090","0.0030","-0.4540","63.6800","56.5675","1075.6874","440.0000","0.7308","14.2802","-15.82572543","-47.97149720","25.2969","3.9280","0.0000","0.0000","1579.5642"
"94.550","50.2383","11","1.4695","0.0050","-0.4255","66.3802","59.0428","1075.6835","440.0000","0.6858","13.5422","-15.82572324","-47.97149128","25.2922","3.9270","0.0000","0.0000","1580.2656"
"94.600","50.2101","11","1.4744","0.0103","-0.5375","68.8701","59.2948","1075.6146","440.0000","0.6408","13.4771","-15.82572151","-47.97148525","25.2875","3.9260","0.0000","0.0000","1580.9611"
"94.650","50.2803","11","1.4129","0.0343","-0.5316","71.3963","56.8548","1075.5840","440.0000","0.6444","14.0751","-15.82571981","-47.97147910","25.2828","3.9260","0.0000","0.0000","1581.6462"
"94.700","50.0902","12","1.3503","0.0426","-0.5741","74.5831","54.3159","1075.5353","440.0000","0.7344","14.6773","-15.82571865","-47.97147291","25.2781","3.9260","0.0000","0.0000","1582.3301"
"94.750","50.5260","12","1.3404","0.0166","-0.6862","78.6303","53.8851","1075.4384","440.0000","0.7902","14.9234","-15.82571791","-47.97146662","25.2734","3.9260","0.0000","0.0000","1583.0134"
"94.800","50.6255","12","1.2942","-0.0806","-0.7655","79.6963","52.0676","1075.3530","440.0000","0.9072","15.4747","-15.82571702","-47.97146033","25.2687","3.9260","0.0000","0.0000","1583.6926"
"94.850","49.6026","12","1.2695","-0.1544","-0.8840","82.4326","51.2849","1075.2802","440.0000","0.9684","15.3934","-15.82571659","-47.97145427","25.2641","3.9250","0.0000","0.0000","1584.3657"
"94.900","49.0959","12","1.3096","-0.1533","-1.0596","85.9312","53.2493","1075.1510","440.0000","1.0836","14.6741","-15.82571682","-47.97144821","25.2594","3.9240","0.0000","0.0000","1585.0328"
"94.950","49.4978","12","1.3776","-0.1455","-1.0402","87.3587","56.3657","1075.1274","440.0000","1.0134","13.9763","-15.82571670","-47.97144171","25.2547","3.9240","0.0000","0.0000","1585.6959"
"95.000","49.0472","12","1.3857","-0.1768","-0.9681","89.4285","57.0550","1075.1697","440.0000","1.0440","13.6817","-15.82571692","-47.97143547","25.2500","3.9240","0.0000","0.0000","1586.3625"
"95.050","48.7040","12","1.3215","-0.1806","-1.0038","93.4949","54.8222","1075.1353","440.0000","1.0764","14.1393","-15.82571795","-47.97142937","25.2453","3.9250","0.0000","0.0000","1587.0354"
"95.100","48.3692","12","1.2678","-0.1253","-1.1408","97.0701","52.9804","1075.0406","440.0000","1.1160","14.5303","-15.82571933","-47.97142353","25.2406","3.9260","0.0000","0.0000","1587.7107"
"95.150","47.6579","12","1.2106","-0.0425","-1.2145","99.1448","50.8621","1074.9767","440.0000","1.1160","14.9128","-15.82572061","-47.97141781","25.2359","3.9260","0.0000","0.0000","1588.3895"
"95.200","47.6847","12","1.1755","0.0467","-1.3477","101.7504","49.4834","1074.8843","440.0000","1.2744","15.3370","-15.82572227","-47.97141208","25.2313","3.9260","0.0000","0.0000","1589.0742"
"95.250","48.2740","12","1.1430","0.1208","-1.4592","104.2070","48.0520","1074.7777","440.0000","1.3158","15.9890","-15.82572427","-47.97140621","25.2266","3.9270","0.0000","0.0000","1589.7639"
"95.300","48.5298","12","1.0735","0.1272","-1.5837","106.2681","44.9572","1074.6772","440.0000","1.2708","17.1803","-15.82572634","-47.97140038","25.2219","3.9280","0.0000","0.0000","1590.4565"
"95.350","48.6705","12","1.1241","0.1303","-1.6969","107.5005","46.8891","1074.5851","440.0000","1.1916","16.5202","-15.82572852","-47.97139453","25.2172","3.9280","0.0000","0.0000","1591.1521"
"95.400","49.0257","12","1.1293","0.1860","-1.7393","109.1149","46.9084","1074.5280","440.0000","1.1088","16.6339","-15.82573085","-47.97138867","25.2125","3.9280","0.0000","0.0000","1591.8522"
"95.450","49.5537","12","1.0382","0.2155","-1.7597","112.2339","42.8602","1074.4741","440.0000","1.0962","18.4010","-15.82573370","-47.97138301","25.2078","3.9270","0.0000","0.0000","1592.5573"
"95.500","49.7033","12","1.0504","0.2011","-1.7544","115.1660","43.0391","1074.4453","440.0000","1.1412","18.3799","-15.82573684","-47.97137741","25.2031","3.9260","0.0000","0.0000","1593.2627"
"95.550","50.0248","11","1.1432","0.2114","-1.6642","117.6747","46.5396","1074.4690","440.0000","1.1520","17.1074","-15.82574012","-47.97137194","25.2039","3.9260","0.0000","0.0000","1593.9675"
"95.600","50.1561","11","1.1092","0.1948","-1.5053","120.3179","44.8514","1074.5322","440.0000","1.1016","17.7979","-15.82574367","-47.97136645","25.2047","3.9260","0.0000","0.0000","1594.6733"
"95.650","50.6123","12","1.0758","0.1330","-1.4150","122.4766","43.2395","1074.5674","440.0000","1.0278","18.6293","-15.82574756","-47.97136109","25.2055","3.9260","0.0000","0.0000","1595.3798"
"95.700","50.8801","11","1.1094","0.1204","-1.3859","123.8983","44.4141","1074.5609","440.0000","0.9828","18.2325","-15.82575133","-47.97135579","25.2062","3.9260","0.0000","0.0000","1596.0883"
"95.750","50.6773","11","1.1305","0.1112","-1.3997","125.6021","45.0963","1074.5328","440.0000","0.9036","17.8852","-15.82575534","-47.97135070","25.2070","3.9260","0.0000","0.0000","1596.7992"
"95.800","50.7643","11","1.1588","0.0524","-1.4091","127.5152","46.0845","1074.5059","440.0000","0.8640","17.5317","-15.82575957","-47.97134587","25.2078","3.9260","0.0000","0.0000","1597.5125"
"95.850","50.8342","11","1.1701","0.0021","-1.4195","130.1128","46.4956","1074.4805","440.0000","0.8478","17.4006","-15.82576418","-47.97134135","25.2086","3.9260","0.0000","0.0000","1598.2274"
"95.900","50.9206","11","1.1741","0.0165","-1.4300","132.8926","46.6839","1074.4460","440.0000","0.8532","17.3599","-15.82576910","-47.97133703","25.2094","3.9260","0.0000","0.0000","1598.9419"
"95.950","51.0293","11","1.1833","0.0646","-1.4163","134.5644","47.0499","1074.4293","440.0000","0.8298","17.2616","-15.82577389","-47.97133269","25.2102","3.9260","0.0000","0.0000","1599.6597"
"96.000","51.3244","11","1.1366","0.0886","-1.4220","138.3536","45.1195","1074.4127","440.0000","0.9576","18.1042","-15.82577949","-47.97132907","25.2109","3.9260","0.0000","0.0000","1600.3824"
"96.050","51.4442","11","1.0444","0.1158","-1.5194","141.1489","41.3561","1074.3337","440.0000","1.0602","19.7978","-15.82578509","-47.97132557","25.2117","3.9260","0.0000","0.0000","1601.1083"
"96.100","51.4484","11","0.9622","0.1385","-1.5368","142.2984","37.9626","1074.3003","440.0000","1.0296","21.5693","-15.82579038","-47.97132183","25.2125","3.9260","0.0000","0.0000","1601.8376"
"96.150","51.3162","12","0.8129","0.1566","-1.5190","143.4005","31.9328","1074.2850","440.0000","0.9396","25.5763","-15.82579565","-47.97131805","25.2133","3.9260","0.0000","0.0000","1602.5718"
"96.200","51.9472","12","0.6229","0.1561","-1.5089","144.2264","24.3448","1074.2728","440.0000","0.8856","33.9606","-15.82580117","-47.97131430","25.2141","3.9260","0.0000","0.0000","1603.3094"
"96.250","52.1651","11","0.4982","0.1124","-1.4819","144.6200","19.3753","1074.2668","440.0000","0.8118","42.8500","-15.82580658","-47.97131036","25.2148","3.9260","0.0000","0.0000","1604.0493"
"96.300","52.2883","12","0.4411","0.1062","-1.4908","145.7495","17.0928","1074.2502","440.0000","0.7668","48.6868","-15.82581222","-47.97130681","25.2156","3.9260","0.0000","0.0000","1604.7927"
"96.350","52.6571","11","0.4231","0.1283","-1.4934","146.9688","16.3358","1074.2135","440.0000","0.7218","51.3024","-15.82581807","-47.97130334","25.2164","3.9260","0.0000","0.0000","1605.5388"
"96.400","53.0675","11","0.4068","0.1350","-1.5185","148.4431","15.6409","1074.1743","440.0000","0.7488","53.9990","-15.82582402","-47.97130006","25.2172","3.9260","0.0000","0.0000","1606.2886"
"96.450","53.1725","11","0.3746","0.1526","-1.5131","149.1066","14.3363","1074.1532","440.0000","0.6876","59.0296","-15.82582982","-47.97129673","25.2180","3.9260","0.0000","0.0000","1607.0475"
"96.500","53.3131","11","0.4071","0.1847","-1.5100","149.5351","15.5005","1074.1334","447.0000","0.5976","54.7406","-15.82583569","-47.97129328","25.2188","3.9260","0.0000","0.0000","1607.8102"
"96.550","53.7462","11","0.3821","0.1884","-1.5084","149.7402","14.4630","1074.1216","450.0000","0.5418","59.1439","-15.82584159","-47.97128984","25.2180","3.9260","0.0000","0.0000","1608.5750"
"96.600","53.7584","11","0.2453","0.1634","-1.5194","151.0245","9.2316","1074.0824","450.0000","0.5688","92.6808","-15.82584777","-47.97128690","25.2172","3.9260","0.0000","0.0000","1609.3439"
"96.650","54.2172","11","0.1504","0.1409","-1.5055","151.4810","5.6312","1074.0641","450.0000","0.5562","153.2345","-15.82585393","-47.97128361","25.2164","3.9270","0.0000","0.0000","1610.1178"
"96.700","54.9327","11","0.0766","0.1871","-1.4641","151.1436","2.8567","1074.0543","450.0000","0.5760","306.0432","-15.82586003","-47.97127992","25.2156","3.9280","0.0000","0.0000","1610.8943"
"96.750","54.8145","11","0.0217","0.1882","-1.5142","150.8058","0.8021","1074.0134","450.0000","0.5418","1087.6907","-15.82586592","-47.97127637","25.2148","3.9280","0.0000","0.0000","1611.6754"
"96.800","55.1963","11","-0.0000","0.1745","-1.5268","151.0034","-0.0028","1073.9736","450.0000","0.5112","10000.0000","-15.82587220","-47.97127298","25.2141","3.9280","0.0000","0.0000","1612.4636"
"96.850","55.5411","11","0.0541","0.1786","-1.5084","151.2607","1.9789","1073.9445","450.0000","0.5400","446.6869","-15.82587846","-47.97126954","25.2133","3.9280","0.0000","0.0000","1613.2542"
"96.900","55.8481","11","0.0940","0.1650","-1.5131","151.4014","3.4197","1073.9180","450.0000","0.5148","259.9236","-15.82588467","-47.97126607","25.2125","3.9280","0.0000","0.0000","1614.0447"
"96.950","55.8513","11","0.1184","0.1526","-1.5280","151.5014","4.2846","1073.8805","450.0000","0.5040","207.4656","-15.82589094","-47.97126265","25.2117","3.9280","0.0000","0.0000","1614.8397"
"97.000","56.4998","11","0.1475","0.1515","-1.5202","151.8887","5.3148","1073.8477","460.0000","0.5040","169.1933","-15.82589743","-47.97125943","25.2109","3.9280","0.0000","0.0000","1615.6415"
"97.050","56.9838","10","0.1943","0.1651","-1.4979","152.3608","6.9644","1073.8279","460.0000","0.5040","130.2225","-15.82590408","-47.97125606","25.2102","3.9280","0.0000","0.0000","1616.4497"
"97.100","56.8351","10","0.2526","0.1600","-1.5208","152.7987","9.0086","1073.7820","460.0000","0.5040","100.4101","-15.82591055","-47.97125299","25.2094","3.9280","0.0000","0.0000","1617.2627"
"97.150","56.9029","10","0.2090","0.1638","-1.5085","152.8140","7.4187","1073.7507","460.0000","0.5040","122.0752","-15.82591691","-47.97124962","25.2086","3.9270","0.0000","0.0000","1618.0774"
"97.200","57.4790","11","0.1356","0.1913","-1.5197","153.5429","4.7894","1073.7135","460.0000","0.4680","191.0066","-15.82592371","-47.97124659","25.2078","3.9260","0.0000","0.0000","1618.8943"
"97.250","57.9525","11","0.0558","0.1840","-1.4957","153.8045","1.9604","1073.7013","460.0000","0.4680","470.4959","-15.82593046","-47.97124334","25.2070","3.9260","0.0000","0.0000","1619.7157"
"97.300","58.4047","11","0.0446","0.1792","-1.4701","153.5948","1.5588","1073.6796","460.0000","0.4932","596.3180","-15.82593705","-47.97123989","25.2062","3.9260","0.0000","0.0000","1620.5417"
"97.350","58.6599","11","0.0277","0.1600","-1.4807","153.5770","0.9636","1073.6484","460.0000","0.5040","968.9135","-15.82594373","-47.97123644","25.2055","3.9260","0.0000","0.0000","1621.3712"
"97.400","58.6573","11","-0.0158","0.1411","-1.4675","153.3972","-0.5461","1073.6213","460.0000","0.5040","1709.5503","-15.82595026","-47.97123297","25.2047","3.9260","0.0000","0.0000","1622.2001"
"97.450","58.9428","11","-0.0864","0.1468","-1.4715","153.2204","-2.9726","1073.5891","460.0000","0.5040","315.5824","-15.82595684","-47.97122942","25.2039","3.9260","0.0000","0.0000","1623.0294"
"97.500","59.2659","11","-0.1061","0.1681","-1.4908","152.9231","-3.6363","1073.5527","460.0000","0.5040","259.3960","-15.82596351","-47.97122585","25.2031","3.9260","0.0000","0.0000","1623.8647"
"97.550","59.6534","11","-0.0983","0.1442","-1.4742","152.9354","-3.3519","1073.5142","460.0000","0.4698","283.2495","-15.82597018","-47.97122235","25.2016","3.9260","0.0000","0.0000","1624.7047"
"97.600","59.8262","11","-0.1119","0.0829","-1.5257","153.2058","-3.7974","1073.4623","460.0000","0.4680","250.7392","-15.82597697","-47.97121892","25.2000","3.9260","0.0000","0.0000","1625.5449"
"97.650","59.5619","11","-0.1207","0.0602","-1.5446","153.0555","-4.0898","1073.4230","460.0000","0.4680","231.7858","-15.82598357","-47.97121552","25.1984","3.9260","0.0000","0.0000","1626.3809"
"97.700","59.8667","11","-0.1191","0.0837","-1.5510","152.6240","-4.0285","1073.3872","460.0000","0.5688","236.5139","-15.82599017","-47.97121170","25.1969","3.9260","0.0000","0.0000","1627.2184"
"97.750","60.3469","11","-0.1465","0.0884","-1.5690","151.7873","-4.9408","1073.3383","460.0000","0.6462","194.3906","-15.82599684","-47.97120765","25.1953","3.9260","0.0000","0.0000","1628.0620"
"97.800","60.6349","11","-0.1920","0.0782","-1.6492","151.5988","-6.4603","1073.2390","460.0000","0.6912","149.3795","-15.82600353","-47.97120391","25.1938","3.9260","0.0000","0.0000","1628.9104"
"97.850","60.3703","11","-0.1787","0.0676","-1.7331","151.7595","-5.9975","1073.1392","460.0000","0.7362","160.2034","-15.82601013","-47.97120037","25.1922","3.9260","0.0000","0.0000","1629.7617"
"97.900","60.0198","11","-0.1910","0.0512","-1.7824","151.5895","-6.3988","1073.0825","460.0000","0.7560","149.2849","-15.82601661","-47.97119675","25.1906","3.9260","0.0000","0.0000","1630.6143"
"97.950","60.5285","11","-0.2092","0.0744","-1.8073","150.7948","-6.9992","1073.0155","460.0000","0.8244","137.6367","-15.82602330","-47.97119266","25.1891","3.9260","0.0000","0.0000","1631.4711"
"98.000","60.9629","11","-0.2234","0.1063","-1.8441","150.3717","-7.4558","1072.9536","462.0000","0.7848","130.1348","-15.82602996","-47.97118859","25.1875","3.9260","0.0000","0.0000","1632.3351"
"98.050","61.2211","11","-0.2138","0.1482","-1.8565","150.1933","-7.1160","1072.9087","470.0000","0.7236","136.9256","-15.82603668","-47.97118457","25.1859","3.9260","0.0000","0.0000","1633.2086"
"98.100","61.3266","11","-0.1893","0.1676","-1.8591","149.9553","-6.2703","1072.8723","470.0000","0.6336","155.6621","-15.82604330","-47.97118056","25.1844","3.9260","0.0000","0.0000","1634.0886"
"98.150","61.3519","11","-0.2163","0.1866","-1.8872","149.7374","-7.1318","1072.8279","470.0000","0.6120","136.9137","-15.82604990","-47.97117648","25.1828","3.9260","0.0000","0.0000","1634.9734"
"98.200","61.9293","11","-0.2182","0.2358","-1.8720","149.4231","-7.1531","1072.7931","470.0000","0.6120","137.7906","-15.82605667","-47.97117221","25.1812","3.9260","0.0000","0.0000","1635.8613"
"98.250","62.5110","11","-0.2280","0.2804","-1.8249","148.7286","-7.4249","1072.7894","470.0000","0.6120","133.9945","-15.82606345","-47.97116773","25.1797","3.9260","0.0000","0.0000","1636.7526"
"98.300","63.1047","12","-0.1808","0.2503","-1.7896","148.2923","-5.8427","1072.7798","470.0000","0.6120","171.8977","-15.82607027","-47.97116319","25.1781","3.9260","0.0000","0.0000","1637.6467"
"98.350","63.5858","12","-0.1258","0.1959","-1.7612","148.1266","-4.0351","1072.7673","470.0000","0.5778","250.7980","-15.82607708","-47.97115868","25.1766","3.9260","0.0000","0.0000","1638.5422"
"98.400","63.8390","12","-0.1327","0.1695","-1.7165","148.1079","-4.2347","1072.7565","470.0000","0.5760","239.9292","-15.82608401","-47.97115419","25.1750","3.9260","0.0000","0.0000","1639.4388"
"98.450","64.0202","12","-0.1474","0.1687","-1.7212","147.9262","-4.6820","1072.7314","470.0000","0.5760","217.6219","-15.82609080","-47.97114975","25.1734","3.9260","0.0000","0.0000","1640.3403"
"98.500","64.2700","12","-0.1427","0.1720","-1.7435","147.6421","-4.5099","1072.6842","470.0000","0.5760","226.8077","-15.82609763","-47.97114521","25.1719","3.9260","0.0000","0.0000","1641.2476"
"98.550","64.5037","12","-0.1215","0.1312","-1.7509","147.5361","-3.8224","1072.6487","470.0000","0.5760","268.5753","-15.82610453","-47.97114058","25.1695","3.9260","0.0000","0.0000","1642.1592"
"98.600","64.4623","12","-0.1195","0.1042","-1.6998","147.4868","-3.7462","1072.6752","470.0000","0.5760","273.8627","-15.82611127","-47.97113608","25.1672","3.9260","0.0000","0.0000","1643.0736"
"98.650","64.6536","12","-0.0982","0.1061","-1.6329","147.1437","-3.0700","1072.6909","470.0000","0.5760","335.1785","-15.82611804","-47.97113141","25.1648","3.9260","0.0000","0.0000","1643.9917"
"98.700","65.0417","12","-0.1022","0.1460","-1.6483","146.8242","-3.1865","1072.6648","470.0000","0.5760","324.8600","-15.82612491","-47.97112655","25.1625","3.9260","0.0000","0.0000","1644.9114"
"98.750","65.6129","12","-0.1164","0.1453","-1.6484","146.6333","-3.6138","1072.6136","470.0000","0.5760","288.9670","-15.82613194","-47.97112177","25.1602","3.9260","0.0000","0.0000","1645.8340"
"98.800","65.7012","12","-0.0807","0.1469","-1.6307","146.4871","-2.4979","1072.6152","470.0000","0.5760","418.6259","-15.82613877","-47.97111701","25.1578","3.9260","0.0000","0.0000","1646.7582"
"98.850","65.9873","11","-0.0105","0.1406","-1.6197","146.5780","-0.3250","1072.5887","470.0000","0.5760","3231.5449","-15.82614585","-47.97111221","25.1555","3.9260","0.0000","0.0000","1647.6794"
"98.900","66.1500","11","0.0440","0.1228","-1.5983","146.5809","1.3490","1072.5753","470.0000","0.5508","780.4356","-15.82615285","-47.97110743","25.1531","3.9260","0.0000","0.0000","1648.6006"
"98.950","66.1621","11","0.0580","0.0822","-1.5379","146.8680","1.7739","1072.6074","479.5000","0.5400","593.6104","-15.82615975","-47.97110287","25.1508","3.9260","0.0000","0.0000","1649.5264"
"99.000","66.6628","11","0.0590","0.0561","-1.5578","146.8792","1.7992","1072.5719","480.0000","0.5328","589.6842","-15.82616693","-47.97109802","25.1484","3.9260","0.0000","0.0000","1650.4540"
"99.050","66.4691","10","0.0752","0.0360","-1.5947","146.9202","2.2933","1072.5079","480.0000","0.5040","461.2958","-15.82617382","-47.97109339","25.1461","3.9260","0.0000","0.0000","1651.3820"
"99.100","66.1829","11","0.0568","0.0161","-1.6161","146.9979","1.7286","1072.4562","480.0000","0.5040","609.3673","-15.82618083","-47.97108887","25.1437","3.9260","0.0000","0.0000","1652.3140"
"99.150","66.3954","10","-0.0073","0.0400","-1.6553","147.3824","-0.2230","1072.3950","480.0000","0.5040","4739.5293","-15.82618791","-47.97108442","25.1414","3.9260","0.0000","0.0000","1653.2522"
"99.200","66.8927","11","-0.0588","0.0766","-1.6405","147.1676","-1.7872","1072.3589","480.0000","0.5040","595.7079","-15.82619502","-47.97107954","25.1391","3.9260","0.0000","0.0000","1654.1952"
"99.250","66.7427","10","-0.0939","0.1023","-1.6491","146.7886","-2.8491","1072.3300","480.0000","0.5040","372.8291","-15.82620190","-47.97107472","25.1367","3.9260","0.0000","0.0000","1655.1423"
"99.300","66.8712","10","-0.1286","0.1196","-1.6623","146.4579","-3.8891","1072.2878","480.0000","0.5040","273.6590","-15.82620878","-47.97106976","25.1344","3.9260","0.0000","0.0000","1656.0919"
"99.350","67.2312","10","-0.1297","0.1576","-1.6688","146.3814","-3.9129","1072.2443","480.0000","0.5040","273.4621","-15.82621582","-47.97106495","25.1320","3.9260","0.0000","0.0000","1657.0427"
"99.400","67.8306","10","-0.1127","0.1756","-1.6332","146.3989","-3.3851","1072.2266","480.0000","0.5040","318.9157","-15.82622297","-47.97106001","25.1297","3.9260","0.0000","0.0000","1657.9960"
"99.450","68.0161","10","-0.0495","0.1593","-1.6385","146.0541","-1.4798","1072.1991","480.0000","0.5040","731.5455","-15.82622997","-47.97105492","25.1273","3.9260","0.0000","0.0000","1658.9525"
"99.500","68.3030","10","-0.0298","0.1547","-1.6180","145.8937","-0.8864","1072.1875","480.0000","0.5040","1226.3278","-15.82623712","-47.97104980","25.1250","3.9260","0.0000","0.0000","1659.9091"
"99.550","68.4585","10","0.0167","0.1083","-1.5828","146.1572","0.4950","1072.1921","480.0000","0.5040","2201.1775","-15.82624439","-47.97104497","25.1273","3.9260","0.0000","0.0000","1660.8655"
"99.600","68.4483","10","0.0574","0.0907","-1.5880","146.3277","1.6962","1072.1525","482.0000","0.5040","642.2636","-15.82625158","-47.97104014","25.1297","3.9260","0.0000","0.0000","1661.8246"
"99.650","68.7776","10","0.1013","0.0812","-1.5852","146.3851","2.9905","1072.1179","490.0000","0.5040","366.0360","-15.82625891","-47.97103522","25.1320","3.9260","0.0000","0.0000","1662.7887"
"99.700","68.9359","10","0.0638","0.1026","-1.5861","146.7314","1.8803","1072.0892","490.0000","0.4788","583.5027","-15.82626621","-47.97103041","25.1344","3.9260","0.0000","0.0000","1663.7554"
"99.750","68.8127","10","0.0776","0.1013","-1.5826","146.9297","2.2801","1072.0754","490.0000","0.4680","480.3232","-15.82627352","-47.97102569","25.1367","3.9250","0.0000","0.0000","1664.7222"
"99.800","68.8484","10","0.1434","0.0881","-1.5821","146.9357","4.2004","1072.0332","490.0000","0.4680","260.8703","-15.82628072","-47.97102077","25.1391","3.9240","0.0000","0.0000","1665.6879"
"99.850","69.2349","10","0.2022","0.0571","-1.5695","146.7969","5.9109","1072.0284","490.0000","0.4680","186.4190","-15.82628805","-47.97101573","25.1414","3.9240","0.0000","0.0000","1666.6497"
"99.900","69.5380","10","0.2255","0.0490","-1.5458","147.2339","6.5803","1072.0095","490.0000","0.4680","168.1874","-15.82629556","-47.97101096","25.1437","3.9240","0.0000","0.0000","1667.6025"
"99.950","69.6760","10","0.2600","0.0096","-1.5459","147.6755","7.5791","1071.9851","490.0000","0.4338","146.3130","-15.82630305","-47.97100627","25.1461","3.9240","0.0000","0.0000","1668.5466"
"100.000","69.5823","10","0.3186","-0.0264","-1.5670","148.0125","9.2882","1071.9585","490.0000","0.4680","119.2301","-15.82631059","-47.97100157","25.1484","3.9240","0.0000","0.0000","1669.4893"
"100.050","69.4819","10","0.4172","-0.0771","-1.5705","148.7485","12.1727","1071.9307","490.0000","0.4842","90.8458","-15.82631815","-47.97099727","25.1508","3.9240","0.0000","0.0000","1670.4288"
"100.100","69.1234","10","0.5195","-0.1487","-1.4777","150.1098","15.1882","1072.0225","490.0000","0.6300","72.4336","-15.82632598","-47.97099341","25.1531","3.9240","0.0000","0.0000","1671.3571"
"100.150","68.1538","10","0.5800","-0.1814","-1.3973","150.9153","17.0242","1072.1370","490.0000","0.6498","63.7153","-15.82633345","-47.97098937","25.1555","3.9250","0.0000","0.0000","1672.2738"
"100.200","67.7256","10","0.5898","-0.2307","-1.3471","151.0186","17.3967","1072.1841","490.0000","0.6840","61.9591","-15.82634089","-47.97098513","25.1578","3.9260","0.0000","0.0000","1673.1797"
"100.250","67.9625","9","0.5893","-0.2935","-1.2811","151.7141","17.4917","1072.2369","490.0000","0.7002","61.8382","-15.82634850","-47.97098120","25.1602","3.9260","0.0000","0.0000","1674.0713"
"100.300","67.3892","9","0.6118","-0.3345","-1.2869","153.3020","18.3010","1072.2362","490.0000","0.8208","58.6050","-15.82635632","-47.97097789","25.1625","3.9260","0.0000","0.0000","1674.9490"
"100.350","66.3829","9","0.7069","-0.3951","-1.2340","154.3066","21.3365","1072.2804","490.0000","0.8640","49.5170","-15.82636389","-47.97097459","25.1648","3.9270","0.0000","0.0000","1675.8098"
"100.400","65.6717","9","0.6857","-0.4747","-1.2169","155.2761","20.9217","1072.3075","490.0000","0.8640","49.9576","-15.82637145","-47.97097148","25.1672","3.9280","0.0000","0.0000","1676.6538"
"100.450","64.7878","9","0.6753","-0.5376","-1.1789","156.3477","20.8760","1072.3425","490.0000","0.8478","49.3930","-15.82637895","-47.97096855","25.1695","3.9280","0.0000","0.0000","1677.4797"
"100.500","63.8330","9","0.7645","-0.6000","-1.1241","157.2179","23.9974","1072.4021","490.0000","0.8028","42.3352","-15.82638631","-47.97096574","25.1719","3.9280","0.0000","0.0000","1678.2927"
"100.550","62.8400","9","0.9541","-0.6187","-1.0586","158.3146","30.4479","1072.4794","490.0000","0.7920","32.8473","-15.82639372","-47.97096320","25.1734","3.9280","0.0000","0.0000","1679.1022"
"100.600","61.2594","10","1.1960","-0.5886","-1.1809","160.9742","38.8587","1072.3746","490.0000","0.9936","25.0902","-15.82640109","-47.97096178","25.1750","3.9280","0.0000","0.0000","1679.9156"
"100.650","60.2370","10","1.3958","-0.5630","-1.2912","163.5313","46.1328","1072.2747","490.0000","1.1448","20.7814","-15.82640850","-47.97096068","25.1766","3.9270","0.0000","0.0000","1680.7299"
"100.700","58.9067","10","1.4930","-0.4994","-1.2953","165.3046","50.1872","1072.2639","490.0000","1.2240","18.6806","-15.82641558","-47.97095944","25.1781","3.9260","0.0000","0.0000","1681.5383"
"100.750","58.1513","9","1.6452","-0.3461","-1.1484","167.1432","56.1534","1072.4081","490.0000","1.2240","16.4817","-15.82642291","-47.97095844","25.1797","3.9260","0.0000","0.0000","1682.3384"
"100.800","58.2933","10","1.7917","-0.2212","-0.9688","170.2119","61.8198","1072.5638","490.0000","1.2744","15.0076","-15.82643075","-47.97095830","25.1812","3.9260","0.0000","0.0000","1683.1306"
"100.850","58.7687","10","1.8173","-0.1429","-0.6210","175.6989","63.1769","1072.8757","490.0000","1.3320","14.8050","-15.82643911","-47.97095966","25.1828","3.9260","0.0000","0.0000","1683.9221"
"100.900","58.5263","10","1.7561","-0.0484","-0.5242","178.6302","61.3716","1072.9777","490.0000","1.2816","15.1776","-15.82644673","-47.97096048","25.1844","3.9260","0.0000","0.0000","1684.7148"
"100.950","58.0129","10","1.6505","-0.0138","-0.4684","-161.2040","57.8219","1073.0193","490.0000","1.1916","15.9681","-15.82645395","-47.97096106","25.1859","3.9250","0.0000","0.0000","1685.5020"
"101.000","57.2793","10","1.5308","-0.0511","-0.4990","-176.7740","53.7089","1073.0094","490.0000","1.1376","16.9735","-15.82646111","-47.97096201","25.1875","3.9240","0.0000","0.0000","1686.2832"
"101.050","56.8273","10","1.4364","-0.0860","-0.4999","-174.5222","50.5252","1072.9979","490.0000","1.0638","17.9007","-15.82646811","-47.97096317","25.1891","3.9250","0.0000","0.0000","1687.0620"
"101.100","57.1438","10","1.3658","-0.1120","-0.4585","-171.9889","48.2087","1073.0284","490.0000","1.0440","18.8653","-15.82647527","-47.97096460","25.1906","3.9260","0.0000","0.0000","1687.8406"
"101.150","57.1974","10","1.2343","-0.1310","-0.3776","-169.5900","43.7474","1073.1053","490.0000","1.0440","20.8086","-15.82648229","-47.97096634","25.1922","3.9260","0.0000","0.0000","1688.6230"
"101.200","56.2510","11","1.1161","-0.1728","-0.3020","-167.7678","39.7499","1073.1637","490.0000","1.0080","22.5223","-15.82648887","-47.97096817","25.1938","3.9260","0.0000","0.0000","1689.4097"
"101.250","56.1747","11","1.0980","-0.1449","-0.2863","-165.5919","39.3397","1073.2035","490.0000","1.0080","22.7263","-15.82649553","-47.97097027","25.1953","3.9260","0.0000","0.0000","1690.1978"
"101.300","55.9702","11","1.1336","-0.0221","-0.2709","-163.5030","40.8076","1073.2250","490.0000","0.9576","21.8291","-15.82650210","-47.97097263","25.1969","3.9260","0.0000","0.0000","1690.9872"
"101.350","56.0363","11","1.2416","0.1448","-0.2097","-161.2584","44.7398","1073.2960","490.0000","0.9018","19.9341","-15.82650876","-47.97097532","25.1984","3.9260","0.0000","0.0000","1691.7776"
"101.400","56.5781","10","1.1640","0.1197","-0.1162","-159.3537","41.7828","1073.4133","490.0000","0.9360","21.5511","-15.82651535","-47.97097812","25.2000","3.9260","0.0000","0.0000","1692.5665"
"101.450","56.7224","10","1.1101","0.0726","-0.0290","-157.6748","39.7231","1073.5044","490.0000","0.9522","22.7264","-15.82652173","-47.97098112","25.2016","3.9260","0.0000","0.0000","1693.3507"
"101.500","56.7720","11","1.1590","0.0348","0.0712","-155.2967","41.4044","1073.5988","490.0000","1.0224","21.8226","-15.82652801","-47.97098455","25.2031","3.9260","0.0000","0.0000","1694.1309"
"101.550","56.8794","11","1.2073","0.0346","0.1373","-152.5725","43.1112","1073.6689","490.0000","1.1124","20.9983","-15.82653395","-47.97098836","25.2023","3.9260","0.0000","0.0000","1694.9064"
"101.600","56.9492","11","1.2355","0.0287","0.2104","-150.4114","44.0923","1073.7466","490.0000","1.1160","20.5563","-15.82653984","-47.97099226","25.2016","3.9260","0.0000","0.0000","1695.6804"
"101.650","56.6659","11","1.2989","-0.0311","0.2843","-148.8556","46.3547","1073.8164","490.0000","1.0998","19.4558","-15.82654552","-47.97099635","25.2008","3.9260","0.0000","0.0000","1696.4561"
"101.700","56.3613","11","1.3865","-0.0953","0.3067","-146.8096","49.5733","1073.8494","490.0000","1.0800","18.0948","-15.82655100","-47.97100063","25.2000","3.9260","0.0000","0.0000","1697.2297"
"101.750","56.0697","11","1.4757","-0.0914","0.2715","-143.6202","52.9671","1073.8313","490.0000","1.0800","16.8478","-15.82655585","-47.97100542","25.1992","3.9260","0.0000","0.0000","1698.0012"
"101.800","55.6044","11","1.5127","-0.0746","0.2404","-140.6206","54.4925","1073.8021","490.0000","1.0800","16.2403","-15.82656039","-47.97101049","25.1984","3.9260","0.0000","0.0000","1698.7754"
"101.850","55.8067","11","1.5605","-0.0789","0.1866","-137.5685","56.4020","1073.7638","490.0000","1.0638","15.7475","-15.82656487","-47.97101586","25.1977","3.9260","0.0000","0.0000","1699.5483"
"101.900","55.8811","11","1.6076","-0.0553","0.1412","-135.0521","58.3048","1073.7347","490.0000","1.0188","15.2539","-15.82656923","-47.97102139","25.1969","3.9260","0.0000","0.0000","1700.3146"
"101.950","55.5880","11","1.5813","-0.0429","0.2506","-132.6387","57.5079","1073.8507","490.0000","0.9738","15.3841","-15.82657319","-47.97102685","25.1961","3.9250","0.0000","0.0000","1701.0776"
"102.000","55.4327","11","1.5238","-0.0058","0.3733","-129.3198","55.5384","1073.9794","490.0000","0.9288","15.8852","-15.82657671","-47.97103281","25.1953","3.9240","0.0000","0.0000","1701.8408"
"102.050","55.9452","11","1.4195","0.0303","0.3830","-126.5844","51.7809","1074.0081","490.0000","0.8676","17.1954","-15.82658023","-47.97103901","25.1945","3.9240","0.0000","0.0000","1702.6045"
"102.100","55.3927","11","1.3207","-0.0061","0.4011","-124.1241","48.1673","1074.0420","490.0000","0.8028","18.3029","-15.82658341","-47.97104511","25.1938","3.9240","0.0000","0.0000","1703.3660"
"102.150","54.9423","11","1.2745","-0.0659","0.5206","-122.0422","46.5311","1074.1505","490.0000","0.7578","18.7925","-15.82658645","-47.97105126","25.1930","3.9240","0.0000","0.0000","1704.1271"
"102.200","54.9197","11","1.2328","-0.0742","0.5033","-119.3974","45.1357","1074.1681","490.0000","0.7488","19.3655","-15.82658928","-47.97105758","25.1922","3.9240","0.0000","0.0000","1704.8892"
"102.250","54.9929","11","1.1985","-0.0528","0.4987","-117.3030","44.0047","1074.1775","490.0000","0.7038","19.8897","-15.82659189","-47.97106400","25.1914","3.9240","0.0000","0.0000","1705.6523"
"102.300","54.9544","11","1.1610","-0.0433","0.5746","-116.5021","42.7240","1074.2535","490.0000","0.6588","20.4716","-15.82659476","-47.97107036","25.1906","3.9240","0.0000","0.0000","1706.4170"
"102.350","54.6738","11","1.1241","-0.0092","0.5990","-114.3422","41.4469","1074.3024","490.0000","0.6822","20.9946","-15.82659727","-47.97107684","25.1898","3.9240","0.0000","0.0000","1707.1810"
"102.400","54.8504","11","1.0874","-0.0009","0.7636","-111.2126","40.1227","1074.4706","490.0000","0.7272","21.7576","-15.82659921","-47.97108349","25.1891","3.9240","0.0000","0.0000","1707.9440"
"102.450","54.9022","11","1.0953","0.0049","0.7896","-108.4633","40.4386","1074.5122","490.0000","0.7560","21.6079","-15.82660094","-47.97109030","25.1883","3.9250","0.0000","0.0000","1708.7103"
"102.500","54.9495","11","1.0546","0.0486","0.8827","-106.7515","38.9472","1074.6108","490.0000","0.7308","22.4547","-15.82660265","-47.97109713","25.1875","3.9260","0.0000","0.0000","1709.4766"
"102.550","55.2924","11","0.8825","0.1084","0.8665","-106.3416","32.5524","1074.6324","490.0000","0.6858","27.0335","-15.82660462","-47.97110401","25.1914","3.9260","0.0000","0.0000","1710.2427"
"102.600","54.8212","12","0.6537","0.0606","0.9481","-105.2195","24.0406","1074.6951","490.0000","0.6480","36.2930","-15.82660608","-47.97111080","25.1953","3.9260","0.0000","0.0000","1711.0092"
"102.650","55.0189","12","0.4510","0.0164","1.0206","-103.1824","16.5583","1074.7756","490.0000","0.6318","52.8829","-15.82660732","-47.97111772","25.1992","3.9260","0.0000","0.0000","1711.7759"
"102.700","55.2859","12","0.2433","0.0025","1.0633","-102.2337","8.9286","1074.8445","490.0000","0.5868","98.5488","-15.82660854","-47.97112469","25.2031","3.9260","0.0000","0.0000","1712.5417"
"102.750","54.9997","12","0.0177","-0.0064","1.0886","-102.3726","0.6484","1074.8781","490.0000","0.5076","1349.9098","-15.82661001","-47.97113166","25.2070","3.9260","0.0000","0.0000","1713.3064"
"102.800","55.2403","12","-0.2439","-0.0012","1.0811","-103.2744","-8.9518","1074.9115","490.0000","0.5328","98.2119","-15.82661170","-47.97113859","25.2109","3.9260","0.0000","0.0000","1714.0739"
"102.850","55.1714","12","-0.3824","0.0326","1.1063","-104.8672","-14.0375","1074.9446","490.0000","0.5202","62.5523","-15.82661371","-47.97114546","25.2148","3.9260","0.0000","0.0000","1714.8479"
"102.900","55.2610","12","-0.4750","0.0688","1.1528","-106.1043","-17.4179","1074.9912","490.0000","0.5148","50.4944","-15.82661572","-47.97115233","25.2188","3.9260","0.0000","0.0000","1715.6238"
"102.950","55.0290","12","-0.5984","0.0228","1.1879","-106.4417","-21.8971","1075.0428","490.0000","0.5040","39.9968","-15.82661774","-47.97115906","25.2227","3.9260","0.0000","0.0000","1716.3954"
"103.000","55.0094","11","-0.7253","0.0184","1.2043","-106.6866","-26.5256","1075.0953","490.0000","0.4608","33.0060","-15.82661963","-47.97116584","25.2266","3.9260","0.0000","0.0000","1717.1598"
"103.050","55.4692","11","-0.7930","0.0377","1.1812","-107.9462","-28.9886","1075.0974","490.0000","0.4320","30.4540","-15.82662190","-47.97117261","25.2305","3.9260","0.0000","0.0000","1717.9182"
"103.100","55.9327","11","-0.7695","0.0195","1.1253","-110.0130","-28.1012","1075.0909","490.0000","0.4572","31.6783","-15.82662470","-47.97117930","25.2344","3.9260","0.0000","0.0000","1718.6794"
"103.150","55.8706","11","-0.7624","-0.0133","1.1330","-111.8662","-27.8323","1075.0919","490.0000","0.4680","31.9488","-15.82662763","-47.97118583","25.2383","3.9260","0.0000","0.0000","1719.4454"
"103.200","55.3324","11","-0.8722","-0.0400","1.0222","-113.6792","-31.8652","1075.0201","490.0000","0.5112","27.6365","-15.82663068","-47.97119218","25.2422","3.9260","0.0000","0.0000","1720.2087"
"103.250","54.7448","11","-0.9924","-0.0662","0.8736","-115.3413","-36.3204","1074.9207","490.0000","0.5724","23.9890","-15.82663390","-47.97119841","25.2461","3.9270","0.0000","0.0000","1720.9674"
"103.300","54.4697","11","-1.0880","-0.0516","0.6815","-116.8279","-39.9244","1074.7643","490.0000","0.6624","21.7138","-15.82663718","-47.97120451","25.2500","3.9280","0.0000","0.0000","1721.7266"
"103.350","55.0874","11","-1.2156","-0.0303","0.5341","-118.5714","-44.6975","1074.6733","490.0000","0.6840","19.6150","-15.82664080","-47.97121074","25.2539","3.9270","0.0000","0.0000","1722.4871"
"103.400","55.3522","12","-1.2669","-0.0117","0.4605","-120.5757","-46.6493","1074.6296","480.0000","0.7200","18.8847","-15.82664464","-47.97121666","25.2578","3.9260","0.0000","0.0000","1723.2480"
"103.450","54.6756","12","-1.2019","-0.0675","0.4893","-123.7161","-44.3096","1074.6501","480.0000","0.7362","19.6388","-15.82664889","-47.97122224","25.2617","3.9270","0.0000","0.0000","1724.0083"
"103.500","54.6256","12","-1.1967","-0.0885","0.4948","-126.8889","-44.2503","1074.6643","480.0000","0.7308","19.6472","-15.82665345","-47.97122753","25.2656","3.9280","0.0000","0.0000","1724.7664"
"103.550","54.6259","12","-1.1988","-0.0125","0.4701","-128.7365","-44.4792","1074.6680","480.0000","0.6858","19.5462","-15.82665796","-47.97123278","25.2641","3.9280","0.0000","0.0000","1725.5220"
"103.600","54.8667","12","-1.2002","0.1018","0.5306","-129.8342","-44.5525","1074.7196","480.0000","0.6480","19.6000","-15.82666255","-47.97123812","25.2625","3.9280","0.0000","0.0000","1726.2827"
"103.650","54.7572","12","-1.1364","0.1106","0.5815","-132.1689","-42.0589","1074.7664","480.0000","0.6480","20.7207","-15.82666745","-47.97124306","25.2609","3.9270","0.0000","0.0000","1727.0562"
"103.700","54.7428","12","-1.0842","0.0365","0.5574","-134.7092","-40.0169","1074.7606","480.0000","0.6480","21.7723","-15.82667256","-47.97124779","25.2594","3.9260","0.0000","0.0000","1727.8306"
"103.750","54.4633","11","-0.9933","0.0291","0.5986","-136.5585","-36.6363","1074.7950","480.0000","0.6822","23.6599","-15.82667770","-47.97125233","25.2578","3.9260","0.0000","0.0000","1728.5955"
"103.800","54.2869","11","-0.8718","0.0429","0.7169","-137.7180","-32.1357","1074.8906","480.0000","0.6480","26.8860","-15.82668289","-47.97125688","25.2563","3.9260","0.0000","0.0000","1729.3514"
"103.850","55.2088","11","-0.7879","0.0664","0.7095","-139.6248","-29.0102","1074.9193","480.0000","0.6480","30.2886","-15.82668845","-47.97126126","25.2547","3.9260","0.0000","0.0000","1730.1117"
"103.900","56.0198","11","-0.8127","0.0608","0.6458","-140.8373","-29.8623","1074.8872","480.0000","0.6228","29.8565","-15.82669410","-47.97126571","25.2531","3.9260","0.0000","0.0000","1730.8770"
"103.950","55.6374","12","-0.9392","-0.0148","0.6419","-142.1399","-34.4570","1074.8990","480.0000","0.5778","25.6986","-15.82669976","-47.97126994","25.2516","3.9260","0.0000","0.0000","1731.6377"
"104.000","54.6345","12","-0.9552","-0.0137","0.6433","-144.3019","-35.0750","1074.8976","480.0000","0.6192","24.7907","-15.82670539","-47.97127371","25.2500","3.9260","0.0000","0.0000","1732.3951"
"104.050","54.2491","12","-0.9215","-0.0267","0.5857","-146.2406","-33.8633","1074.8710","480.0000","0.6642","25.4966","-15.82671119","-47.97127731","25.2484","3.9260","0.0000","0.0000","1733.1528"
"104.100","55.1686","12","-0.9279","-0.0384","0.5823","-147.4229","-34.1435","1074.8838","480.0000","0.6840","25.7160","-15.82671732","-47.97128104","25.2469","3.9260","0.0000","0.0000","1733.9113"
"104.150","55.1815","12","-1.0959","-0.0718","0.6137","-149.3494","-40.3898","1074.9161","480.0000","0.7524","21.7441","-15.82672346","-47.97128433","25.2453","3.9260","0.0000","0.0000","1734.6738"
"104.200","54.3966","11","-1.2228","-0.0606","0.5732","-152.1771","-45.1956","1074.8792","480.0000","0.7920","19.1556","-15.82672963","-47.97128716","25.2437","3.9260","0.0000","0.0000","1735.4401"
"104.250","54.5804","11","-1.2496","-0.0374","0.5462","-154.6884","-46.3017","1074.8578","480.0000","0.7920","18.7612","-15.82673614","-47.97128982","25.2422","3.9260","0.0000","0.0000","1736.2083"
"104.300","54.5015","11","-1.2102","0.0229","0.5164","-156.4871","-44.9227","1074.8463","480.0000","0.7668","19.3091","-15.82674256","-47.97129227","25.2406","3.9260","0.0000","0.0000","1736.9806"
"104.350","54.5889","12","-1.1599","0.1518","0.5353","-157.9753","-43.0447","1074.8727","480.0000","0.7560","20.1839","-15.82674901","-47.97129472","25.2391","3.9260","0.0000","0.0000","1737.7593"
"104.400","55.1816","12","-1.0749","0.2048","0.6110","-160.1960","-39.7020","1074.9261","480.0000","0.7416","22.1208","-15.82675586","-47.97129679","25.2375","3.9260","0.0000","0.0000","1738.5421"
"104.450","55.2143","12","-1.0285","0.1517","0.5944","-163.3306","-37.7655","1074.9238","480.0000","0.8118","23.2690","-15.82676276","-47.97129834","25.2359","3.9260","0.0000","0.0000","1739.3267"
"104.500","55.3321","12","-0.9880","0.1296","0.6451","-165.3803","-36.1233","1074.9677","480.0000","0.7668","24.3787","-15.82676963","-47.97129978","25.2344","3.9260","0.0000","0.0000","1740.1121"
"104.550","55.7893","11","-0.8846","0.1403","0.6796","-166.2681","-32.2222","1074.9902","480.0000","0.6876","27.5560","-15.82677658","-47.97130138","25.2344","3.9270","0.0000","0.0000","1740.8981"
"104.600","56.3381","11","-0.7762","0.1784","0.7119","-166.4690","-28.1510","1075.0309","480.0000","0.6432","31.8514","-15.82678351","-47.97130294","25.2344","3.9280","0.0000","0.0000","1741.6865"
"104.650","56.4294","11","-0.7660","0.1454","0.6901","-168.1449","-27.6443","1075.0233","480.0000","0.6132","32.4879","-15.82679049","-47.97130404","25.2344","3.9280","0.0000","0.0000","1742.4808"
"104.700","56.5208","11","-0.7558","0.1123","0.6683","-169.8208","-27.1375","1075.0157","480.0000","0.5832","33.1480","-15.82679748","-47.97130514","25.2344","3.9280","0.0000","0.0000","1743.2781"
"104.750","56.5933","12","-0.7034","0.1220","0.6895","-171.6936","-25.1667","1075.0482","480.0000","0.5760","35.7897","-15.82680460","-47.97130597","25.2344","3.9280","0.0000","0.0000","1744.0771"
"104.800","56.5734","12","-0.6496","0.0995","0.6634","-172.7907","-23.1626","1075.0442","480.0000","0.5328","38.8728","-15.82681161","-47.97130671","25.2344","3.9280","0.0000","0.0000","1744.8774"
"104.850","56.9555","12","-0.6352","0.0799","0.6825","-173.6695","-22.5849","1075.0732","480.0000","0.4878","40.1363","-15.82681881","-47.97130732","25.2344","3.9270","0.0000","0.0000","1745.6791"
"104.900","57.3354","12","-0.6520","0.0992","0.6664","-174.6879","-23.1269","1075.0743","480.0000","0.4680","39.4571","-15.82682609","-47.97130782","25.2344","3.9260","0.0000","0.0000","1746.4834"
"104.950","57.4426","12","-0.7188","0.0951","0.6838","-176.1835","-25.4211","1075.1041","480.0000","0.4680","35.9633","-15.82683320","-47.97130810","25.2344","3.9260","0.0000","0.0000","1747.2898"
"105.000","57.5995","12","-0.6593","0.1026","0.6919","-177.1793","-23.2536","1075.1251","480.0000","0.4680","39.4229","-15.82684042","-47.97130821","25.2344","3.9260","0.0000","0.0000","1748.0985"
"105.050","57.6381","12","-0.5510","0.1182","0.6737","-178.1370","-19.3759","1075.1215","480.0000","0.4680","47.3444","-15.82684771","-47.97130837","25.2344","3.9260","0.0000","0.0000","1748.9121"
"105.100","57.7849","11","-0.4713","0.1067","0.6539","-178.9380","-16.5145","1075.1166","480.0000","0.4680","55.6888","-15.82685500","-47.97130844","25.2344","3.9260","0.0000","0.0000","1749.7290"
"105.150","58.0352","11","-0.5069","0.0847","0.6365","-179.8133","-17.7050","1075.1102","470.5000","0.4680","52.1694","-15.82686238","-47.97130828","25.2344","3.9270","0.0000","0.0000","1750.5470"
"105.200","58.0889","12","-0.4977","0.0983","0.6123","179.0507","-17.3382","1075.1030","470.0000","0.4608","53.3224","-15.82686970","-47.97130791","25.2344","3.9280","0.0000","0.0000","1751.3654"
"105.250","58.3540","12","-0.4861","0.0974","0.6217","178.4197","-16.8869","1075.1174","470.0000","0.4320","54.9973","-15.82687706","-47.97130763","25.2344","3.9280","0.0000","0.0000","1752.1870"
"105.300","58.7535","12","-0.4385","0.1033","0.6304","177.6345","-15.1906","1075.1226","470.0000","0.4320","61.5572","-15.82688451","-47.97130717","25.2344","3.9280","0.0000","0.0000","1753.0146"
"105.350","58.8538","12","-0.3909","0.1190","0.5973","176.8599","-13.4998","1075.1132","470.0000","0.4320","69.3853","-15.82689187","-47.97130660","25.2344","3.9280","0.0000","0.0000","1753.8462"
"105.400","58.9274","12","-0.3586","0.1274","0.5837","176.5398","-12.3392","1075.1173","470.0000","0.4608","76.0065","-15.82689934","-47.97130610","25.2344","3.9280","0.0000","0.0000","1754.6781"
"105.450","58.9472","11","-0.3421","0.1215","0.5881","175.6865","-11.7286","1075.1293","470.0000","0.4320","79.9899","-15.82690671","-47.97130537","25.2344","3.9270","0.0000","0.0000","1755.5128"
"105.500","59.2524","11","-0.3054","0.1214","0.5928","174.9475","-10.4326","1075.1393","470.0000","0.4320","90.3923","-15.82691421","-47.97130458","25.2344","3.9260","0.0000","0.0000","1756.3502"
"105.550","59.9891","12","-0.2803","0.1150","0.5906","174.7633","-9.5408","1075.1484","470.0000","0.4320","100.0706","-15.82692190","-47.97130380","25.2328","3.9260","0.0000","0.0000","1757.1914"
"105.600","59.8671","12","-0.2682","0.1074","0.5301","174.3208","-9.0983","1075.1184","470.0000","0.4392","104.7239","-15.82692932","-47.97130300","25.2313","3.9260","0.0000","0.0000","1758.0364"
"105.650","59.9388","11","-0.2356","0.1318","0.5417","173.9174","-7.9657","1075.1255","470.0000","0.4680","119.7582","-15.82693685","-47.97130209","25.2297","3.9260","0.0000","0.0000","1758.8845"
"105.700","60.1917","11","-0.2003","0.1323","0.5356","173.5786","-6.7463","1075.1272","470.0000","0.4680","142.0017","-15.82694441","-47.97130112","25.2281","3.9260","0.0000","0.0000","1759.7354"
"105.750","60.3076","11","-0.1584","0.1273","0.5401","173.2895","-5.3151","1075.1428","470.0000","0.4680","180.5851","-15.82695198","-47.97130015","25.2266","3.9250","0.0000","0.0000","1760.5892"
"105.800","60.7555","11","-0.1458","0.1190","0.5243","172.9676","-4.8745","1075.1455","470.0000","0.4680","198.3716","-15.82695960","-47.97129915","25.2250","3.9240","0.0000","0.0000","1761.4456"
"105.850","60.9539","11","-0.1461","0.1159","0.5246","172.5420","-4.8667","1075.1407","470.0000","0.4680","199.3376","-15.82696728","-47.97129800","25.2234","3.9240","0.0000","0.0000","1762.3031"
"105.900","61.1477","11","-0.1205","0.1156","0.4955","172.4139","-4.0024","1075.1273","470.0000","0.4428","243.1547","-15.82697500","-47.97129696","25.2219","3.9240","0.0000","0.0000","1763.1653"
"105.950","61.2927","11","-0.1217","0.1184","0.4523","172.3061","-4.0257","1075.1044","470.0000","0.4320","242.3183","-15.82698269","-47.97129580","25.2203","3.9240","0.0000","0.0000","1764.0338"
"106.000","61.6327","11","-0.1169","0.1449","0.4681","172.5033","-3.8541","1075.1049","470.0000","0.4320","254.5115","-15.82699053","-47.97129486","25.2188","3.9240","0.0000","0.0000","1764.9061"
"106.050","61.6767","11","-0.0923","0.1527","0.4592","172.2339","-3.0298","1075.1068","470.0000","0.4320","323.9837","-15.82699823","-47.97129365","25.2172","3.9240","0.0000","0.0000","1765.7791"
"106.100","61.7780","11","-0.0793","0.1264","0.4657","171.6408","-2.5933","1075.1119","470.0000","0.4320","379.1405","-15.82700598","-47.97129244","25.2156","3.9240","0.0000","0.0000","1766.6528"
"106.150","62.3039","11","-0.0638","0.1177","0.4754","171.4472","-2.0782","1075.1211","470.0000","0.4320","477.1355","-15.82701391","-47.97129117","25.2141","3.9230","0.0000","0.0000","1767.5288"
"106.200","62.7588","11","-0.0502","0.1237","0.4676","171.6360","-1.6297","1075.1176","470.0000","0.4320","612.8786","-15.82702173","-47.97128991","25.2125","3.9220","0.0000","0.0000","1768.4071"
"106.250","62.8636","11","-0.0487","0.1071","0.4789","171.6673","-1.5765","1075.1407","470.0000","0.4320","634.6467","-15.82702964","-47.97128871","25.2109","3.9220","0.0000","0.0000","1769.2893"
"106.300","62.8408","11","-0.0438","0.1122","0.4787","171.6217","-1.4128","1075.1338","470.0000","0.4320","707.9264","-15.82703748","-47.97128747","25.2094","3.9220","0.0000","0.0000","1770.1743"
"106.350","62.9440","11","-0.0456","0.1081","0.4716","171.3621","-1.4658","1075.1365","470.0000","0.4320","683.4178","-15.82704533","-47.97128620","25.2078","3.9220","0.0000","0.0000","1771.0615"
"106.400","63.1763","11","-0.0234","0.1095","0.4794","171.4154","-0.7499","1075.1442","470.0000","0.3960","1340.8909","-15.82705337","-47.97128500","25.2062","3.9220","0.0000","0.0000","1771.9524"
"106.450","63.3284","11","0.0162","0.1063","0.4798","171.5794","0.5184","1075.1578","470.0000","0.3960","1944.1356","-15.82706124","-47.97128384","25.2047","3.9230","0.0000","0.0000","1772.8474"
"106.500","63.6578","11","0.0521","0.1018","0.4849","171.5750","1.6583","1075.1737","470.0000","0.3960","610.9366","-15.82706918","-47.97128258","25.2031","3.9240","0.0000","0.0000","1773.7443"
"106.550","63.7352","11","0.0483","0.0961","0.4911","171.3595","1.5340","1075.1729","470.0000","0.3960","661.2820","-15.82707717","-47.97128130","25.2062","3.9240","0.0000","0.0000","1774.6423"
"106.600","63.9671","11","0.0315","0.0989","0.4695","171.4910","0.9994","1075.1790","470.0000","0.3960","1018.7223","-15.82708513","-47.97128003","25.2094","3.9240","0.0000","0.0000","1775.5421"
"106.650","64.3085","11","0.0743","0.1263","0.4641","171.7194","2.3457","1075.1669","470.0000","0.3960","436.3262","-15.82709315","-47.97127889","25.2125","3.9240","0.0000","0.0000","1776.4458"
"106.700","64.5229","11","0.1186","0.1270","0.4611","171.9161","3.7351","1075.1747","470.0000","0.3960","274.9385","-15.82710124","-47.97127768","25.2156","3.9240","0.0000","0.0000","1777.3528"
"106.750","64.6221","11","0.1363","0.1171","0.4523","172.2025","4.2773","1075.1748","470.0000","0.3960","240.4517","-15.82710928","-47.97127666","25.2188","3.9240","0.0000","0.0000","1778.2617"
"106.800","64.6860","11","0.1365","0.1016","0.4592","172.5005","4.2700","1075.1722","470.0000","0.3960","241.1055","-15.82711736","-47.97127556","25.2219","3.9240","0.0000","0.0000","1779.1729"
"106.850","64.8769","11","0.1373","0.1088","0.4463","172.6247","4.2822","1075.1593","470.0000","0.3960","241.1256","-15.82712546","-47.97127450","25.2250","3.9240","0.0000","0.0000","1780.0873"
"106.900","65.1974","11","0.1482","0.1025","0.4057","172.6705","4.6086","1075.1482","470.0000","0.3960","225.1526","-15.82713364","-47.97127343","25.2281","3.9240","0.0000","0.0000","1781.0039"
"106.950","65.3889","11","0.1581","0.0860","0.4172","172.9364","4.9028","1075.1421","470.0000","0.3960","212.2644","-15.82714185","-47.97127240","25.2313","3.9240","0.0000","0.0000","1781.9215"
"107.000","65.4903","11","0.1416","0.0949","0.4159","173.3525","4.3810","1075.1451","470.0000","0.3960","237.9150","-15.82714998","-47.97127156","25.2344","3.9240","0.0000","0.0000","1782.8403"
"107.050","65.7106","11","0.1150","0.0916","0.4119","173.4731","3.5486","1075.1561","470.0000","0.3960","294.7121","-15.82715825","-47.97127055","25.2375","3.9240","0.0000","0.0000","1783.7618"
"107.100","65.9090","11","0.1248","0.1011","0.4053","173.5681","3.8425","1075.1552","470.0000","0.3960","272.9926","-15.82716647","-47.97126964","25.2406","3.9240","0.0000","0.0000","1784.6873"
"107.150","66.1021","11","0.1422","0.1143","0.4061","173.8053","4.3662","1075.1439","470.0000","0.3960","240.9500","-15.82717471","-47.97126871","25.2437","3.9250","0.0000","0.0000","1785.6151"
"107.200","66.0570","11","0.1418","0.1116","0.3561","174.0746","4.3418","1075.1184","470.0000","0.4032","242.1390","-15.82718302","-47.97126793","25.2469","3.9260","0.0000","0.0000","1786.5428"
"107.250","66.2131","11","0.1489","0.0964","0.3570","174.3103","4.5462","1075.1184","470.0000","0.4320","231.8008","-15.82719135","-47.97126711","25.2500","3.9260","0.0000","0.0000","1787.4689"
"107.300","66.4418","11","0.1499","0.0740","0.3617","174.4983","4.5646","1075.1298","470.0000","0.4320","231.6633","-15.82719966","-47.97126629","25.2531","3.9260","0.0000","0.0000","1788.3921"
"107.350","66.7922","11","0.1381","0.0434","0.3850","174.6535","4.1982","1075.1532","470.0000","0.4320","253.2118","-15.82720802","-47.97126549","25.2563","3.9260","0.0000","0.0000","1789.3116"
"107.400","66.8695","11","0.1434","0.0206","0.3778","174.9378","4.3539","1075.1549","468.0000","0.4320","244.4379","-15.82721645","-47.97126466","25.2594","3.9260","0.0000","0.0000","1790.2273"
"107.450","66.7620","11","0.1733","-0.0096","0.3714","175.3078","5.2590","1075.1500","460.0000","0.4320","202.0437","-15.82722480","-47.97126407","25.2625","3.9260","0.0000","0.0000","1791.1385"
"107.500","66.6042","11","0.1927","-0.0483","0.3710","175.5316","5.8483","1075.1483","460.0000","0.4320","181.2557","-15.82723307","-47.97126344","25.2656","3.9260","0.0000","0.0000","1792.0471"
"107.550","66.3837","11","0.1899","-0.0827","0.3824","175.6107","5.7725","1075.1387","460.0000","0.4320","183.0264","-15.82724131","-47.97126280","25.2656","3.9250","0.0000","0.0000","1792.9523"
"107.600","66.0814","11","0.1856","-0.1313","0.3710","175.9515","5.6547","1075.1542","460.0000","0.4320","185.9914","-15.82724957","-47.97126225","25.2656","3.9240","0.0000","0.0000","1793.8517"
"107.650","65.7696","11","0.1859","-0.1713","0.3729","176.3439","5.6835","1075.1531","460.0000","0.4320","184.1741","-15.82725767","-47.97126177","25.2656","3.9240","0.0000","0.0000","1794.7435"
"107.700","65.5009","11","0.1765","-0.1955","0.3451","176.6746","5.4234","1075.1373","460.0000","0.4320","192.2179","-15.82726588","-47.97126136","25.2656","3.9240","0.0000","0.0000","1795.6306"
"107.750","65.3817","11","0.1776","-0.1849","0.3628","177.0232","5.4868","1075.1403","460.0000","0.4320","189.6522","-15.82727409","-47.97126102","25.2656","3.9250","0.0000","0.0000","1796.5142"
"107.800","65.0438","11","0.1649","-0.1931","0.3677","177.2474","5.1178","1075.1499","460.0000","0.4320","202.2746","-15.82728215","-47.97126063","25.2656","3.9260","0.0000","0.0000","1797.3944"
"107.850","64.4859","11","0.1181","-0.2007","0.3688","177.2553","3.6842","1075.1525","460.0000","0.4320","278.5779","-15.82729012","-47.97126020","25.2656","3.9260","0.0000","0.0000","1798.2678"
"107.900","64.0409","11","0.0590","-0.2077","0.3670","177.3359","1.8490","1075.1564","460.0000","0.4320","551.2543","-15.82729810","-47.97125986","25.2656","3.9260","0.0000","0.0000","1799.1335"
"107.950","63.7503","11","0.0125","-0.2078","0.3749","177.5285","0.3929","1075.1603","460.0000","0.4320","2582.1370","-15.82730598","-47.97125950","25.2656","3.9260","0.0000","0.0000","1799.9926"
"108.000","63.4942","11","-0.0190","-0.1859","0.3858","177.4594","-0.6036","1075.1724","460.0000","0.4320","1674.2969","-15.82731381","-47.97125918","25.2656","3.9260","0.0000","0.0000","1800.8488"
"108.050","63.2375","11","-0.0645","-0.2229","0.3761","177.4962","-2.0585","1075.1680","460.0000","0.4320","488.9375","-15.82732169","-47.97125877","25.2656","3.9260","0.0000","0.0000","1801.7003"
"108.100","62.6796","11","-0.0882","-0.2559","0.3519","177.3590","-2.8318","1075.1552","460.0000","0.4320","352.2754","-15.82732952","-47.97125841","25.2656","3.9260","0.0000","0.0000","1802.5427"
"108.150","62.0395","11","-0.1057","-0.2488","0.3655","177.0130","-3.4182","1075.1515","460.0000","0.4320","288.8645","-15.82733719","-47.97125792","25.2656","3.9260","0.0000","0.0000","1803.3752"
"108.200","61.6407","11","-0.1433","-0.2376","0.3985","176.3516","-4.6660","1075.1703","460.0000","0.4320","210.2517","-15.82734477","-47.97125731","25.2656","3.9260","0.0000","0.0000","1804.2012"
"108.250","61.6046","12","-0.1617","-0.2296","0.3989","176.3312","-5.3026","1075.1744","460.0000","0.4320","184.9017","-15.82735244","-47.97125681","25.2656","3.9260","0.0000","0.0000","1805.0270"
"108.300","61.1266","12","-0.2146","-0.2512","0.3847","176.4322","-7.0836","1075.1669","460.0000","0.4320","137.3404","-15.82736007","-47.97125631","25.2656","3.9260","0.0000","0.0000","1805.8479"
"108.350","60.3084","12","-0.2799","-0.2637","0.3404","176.2440","-9.3049","1075.1407","460.0000","0.4320","103.1536","-15.82736747","-47.97125579","25.2656","3.9260","0.0000","0.0000","1806.6577"
"108.400","59.5882","12","-0.2754","-0.2687","0.3703","175.3919","-9.2267","1075.1740","460.0000","0.4320","102.7863","-15.82737476","-47.97125510","25.2656","3.9260","0.0000","0.0000","1807.4584"
"108.450","59.3593","12","-0.2722","-0.2621","0.4028","174.6648","-9.1921","1075.2064","460.0000","0.4320","102.7767","-15.82738208","-47.97125420","25.2656","3.9260","0.0000","0.0000","1808.2518"
"108.500","59.5843","12","-0.2995","-0.2597","0.4083","174.3087","-10.1949","1075.2191","460.0000","0.4320","93.0186","-15.82738961","-47.97125331","25.2656","3.9260","0.0000","0.0000","1809.0396"
"108.550","58.7717","12","-0.3812","-0.2841","0.4168","173.3563","-13.0771","1075.2083","460.0000","0.4320","71.5282","-15.82739680","-47.97125231","25.2633","3.9260","0.0000","0.0000","1809.8199"
"108.600","57.8745","12","-0.4925","-0.3172","0.4395","172.7426","-17.0462","1075.2296","460.0000","0.4320","54.0357","-15.82740388","-47.97125130","25.2609","3.9260","0.0000","0.0000","1810.5947"
"108.650","57.3766","12","-0.5946","-0.3027","0.4563","171.8501","-20.7803","1075.2428","460.0000","0.4320","43.9443","-15.82741089","-47.97125009","25.2586","3.9270","0.0000","0.0000","1811.3636"
"108.700","57.0017","12","-0.6555","-0.2568","0.4237","171.0843","-23.1194","1075.2356","460.0000","0.4320","39.2402","-15.82741795","-47.97124889","25.2563","3.9280","0.0000","0.0000","1812.1288"
"108.750","56.5485","12","-0.6468","-0.2193","0.3969","170.3303","-22.9947","1075.2214","460.0000","0.4320","39.1394","-15.82742485","-47.97124757","25.2539","3.9280","0.0000","0.0000","1812.8909"
"108.800","55.8687","12","-0.6536","-0.2413","0.4248","168.6040","-23.4017","1075.2374","460.0000","0.4392","37.9962","-15.82743164","-47.97124584","25.2516","3.9280","0.0000","0.0000","1813.6465"
"108.850","55.6302","12","-0.7139","-0.2700","0.4746","166.4124","-25.7691","1075.2850","460.0000","0.4842","34.3584","-15.82743836","-47.97124364","25.2492","3.9270","0.0000","0.0000","1814.3895"
"108.900","55.1846","12","-0.7798","-0.2539","0.4923","164.7161","-28.3915","1075.3181","460.0000","0.5292","30.9350","-15.82744497","-47.97124144","25.2469","3.9260","0.0000","0.0000","1815.1238"
"108.950","55.0200","11","-0.8134","-0.2391","0.5279","163.8643","-29.8609","1075.3350","460.0000","0.5400","29.3250","-15.82745162","-47.97123934","25.2445","3.9260","0.0000","0.0000","1815.8536"
"109.000","54.7846","11","-0.8093","-0.2107","0.5240","163.2909","-29.9435","1075.3322","460.0000","0.5112","29.1190","-15.82745816","-47.97123719","25.2422","3.9260","0.0000","0.0000","1816.5813"
"109.050","54.0526","11","-0.8627","-0.2383","0.4922","161.8476","-32.1541","1075.3098","460.0000","0.5562","26.7547","-15.82746452","-47.97123486","25.2398","3.9260","0.0000","0.0000","1817.3042"
"109.100","53.1226","11","-0.9236","-0.2707","0.4849","159.7509","-34.7065","1075.2979","460.0000","0.6264","24.3606","-15.82747057","-47.97123225","25.2375","3.9260","0.0000","0.0000","1818.0227"
"109.150","52.6310","11","-0.9426","-0.2575","0.5243","157.6116","-35.7505","1075.3286","460.0000","0.7506","23.4304","-15.82747654","-47.97122937","25.2352","3.9260","0.0000","0.0000","1818.7389"
"109.200","52.4690","11","-0.9558","-0.2188","0.5989","155.3626","-36.5698","1075.3849","460.0000","0.7488","22.8349","-15.82748237","-47.97122619","25.2328","3.9260","0.0000","0.0000","1819.4515"
"109.250","52.3053","11","-0.9660","-0.1892","0.6366","153.6948","-37.2438","1075.4132","460.0000","0.7200","22.3517","-15.82748817","-47.97122290","25.2305","3.9260","0.0000","0.0000","1820.1581"
"109.300","51.8542","11","-1.0311","-0.1664","0.6682","151.8495","-40.0238","1075.4390","460.0000","0.7200","20.6199","-15.82749371","-47.97121958","25.2281","3.9260","0.0000","0.0000","1820.8618"
"109.350","51.5916","11","-1.0905","-0.1084","0.7039","149.7031","-42.5867","1075.4761","460.0000","0.7884","19.2808","-15.82749902","-47.97121585","25.2258","3.9260","0.0000","0.0000","1821.5608"
"109.400","51.5702","11","-1.0835","-0.1317","0.6959","147.6124","-42.4980","1075.4830","460.0000","0.7920","19.3130","-15.82750425","-47.97121203","25.2234","3.9260","0.0000","0.0000","1822.2521"
"109.450","51.0843","11","-1.0552","-0.1435","0.6473","145.5352","-41.5983","1075.4729","460.0000","0.7758","19.5448","-15.82750928","-47.97120811","25.2211","3.9260","0.0000","0.0000","1822.9380"
"109.500","50.7390","11","-1.0288","-0.1677","0.5826","143.9622","-40.7853","1075.4548","460.0000","0.7056","19.7997","-15.82751419","-47.97120410","25.2188","3.9260","0.0000","0.0000","1823.6223"
"109.550","50.6923","11","-1.0992","-0.2011","0.5479","142.1339","-43.8554","1075.4462","460.0000","0.6840","18.3967","-15.82751902","-47.97119986","25.2180","3.9260","0.0000","0.0000","1824.3052"
"109.600","50.0828","12","-1.2162","-0.2139","0.5116","138.9457","-48.9046","1075.4231","460.0000","0.6840","16.2989","-15.82752309","-47.97119538","25.2172","3.9260","0.0000","0.0000","1824.9890"
"109.650","49.5003","12","-1.2790","-0.1623","0.4408","136.2219","-51.8499","1075.3821","460.0000","0.6840","15.1943","-15.82752711","-47.97119077","25.2164","3.9260","0.0000","0.0000","1825.6750"
"109.700","49.3266","12","-1.2904","-0.0716","0.3487","133.4684","-52.6407","1075.3473","460.0000","0.6588","14.9135","-15.82753099","-47.97118596","25.2156","3.9260","0.0000","0.0000","1826.3628"
"109.750","49.2692","11","-1.2598","-0.0261","0.2200","131.1878","-51.5595","1075.2786","460.0000","0.6480","15.2085","-15.82753472","-47.97118096","25.2148","3.9260","0.0000","0.0000","1827.0516"
"109.800","49.0391","11","-1.2384","-0.0101","0.1502","128.5504","-50.7674","1075.2433","460.0000","0.6840","15.3737","-15.82753822","-47.97117586","25.2141","3.9260","0.0000","0.0000","1827.7393"
"109.850","49.3582","11","-1.2488","0.0079","0.1941","126.0821","-51.2481","1075.2738","460.0000","0.6840","15.3286","-15.82754146","-47.97117047","25.2133","3.9260","0.0000","0.0000","1828.4214"
"109.900","49.4207","11","-1.2171","0.0375","0.1630","123.3286","-49.9657","1075.2594","460.0000","0.6840","15.7419","-15.82754447","-47.97116496","25.2125","3.9260","0.0000","0.0000","1829.0997"
"109.950","49.6086","11","-1.1916","0.0355","0.0651","120.7796","-48.8894","1075.2080","460.0000","0.6498","16.1496","-15.82754733","-47.97115927","25.2117","3.9250","0.0000","0.0000","1829.7803"
"110.000","49.6218","12","-1.1219","0.0320","-0.0652","119.2734","-46.0063","1075.1342","460.0000","0.6120","17.1662","-15.82755020","-47.97115356","25.2109","3.9240","0.0000","0.0000","1830.4644"
"110.050","49.3982","12","-1.1147","0.0155","-0.0719","117.1092","-45.6851","1075.1376","460.0000","0.6282","17.2090","-15.82755261","-47.97114778","25.2102","3.9240","0.0000","0.0000","1831.1482"
"110.100","48.9050","12","-1.2011","-0.0375","-0.0102","114.1426","-49.2408","1075.1675","460.0000","0.6732","15.8070","-15.82755445","-47.97114188","25.2094","3.9240","0.0000","0.0000","1831.8293"
"110.150","48.6776","11","-1.2698","-0.0623","-0.0338","110.9899","-52.1723","1075.1729","460.0000","0.7524","14.8494","-15.82755601","-47.97113596","25.2086","3.9240","0.0000","0.0000","1832.5089"
"110.200","49.2170","11","-1.2724","-0.0146","-0.0036","108.6346","-52.4252","1075.1743","460.0000","0.7632","14.9415","-15.82755761","-47.97112971","25.2078","3.9240","0.0000","0.0000","1833.1899"
"110.250","49.3194","11","-1.2688","0.0139","0.0047","106.4698","-52.3395","1075.1853","460.0000","0.7758","14.9971","-15.82755895","-47.97112345","25.2070","3.9240","0.0000","0.0000","1833.8777"
"110.300","49.1897","11","-1.2574","0.0092","-0.0104","104.3130","-51.8855","1075.1855","460.0000","0.7560","15.0886","-15.82756004","-47.97111719","25.2062","3.9240","0.0000","0.0000","1834.5684"
"110.350","48.9082","11","-1.2131","0.0487","-0.0085","100.9980","-50.0820","1075.1896","460.0000","0.8244","15.5425","-15.82756053","-47.97111085","25.2055","3.9240","0.0000","0.0000","1835.2549"
"110.400","48.8970","11","-1.1349","0.0716","-0.0193","98.4922","-46.8017","1075.1793","460.0000","0.8208","16.6280","-15.82756087","-47.97110450","25.2047","3.9240","0.0000","0.0000","1835.9376"
"110.450","49.1525","12","-1.0248","0.0918","-0.0377","95.7922","-42.1750","1075.1804","460.0000","0.7596","18.5486","-15.82756094","-47.97109805","25.2039","3.9230","0.0000","0.0000","1836.6239"
"110.500","49.8534","12","-0.9453","0.0849","-0.0284","94.4828","-38.7941","1075.1819","460.0000","0.6444","20.4526","-15.82756113","-47.97109140","25.2031","3.9220","0.0000","0.0000","1837.3163"
"110.550","49.6551","11","-0.9598","0.0762","-0.1217","93.1637","-39.2858","1075.1423","460.0000","0.6120","20.1163","-15.82756114","-47.97108504","25.2047","3.9220","0.0000","0.0000","1838.0100"
"110.600","49.2173","11","-1.0209","0.0387","-0.1274","91.0277","-41.7022","1075.1182","460.0000","0.6120","18.7836","-15.82756076","-47.97107870","25.2062","3.9220","0.0000","0.0000","1838.7028"
"110.650","49.1119","11","-1.0523","0.0251","-0.1819","88.6579","-42.9539","1075.0797","460.0000","0.5796","18.1972","-15.82756000","-47.97107240","25.2078","3.9220","0.0000","0.0000","1839.3933"
"110.700","49.6304","11","-1.0657","0.0493","-0.1974","86.9432","-43.4854","1075.0699","460.0000","0.5400","18.1645","-15.82755919","-47.97106589","25.2094","3.9220","0.0000","0.0000","1840.0806"
"110.750","50.1318","12","-1.1059","0.0321","-0.2317","84.8460","-45.0691","1075.0425","460.0000","0.5058","17.7033","-15.82755806","-47.97105941","25.2109","3.9230","0.0000","0.0000","1840.7681"
"110.800","49.8437","12","-1.1854","0.0124","-0.3757","81.7497","-48.2930","1074.9634","460.0000","0.5472","16.4266","-15.82755642","-47.97105307","25.2125","3.9240","0.0000","0.0000","1841.4607"
"110.850","49.8686","12","-1.2917","0.0289","-0.4809","78.3252","-52.6370","1074.8849","460.0000","0.5598","15.0784","-15.82755432","-47.97104689","25.2141","3.9240","0.0000","0.0000","1842.1538"
"110.900","49.6427","12","-1.3443","0.0358","-0.6105","75.6331","-54.7738","1074.8259","460.0000","0.5148","14.4246","-15.82755217","-47.97104076","25.2156","3.9240","0.0000","0.0000","1842.8438"
"110.950","49.2475","12","-1.3628","0.0503","-0.7603","73.5613","-55.5072","1074.7257","460.0000","0.5040","14.1207","-15.82755008","-47.97103483","25.2172","3.9250","0.0000","0.0000","1843.5331"
"111.000","49.6064","12","-1.2952","0.0532","-0.8540","71.3385","-52.7078","1074.6642","460.0000","0.4680","14.9790","-15.82754765","-47.97102880","25.2188","3.9260","0.0000","0.0000","1844.2229"
"111.050","50.0722","12","-1.2509","0.0213","-0.9088","68.7406","-50.8540","1074.6278","460.0000","0.4680","15.6708","-15.82754496","-47.97102281","25.2203","3.9260","0.0000","0.0000","1844.9135"
"111.100","49.7767","12","-1.2421","-0.0051","-1.0299","66.0433","-50.5113","1074.5699","460.0000","0.4680","15.6840","-15.82754204","-47.97101697","25.2219","3.9260","0.0000","0.0000","1845.6062"
"111.150","49.5140","11","-1.2188","0.0102","-1.1183","63.2073","-49.6119","1074.5132","460.0000","0.4680","15.8841","-15.82753884","-47.97101136","25.2234","3.9260","0.0000","0.0000","1846.2997"
"111.200","49.7207","11","-1.1409","0.0248","-1.1661","60.8851","-46.4533","1074.4893","458.0000","0.4680","17.0349","-15.82753547","-47.97100580","25.2250","3.9260","0.0000","0.0000","1846.9927"
"111.250","49.6446","11","-1.1263","0.0302","-1.2638","58.6090","-45.8482","1074.4301","450.0000","0.4680","17.2334","-15.82753198","-47.97100035","25.2266","3.9260","0.0000","0.0000","1847.6881"
"111.300","49.7809","11","-1.1721","0.0231","-1.3617","56.4591","-47.6960","1074.3755","450.0000","0.4428","16.6112","-15.82752818","-47.97099505","25.2281","3.9260","0.0000","0.0000","1848.3872"
"111.350","49.9657","11","-1.2017","0.0538","-1.3901","54.3479","-48.8933","1074.3490","450.0000","0.4320","16.2646","-15.82752425","-47.97098986","25.2297","3.9260","0.0000","0.0000","1849.0895"
"111.400","49.9410","11","-1.1251","0.0547","-1.4723","52.0790","-45.7255","1074.3134","450.0000","0.4320","17.3828","-15.82752020","-47.97098493","25.2313","3.9260","0.0000","0.0000","1849.7977"
"111.450","49.8718","11","-0.9985","0.0789","-1.4936","49.6872","-40.5267","1074.2891","450.0000","0.4320","19.5855","-15.82751588","-47.97098007","25.2328","3.9250","0.0000","0.0000","1850.5156"
"111.500","50.2339","11","-0.8819","0.1492","-1.5189","47.6921","-35.7040","1074.2780","450.0000","0.4320","22.3924","-15.82751132","-47.97097534","25.2344","3.9240","0.0000","0.0000","1851.2405"
"111.550","50.3856","11","-0.7471","0.2071","-1.6085","45.9954","-30.0975","1074.2338","450.0000","0.4320","26.6438","-15.82750673","-47.97097074","25.2313","3.9240","0.0000","0.0000","1851.9712"
"111.600","50.6862","11","-0.5768","0.2221","-1.7152","44.8858","-23.0765","1074.1622","450.0000","0.4752","34.9575","-15.82750211","-47.97096609","25.2281","3.9240","0.0000","0.0000","1852.7085"
"111.650","51.2826","11","-0.3627","0.2500","-1.7313","43.9708","-14.4087","1074.1331","450.0000","0.4878","56.6455","-15.82749733","-47.97096140","25.2250","3.9240","0.0000","0.0000","1853.4521"
"111.700","51.9430","11","-0.1121","0.2737","-1.7591","43.8967","-4.4234","1074.1006","450.0000","0.4428","186.8915","-15.82749255","-47.97095665","25.2219","3.9240","0.0000","0.0000","1854.2007"
"111.750","52.3538","11","0.1256","0.2742","-1.7985","44.4818","4.8928","1074.0604","450.0000","0.3978","170.2986","-15.82748784","-47.97095178","25.2188","3.9250","0.0000","0.0000","1854.9540"
"111.800","52.8146","11","0.3017","0.2849","-1.7818","44.9660","11.6460","1074.0332","450.0000","0.3888","72.1766","-15.82748319","-47.97094691","25.2156","3.9260","0.0000","0.0000","1855.7095"
"111.850","53.3476","11","0.4267","0.2758","-1.7965","45.2622","16.3211","1074.0028","450.0000","0.3600","52.0217","-15.82747845","-47.97094190","25.2125","3.9260","0.0000","0.0000","1856.4659"
"111.900","53.6332","11","0.4516","0.2294","-1.7863","46.3935","17.1248","1073.9841","450.0000","0.3600","49.8457","-15.82747395","-47.97093674","25.2094","3.9260","0.0000","0.0000","1857.2231"
"111.950","54.0802","11","0.3989","0.1749","-1.8123","47.8337","15.0134","1073.9410","450.0000","0.3600","57.3297","-15.82746945","-47.97093149","25.2062","3.9270","0.0000","0.0000","1857.9794"
"112.000","54.4325","12","0.3157","0.1260","-1.8162","48.2097","11.8203","1073.8997","450.0000","0.4032","73.2909","-15.82746497","-47.97092618","25.2031","3.9280","0.0000","0.0000","1858.7340"
"112.050","54.4046","12","0.1918","0.0767","-1.8549","48.4789","7.1557","1073.8661","450.0000","0.4320","121.0051","-15.82746048","-47.97092086","25.2000","3.9280","0.0000","0.0000","1859.4894"
"112.100","54.4890","12","0.0421","0.0510","-1.8845","48.4718","1.5659","1073.8323","450.0000","0.4572","553.8290","-15.82745599","-47.97091554","25.1969","3.9280","0.0000","0.0000","1860.2476"
"112.150","54.6157","12","-0.1324","0.0431","-1.8939","47.9152","-4.9186","1073.7964","450.0000","0.4680","176.7241","-15.82745141","-47.97091028","25.1938","3.9280","0.0000","0.0000","1861.0078"
"112.200","54.3444","12","-0.2713","0.0285","-1.9514","47.3516","-10.0621","1073.7584","450.0000","0.4608","85.9580","-15.82744670","-47.97090517","25.1906","3.9280","0.0000","0.0000","1861.7690"
"112.250","54.2909","12","-0.4178","-0.0097","-1.9719","46.5881","-15.4852","1073.7369","450.0000","0.4320","55.7994","-15.82744194","-47.97090008","25.1875","3.9280","0.0000","0.0000","1862.5272"
"112.300","54.4680","12","-0.6084","-0.0352","-1.9218","45.6288","-22.5631","1073.7407","450.0000","0.4320","38.4204","-15.82743692","-47.97089509","25.1844","3.9280","0.0000","0.0000","1863.2822"
"112.350","54.7120","11","-0.7340","-0.0178","-1.8897","44.7672","-27.2581","1073.7408","450.0000","0.4320","31.9453","-15.82743185","-47.97089006","25.1812","3.9270","0.0000","0.0000","1864.0376"
"112.400","54.7722","11","-0.7545","0.0255","-1.8938","43.4018","-28.0363","1073.7159","450.0000","0.4320","31.0928","-15.82742662","-47.97088535","25.1781","3.9260","0.0000","0.0000","1864.7969"
"112.450","54.8043","11","-0.8057","0.0428","-1.9048","41.6466","-29.9163","1073.6908","450.0000","0.4320","29.1560","-15.82742128","-47.97088075","25.1750","3.9250","0.0000","0.0000","1865.5620"
"112.500","54.4354","11","-0.9204","0.0346","-1.9177","39.7645","-34.1378","1073.6763","450.0000","0.4320","25.3785","-15.82741572","-47.97087639","25.1719","3.9240","0.0000","0.0000","1866.3286"
"112.550","54.2601","11","-1.0395","0.0044","-1.8912","37.7912","-38.5301","1073.6752","450.0000","0.4320","22.4130","-15.82741006","-47.97087228","25.1766","3.9230","0.0000","0.0000","1867.0938"
"112.600","54.4531","11","-1.0985","0.0497","-1.9029","35.8057","-40.7216","1073.6506","450.0000","0.4392","21.2823","-15.82740423","-47.97086827","25.1812","3.9220","0.0000","0.0000","1867.8578"
"112.650","54.8705","11","-1.1090","0.0954","-1.9326","33.8550","-41.0586","1073.6111","450.0000","0.4842","21.2694","-15.82739818","-47.97086446","25.1859","3.9220","0.0000","0.0000","1868.6261"
"112.700","55.2378","11","-1.0955","0.1132","-1.9607","32.4269","-40.4489","1073.5759","450.0000","0.5040","21.7345","-15.82739205","-47.97086070","25.1906","3.9220","0.0000","0.0000","1869.3987"
"112.750","55.1683","11","-1.1171","0.0896","-1.9686","30.4945","-41.1193","1073.5646","450.0000","0.5040","21.3533","-15.82738586","-47.97085728","25.1953","3.9230","0.0000","0.0000","1870.1700"
"112.800","55.0279","11","-1.1531","0.0653","-1.8817","27.0293","-42.3506","1073.5740","450.0000","0.6480","20.6796","-15.82737929","-47.97085438","25.2000","3.9240","0.0000","0.0000","1870.9354"
"112.850","55.0209","11","-1.1566","0.0549","-1.8843","24.8284","-42.4134","1073.5532","450.0000","0.6318","20.6464","-15.82737280","-47.97085156","25.2047","3.9250","0.0000","0.0000","1871.6970"
"112.900","55.5265","11","-1.1715","0.0447","-1.8951","23.5287","-42.9102","1073.5178","450.0000","0.6120","20.5949","-15.82736620","-47.97084873","25.2094","3.9260","0.0000","0.0000","1872.4604"
"112.950","55.7957","11","-1.1853","0.0347","-1.8945","22.1539","-43.3784","1073.4996","450.0000","0.5778","20.4714","-15.82735956","-47.97084619","25.2141","3.9260","0.0000","0.0000","1873.2285"
"113.000","55.3956","11","-1.2065","-0.0246","-1.8373","20.0462","-44.1427","1073.5110","450.0000","0.6048","19.9727","-15.82735293","-47.97084395","25.2188","3.9260","0.0000","0.0000","1873.9985"
"113.050","54.8738","11","-1.2277","-0.0329","-1.7649","16.6764","-44.9862","1073.5370","450.0000","0.7524","19.4136","-15.82734613","-47.97084239","25.2234","3.9260","0.0000","0.0000","1874.7667"
"113.100","54.7793","11","-1.2195","0.0003","-1.7320","13.6997","-44.7533","1073.5465","450.0000","0.7920","19.4810","-15.82733923","-47.97084118","25.2281","3.9260","0.0000","0.0000","1875.5349"
"113.150","55.0820","11","-1.1761","0.0423","-1.6773","11.8617","-43.1816","1073.5406","450.0000","0.7578","20.3016","-15.82733223","-47.97083997","25.2328","3.9260","0.0000","0.0000","1876.3060"
"113.200","55.5117","11","-1.0907","0.0594","-1.6443","10.8498","-40.0109","1073.5347","450.0000","0.7272","22.0814","-15.82732532","-47.97083879","25.2375","3.9260","0.0000","0.0000","1877.0811"
"113.250","55.3960","11","-1.0598","0.0710","-1.6178","8.8237","-38.8179","1073.5204","450.0000","0.7722","22.7126","-15.82731843","-47.97083813","25.2422","3.9250","0.0000","0.0000","1877.8540"
"113.300","55.2595","11","-1.0666","0.0803","-1.5901","6.4944","-38.9935","1073.5209","450.0000","0.7920","22.5546","-15.82731143","-47.97083780","25.2469","3.9240","0.0000","0.0000","1878.6219"
"113.350","55.2888","11","-1.0056","0.0494","-1.5175","4.3852","-36.6855","1073.5419","450.0000","0.7578","23.9863","-15.82730434","-47.97083773","25.2516","3.9240","0.0000","0.0000","1879.3870"
"113.400","55.6847","11","-0.9470","0.0219","-1.3757","2.6797","-34.5102","1073.5652","450.0000","0.7416","25.6808","-15.82729721","-47.97083771","25.2563","3.9240","0.0000","0.0000","1880.1501"
"113.450","55.8983","11","-0.9751","-0.0205","-1.3272","1.4140","-35.5287","1073.5746","450.0000","0.6840","25.0403","-15.82729007","-47.97083788","25.2609","3.9240","0.0000","0.0000","1880.9130"
"113.500","55.4526","11","-1.0684","-0.0622","-1.2848","-0.1988","-38.9728","1073.5758","450.0000","0.6840","22.6454","-15.82728315","-47.97083832","25.2656","3.9240","0.0000","0.0000","1881.6782"
"113.550","55.1856","11","-1.1860","-0.0701","-1.2386","-2.3389","-43.3698","1073.5881","450.0000","0.7182","20.2516","-15.82727623","-47.97083904","25.2641","3.9240","0.0000","0.0000","1882.4462"
"113.600","54.9801","11","-1.2197","-0.0175","-1.1822","-5.0185","-44.7183","1073.5940","450.0000","0.8064","19.5677","-15.82726940","-47.97084038","25.2625","3.9240","0.0000","0.0000","1883.2152"
"113.650","54.9001","11","-1.1909","0.0075","-1.1101","-7.6841","-43.7079","1073.6011","450.0000","0.8802","19.9909","-15.82726257","-47.97084207","25.2609","3.9240","0.0000","0.0000","1883.9858"
"113.700","54.9328","11","-1.1674","0.0241","-1.0565","-10.0292","-42.8557","1073.6107","450.0000","0.9252","20.4007","-15.82725580","-47.97084387","25.2594","3.9240","0.0000","0.0000","1884.7583"
"113.750","55.2738","11","-1.2122","0.0408","-0.9720","-12.1323","-44.4895","1073.6206","450.0000","0.9702","19.7734","-15.82724900","-47.97084591","25.2578","3.9240","0.0000","0.0000","1885.5314"
"113.800","55.3282","11","-1.2492","0.0522","-0.8830","-13.9244","-45.8128","1073.6453","450.0000","1.0008","19.2212","-15.82724222","-47.97084807","25.2563","3.9240","0.0000","0.0000","1886.3021"
"113.850","55.4199","11","-1.2302","0.0786","-0.8226","-15.7865","-45.0621","1073.6426","450.0000","0.9396","19.5738","-15.82723554","-47.97085054","25.2547","3.9240","0.0000","0.0000","1887.0730"
"113.900","55.5176","11","-1.1933","0.0788","-0.7851","-17.9570","-43.6256","1073.6460","450.0000","0.8748","20.2539","-15.82722908","-47.97085331","25.2531","3.9240","0.0000","0.0000","1887.8459"
"113.950","55.7311","11","-1.1504","0.0691","-0.6975","-20.1212","-41.9758","1073.6687","450.0000","0.8298","21.1309","-15.82722256","-47.97085637","25.2516","3.9240","0.0000","0.0000","1888.6208"
"114.000","55.6487","10","-1.1441","0.0543","-0.6778","-22.6397","-41.6783","1073.6586","450.0000","0.8568","21.2503","-15.82721628","-47.97085974","25.2500","3.9240","0.0000","0.0000","1889.3978"
"114.050","55.3974","11","-1.1576","0.0546","-0.6835","-24.9221","-42.1214","1073.6516","450.0000","0.7956","20.9318","-15.82721024","-47.97086327","25.2484","3.9240","0.0000","0.0000","1890.1766"
"114.100","55.5544","11","-1.1720","0.0505","-0.6571","-27.1741","-42.5906","1073.6459","450.0000","0.7308","20.7599","-15.82720420","-47.97086712","25.2469","3.9240","0.0000","0.0000","1890.9558"
"114.150","55.7523","11","-1.1799","0.0589","-0.6317","-29.1547","-42.8344","1073.6520","450.0000","0.6858","20.7152","-15.82719817","-47.97087105","25.2453","3.9240","0.0000","0.0000","1891.7327"
"114.200","55.8377","11","-1.1826","0.0549","-0.6256","-31.2367","-42.8770","1073.6400","450.0000","0.6408","20.7264","-15.82719244","-47.97087520","25.2437","3.9240","0.0000","0.0000","1892.5073"
"114.250","56.0157","10","-1.1653","0.0542","-0.5915","-33.0637","-42.1978","1073.6445","450.0000","0.6120","21.1271","-15.82718672","-47.97087952","25.2422","3.9250","0.0000","0.0000","1893.2843"
"114.300","56.1267","11","-1.1406","0.0141","-0.5615","-34.9292","-41.2582","1073.6503","450.0000","0.5868","21.6511","-15.82718120","-47.97088411","25.2406","3.9260","0.0000","0.0000","1894.0642"
"114.350","56.1495","11","-1.1396","-0.0007","-0.5244","-36.8689","-41.2284","1073.6439","450.0000","0.5418","21.6755","-15.82717581","-47.97088881","25.2391","3.9260","0.0000","0.0000","1894.8442"
"114.400","55.7673","11","-1.1632","0.0150","-0.5363","-39.2578","-42.1026","1073.6274","450.0000","0.6120","21.0810","-15.82717081","-47.97089388","25.2375","3.9260","0.0000","0.0000","1895.6249"
"114.450","55.7636","11","-1.1525","0.0366","-0.5467","-41.6040","-41.7155","1073.6144","450.0000","0.6120","21.2752","-15.82716592","-47.97089910","25.2359","3.9260","0.0000","0.0000","1896.4124"
"114.500","56.0748","11","-1.1044","0.0628","-0.5074","-43.6730","-39.9461","1073.6182","450.0000","0.5868","22.3416","-15.82716104","-47.97090445","25.2344","3.9260","0.0000","0.0000","1897.2065"
"114.550","56.2927","11","-0.9810","0.0824","-0.4484","-45.5288","-35.4251","1073.6283","450.0000","0.5760","25.2907","-15.82715638","-47.97091004","25.2328","3.9260","0.0000","0.0000","1898.0033"
"114.600","56.0581","11","-0.7855","0.1240","-0.4355","-46.9637","-28.3008","1073.6284","450.0000","0.5472","31.5254","-15.82715178","-47.97091561","25.2313","3.9260","0.0000","0.0000","1898.8011"
"114.650","56.3241","11","-0.5545","0.1491","-0.4147","-47.9345","-19.9056","1073.6340","450.0000","0.5436","45.0339","-15.82714712","-47.97092123","25.2297","3.9260","0.0000","0.0000","1899.6005"
"114.700","56.9429","11","-0.3007","0.1649","-0.3611","-48.8220","-10.7460","1073.6475","450.0000","0.4788","84.3357","-15.82714250","-47.97092700","25.2281","3.9260","0.0000","0.0000","1900.4003"
"114.750","57.4214","11","-0.0521","0.1439","-0.3333","-48.9324","-1.8529","1073.6654","450.0000","0.4338","493.2323","-15.82713770","-47.97093268","25.2266","3.9260","0.0000","0.0000","1901.2002"
"114.800","57.3568","11","0.1069","0.1196","-0.2852","-48.3919","3.7804","1073.6707","450.0000","0.3960","241.4737","-15.82713278","-47.97093821","25.2250","3.9260","0.0000","0.0000","1901.9985"
"114.850","57.5090","11","0.2532","0.0798","-0.2869","-47.6334","8.9258","1073.6619","450.0000","0.3960","102.5431","-15.82712791","-47.97094362","25.2234","3.9260","0.0000","0.0000","1902.7917"
"114.900","57.5441","11","0.3098","0.0277","-0.2952","-47.0220","10.8970","1073.6519","450.0000","0.3960","84.0451","-15.82712288","-47.97094897","25.2219","3.9260","0.0000","0.0000","1903.5818"
"114.950","57.6593","11","0.2723","0.0060","-0.2572","-46.6054","9.5704","1073.6661","450.0000","0.3960","95.8868","-15.82711780","-47.97095434","25.2203","3.9260","0.0000","0.0000","1904.3708"
"115.000","57.5583","11","0.2016","-0.0118","-0.2098","-46.4506","7.0863","1073.6781","450.0000","0.3960","129.2728","-15.82711281","-47.97095978","25.2188","3.9260","0.0000","0.0000","1905.1569"
"115.050","57.4018","11","0.0746","-0.0637","-0.1967","-46.3301","2.6229","1073.6775","450.0000","0.3798","348.3076","-15.82710781","-47.97096513","25.2172","3.9260","0.0000","0.0000","1905.9387"
"115.100","56.8930","11","-0.0584","-0.1339","-0.1765","-46.5956","-2.0597","1073.6868","450.0000","0.3600","439.6122","-15.82710299","-47.97097042","25.2156","3.9260","0.0000","0.0000","1906.7156"
"115.150","56.8671","11","-0.2098","-0.1603","-0.1930","-46.9880","-7.4273","1073.6813","450.0000","0.3600","121.8570","-15.82709831","-47.97097585","25.2141","3.9260","0.0000","0.0000","1907.4856"
"115.200","56.8280","11","-0.3595","-0.1624","-0.1585","-47.2960","-12.7894","1073.6904","450.0000","0.3600","70.7183","-15.82709342","-47.97098136","25.2125","3.9260","0.0000","0.0000","1908.2498"
"115.250","56.4207","11","-0.4489","-0.1714","-0.1037","-48.0704","-16.0500","1073.7087","450.0000","0.3600","55.9479","-15.82708883","-47.97098683","25.2109","3.9260","0.0000","0.0000","1909.0120"
"115.300","56.2681","11","-0.4843","-0.1870","-0.1042","-49.5422","-17.4110","1073.7029","450.0000","0.3600","51.4350","-15.82708452","-47.97099261","25.2094","3.9260","0.0000","0.0000","1909.7737"
"115.350","55.7153","11","-0.4859","-0.1719","-0.1200","-50.0667","-17.5724","1073.6964","450.0000","0.3942","50.4620","-15.82708013","-47.97099818","25.2078","3.9260","0.0000","0.0000","1910.5334"
"115.400","55.1753","11","-0.4686","-0.1509","-0.1011","-50.6238","-17.0392","1073.7029","450.0000","0.3960","51.5365","-15.82707590","-47.97100376","25.2062","3.9260","0.0000","0.0000","1911.2906"
"115.450","54.8875","11","-0.4149","-0.1408","-0.0873","-51.6303","-15.1584","1073.7054","450.0000","0.3960","57.6287","-15.82707178","-47.97100948","25.2047","3.9260","0.0000","0.0000","1912.0448"
"115.500","54.8968","11","-0.3433","-0.1244","-0.0735","-52.4375","-12.5984","1073.7113","450.0000","0.3960","69.3506","-15.82706772","-47.97101520","25.2031","3.9260","0.0000","0.0000","1912.7959"
"115.550","54.8111","11","-0.2458","-0.1149","-0.0282","-52.9657","-9.0586","1073.7153","450.0000","0.3960","96.3006","-15.82706363","-47.97102098","25.2023","3.9260","0.0000","0.0000","1913.5437"
"115.600","54.6196","11","-0.1537","-0.1161","-0.0387","-52.9875","-5.6838","1073.7213","450.0000","0.3960","152.9422","-15.82705960","-47.97102664","25.2016","3.9260","0.0000","0.0000","1914.2885"
"115.650","54.4380","11","-0.0530","-0.0959","-0.0500","-53.0224","-1.9665","1073.7207","445.5000","0.3960","440.5875","-15.82705550","-47.97103233","25.2008","3.9260","0.0000","0.0000","1915.0299"
"115.700","54.2054","11","0.0767","-0.1015","-0.0457","-52.8427","2.8574","1073.7152","440.0000","0.3960","301.9184","-15.82705140","-47.97103788","25.2000","3.9260","0.0000","0.0000","1915.7672"
"115.750","54.0036","10","0.1735","-0.1197","-0.0480","-52.6962","6.4817","1073.7216","440.0000","0.3960","132.6030","-15.82704728","-47.97104342","25.1992","3.9260","0.0000","0.0000","1916.5009"
"115.800","53.7226","11","0.2336","-0.1132","-0.0352","-52.3114","8.7641","1073.7235","440.0000","0.3960","97.5594","-15.82704314","-47.97104888","25.1984","3.9260","0.0000","0.0000","1917.2314"
"115.850","53.5456","11","0.3268","-0.1248","-0.0289","-51.7762","12.3065","1073.7209","440.0000","0.3960","69.2484","-15.82703892","-47.97105427","25.1977","3.9260","0.0000","0.0000","1917.9600"
"115.900","53.2786","11","0.3895","-0.1380","0.0065","-51.1289","14.7299","1073.7377","440.0000","0.3960","57.5671","-15.82703466","-47.97105947","25.1969","3.9260","0.0000","0.0000","1918.6870"
"115.950","52.9420","11","0.4170","-0.1423","0.0405","-50.1459","15.8416","1073.7499","440.0000","0.3960","53.1889","-15.82703022","-47.97106458","25.1961","3.9260","0.0000","0.0000","1919.4088"
"116.000","52.7130","11","0.4867","-0.1247","0.0630","-49.1370","18.5786","1073.7478","440.0000","0.3960","45.1571","-15.82702584","-47.97106960","25.1953","3.9260","0.0000","0.0000","1920.1241"
"116.050","52.4955","11","0.5236","-0.1258","0.0005","-47.9117","20.0710","1073.7279","440.0000","0.3960","41.6269","-15.82702135","-47.97107445","25.1945","3.9260","0.0000","0.0000","1920.8326"
"116.100","52.4580","11","0.5785","-0.1498","-0.0003","-47.1011","22.2749","1073.7229","440.0000","0.3960","37.4814","-15.82701677","-47.97107934","25.1938","3.9260","0.0000","0.0000","1921.5370"
"116.150","52.3459","11","0.6332","-0.1761","0.0348","-46.2320","24.5063","1073.7297","440.0000","0.3960","33.9959","-15.82701215","-47.97108410","25.1930","3.9270","0.0000","0.0000","1922.2371"
"116.200","51.7154","11","0.7000","-0.1880","0.0501","-44.8873","27.2608","1073.7385","440.0000","0.3960","30.1927","-15.82700749","-47.97108864","25.1922","3.9280","0.0000","0.0000","1922.9314"
"116.250","51.2874","11","0.7425","-0.1948","0.0753","-43.3367","29.1119","1073.7554","440.0000","0.3960","28.0388","-15.82700260","-47.97109293","25.1914","3.9280","0.0000","0.0000","1923.6226"
"116.300","50.8276","11","0.7610","-0.1797","0.1645","-41.3785","30.0435","1073.7966","440.0000","0.3960","26.9259","-15.82699761","-47.97109696","25.1906","3.9280","0.0000","0.0000","1924.3132"
"116.350","50.6912","11","0.7653","-0.1629","0.1835","-40.0740","30.4111","1073.8226","440.0000","0.3960","26.5290","-15.82699258","-47.97110092","25.1898","3.9280","0.0000","0.0000","1925.0012"
"116.400","50.2360","11","0.8060","-0.1735","0.1830","-38.4999","32.2202","1073.8234","440.0000","0.3960","24.8146","-15.82698746","-47.97110484","25.1891","3.9280","0.0000","0.0000","1925.6844"
"116.450","49.7783","11","0.8721","-0.1786","0.1879","-36.6570","35.0897","1073.8282","440.0000","0.4122","22.5778","-15.82698235","-47.97110842","25.1883","3.9280","0.0000","0.0000","1926.3617"
"116.500","49.7910","11","0.8988","-0.1611","0.1899","-34.6222","36.4046","1073.8298","440.0000","0.4320","21.7678","-15.82697694","-47.97111184","25.1875","3.9280","0.0000","0.0000","1927.0343"
"116.550","49.6983","11","0.9141","-0.1297","0.1575","-33.1897","37.2513","1073.8292","440.0000","0.4320","21.2334","-15.82697163","-47.97111511","25.1930","3.9280","0.0000","0.0000","1927.7047"
"116.600","49.4289","11","0.8994","-0.1144","0.1867","-31.7831","36.8318","1073.8440","440.0000","0.4320","21.3589","-15.82696620","-47.97111837","25.1984","3.9280","0.0000","0.0000","1928.3744"
"116.650","48.9995","11","0.8815","-0.1136","0.1272","-29.9310","36.2622","1073.8270","440.0000","0.4320","21.5059","-15.82696080","-47.97112132","25.2039","3.9280","0.0000","0.0000","1929.0403"
"116.700","48.6308","11","0.8949","-0.1277","0.1391","-27.6575","36.9797","1073.8298","440.0000","0.4320","20.9300","-15.82695521","-47.97112400","25.2094","3.9280","0.0000","0.0000","1929.7019"
"116.750","48.2120","11","0.9100","-0.1358","0.2691","-24.8578","37.7967","1073.8976","440.0000","0.4662","20.3012","-15.82694958","-47.97112636","25.2148","3.9270","0.0000","0.0000","1930.3588"
"116.800","48.2763","11","0.9211","-0.1411","0.3002","-23.2328","38.4623","1073.9270","440.0000","0.4608","19.9764","-15.82694388","-47.97112860","25.2203","3.9260","0.0000","0.0000","1931.0126"
"116.850","48.1591","11","0.9149","-0.1304","0.2540","-22.1405","38.4182","1073.9180","440.0000","0.4320","19.9509","-15.82693827","-47.97113088","25.2258","3.9260","0.0000","0.0000","1931.6637"
"116.900","47.8331","11","0.8880","-0.1175","0.3048","-20.3319","37.4820","1073.9467","440.0000","0.4572","20.3107","-15.82693256","-47.97113284","25.2313","3.9260","0.0000","0.0000","1932.3130"
"116.950","47.5299","11","0.8694","-0.1100","0.3151","-18.1929","36.8699","1073.9554","440.0000","0.4680","20.5170","-15.82692681","-47.97113461","25.2367","3.9260","0.0000","0.0000","1932.9608"
"117.000","47.0921","11","0.8690","-0.0940","0.2797","-16.3829","37.0156","1073.9456","440.0000","0.4680","20.2480","-15.82692118","-47.97113610","25.2422","3.9260","0.0000","0.0000","1933.6045"
"117.050","47.0316","11","0.8441","-0.1258","0.2390","-14.4355","36.0981","1073.9451","440.0000","0.4680","20.7360","-15.82691543","-47.97113744","25.2477","3.9260","0.0000","0.0000","1934.2405"
"117.100","46.7406","11","0.8714","-0.1570","0.2289","-12.3673","37.4682","1073.9545","440.0000","0.4932","19.8542","-15.82690965","-47.97113858","25.2531","3.9260","0.0000","0.0000","1934.8718"
"117.150","46.8194","11","0.9300","-0.1462","0.2230","-10.6072","40.2409","1073.9473","440.0000","0.5040","18.5173","-15.82690383","-47.97113953","25.2586","3.9260","0.0000","0.0000","1935.5020"
"117.200","46.5503","11","0.9606","-0.1271","0.2176","-8.9114","41.8130","1073.9545","440.0000","0.4752","17.7187","-15.82689807","-47.97114033","25.2641","3.9260","0.0000","0.0000","1936.1320"
"117.250","46.1536","11","0.9508","-0.1088","0.2915","-6.9776","41.6055","1073.9882","440.0000","0.5040","17.6553","-15.82689235","-47.97114086","25.2695","3.9260","0.0000","0.0000","1936.7614"
"117.300","45.5345","11","0.8742","-0.1005","0.2959","-4.5848","38.4290","1073.9990","440.0000","0.5292","18.8583","-15.82688676","-47.97114109","25.2750","3.9260","0.0000","0.0000","1937.3853"
"117.350","45.4103","12","0.8071","-0.1103","0.3177","-2.0382","35.6341","1074.0126","440.0000","0.5742","20.2819","-15.82688103","-47.97114112","25.2805","3.9260","0.0000","0.0000","1938.0018"
"117.400","45.3374","12","0.7889","-0.1121","0.3934","-0.2519","34.9906","1074.0490","440.0000","0.6048","20.6218","-15.82687537","-47.97114088","25.2859","3.9260","0.0000","0.0000","1938.6149"
"117.450","45.3703","11","0.7818","-0.1210","0.3642","1.1221","34.8449","1074.0485","440.0000","0.5760","20.7230","-15.82686966","-47.97114066","25.2914","3.9250","0.0000","0.0000","1939.2249"
"117.500","45.3574","11","0.7651","-0.1329","0.3170","2.2437","34.2733","1074.0375","440.0000","0.5508","21.0626","-15.82686405","-47.97114033","25.2969","3.9240","0.0000","0.0000","1939.8308"
"117.550","44.5707","12","0.7576","-0.1429","0.3038","3.4624","34.1291","1074.0377","440.0000","0.5742","20.7848","-15.82685860","-47.97113975","25.2969","3.9240","0.0000","0.0000","1940.4310"
"117.600","44.1589","11","0.7506","-0.1492","0.2860","5.2548","34.0168","1074.0361","440.0000","0.5976","20.6607","-15.82685320","-47.97113904","25.2969","3.9240","0.0000","0.0000","1941.0262"
"117.650","44.0728","11","0.7550","-0.1724","0.2239","7.4351","34.4386","1074.0217","440.0000","0.7002","20.3678","-15.82684784","-47.97113803","25.2969","3.9240","0.0000","0.0000","1941.6168"
"117.700","43.8366","11","0.7643","-0.1889","0.1594","9.6206","35.1147","1074.0044","440.0000","0.7452","19.8686","-15.82684255","-47.97113688","25.2969","3.9240","0.0000","0.0000","1942.2036"
"117.750","43.5385","11","0.8061","-0.1969","0.1402","11.6755","37.3368","1073.9955","440.0000","0.7560","18.5591","-15.82683738","-47.97113553","25.2969","3.9240","0.0000","0.0000","1942.7888"
"117.800","42.9815","11","0.8611","-0.1982","0.0784","13.4577","40.2248","1073.9760","440.0000","0.7992","17.0062","-15.82683230","-47.97113411","25.2969","3.9240","0.0000","0.0000","1943.3724"
"117.850","42.7285","12","0.8958","-0.1689","0.0137","15.5689","42.1983","1073.9530","440.0000","0.8442","16.1155","-15.82682738","-47.97113251","25.2969","3.9240","0.0000","0.0000","1943.9561"
"117.900","42.3458","12","0.8864","-0.1270","-0.0774","17.3455","42.0663","1073.9130","440.0000","0.8892","16.0212","-15.82682251","-47.97113066","25.2969","3.9240","0.0000","0.0000","1944.5398"
"117.950","42.1779","12","0.8846","-0.0841","-0.1152","19.2948","42.2195","1073.8829","440.0000","0.9000","15.8998","-15.82681765","-47.97112870","25.2969","3.9250","0.0000","0.0000","1945.1249"
"118.000","42.1128","12","0.8819","-0.0470","-0.1861","21.4000","42.2546","1073.8655","440.0000","0.8208","15.8621","-15.82681282","-47.97112650","25.2969","3.9260","0.0000","0.0000","1945.7135"
"118.050","41.9789","12","0.8820","-0.0335","-0.2066","23.6324","42.3613","1073.8645","440.0000","0.7758","15.7718","-15.82680820","-47.97112420","25.2969","3.9260","0.0000","0.0000","1946.3052"
"118.100","42.0353","12","0.8925","0.0002","-0.1365","25.6765","42.9498","1073.8811","440.0000","0.7308","15.5766","-15.82680347","-47.97112168","25.2969","3.9260","0.0000","0.0000","1946.8955"
"118.150","42.0089","12","0.8879","0.0529","-0.1744","28.3452","42.7477","1073.8794","440.0000","0.6858","15.6404","-15.82679895","-47.97111889","25.2969","3.9260","0.0000","0.0000","1947.4836"
"118.200","42.1787","11","0.8785","0.0647","-0.2036","30.3279","42.2212","1073.8665","440.0000","0.6408","15.8995","-15.82679443","-47.97111598","25.2969","3.9260","0.0000","0.0000","1948.0708"
"118.250","42.5457","11","0.8714","0.0838","-0.2639","32.4704","41.7857","1073.8510","440.0000","0.6120","16.2050","-15.82679001","-47.97111284","25.2969","3.9260","0.0000","0.0000","1948.6594"
"118.300","42.6329","11","0.8578","0.0779","-0.2314","34.5183","41.0052","1073.8489","440.0000","0.5868","16.5472","-15.82678569","-47.97110959","25.2969","3.9260","0.0000","0.0000","1949.2499"
"118.350","42.4112","11","0.8508","0.0664","-0.2891","36.3862","40.5618","1073.8387","440.0000","0.5418","16.6412","-15.82678166","-47.97110625","25.2969","3.9260","0.0000","0.0000","1949.8405"
"118.400","42.2596","12","0.8386","0.0195","-0.3544","37.9386","39.9006","1073.8070","440.0000","0.5400","16.8565","-15.82677764","-47.97110285","25.2969","3.9260","0.0000","0.0000","1950.4282"
"118.450","42.2900","12","0.8390","-0.0238","-0.3671","40.0998","39.9225","1073.7928","440.0000","0.5238","16.8593","-15.82677365","-47.97109919","25.2969","3.9260","0.0000","0.0000","1951.0101"
"118.500","42.4287","11","0.8388","-0.0235","-0.3826","42.1498","39.9720","1073.7947","440.0000","0.4788","16.8937","-15.82676984","-47.97109544","25.2969","3.9260","0.0000","0.0000","1951.5903"
"118.550","42.6228","11","0.8492","-0.0317","-0.3353","44.3709","40.5241","1073.8057","440.0000","0.5022","16.7397","-15.82676623","-47.97109146","25.2922","3.9260","0.0000","0.0000","1952.1726"
"118.600","42.4780","11","0.8353","-0.0393","-0.3364","46.5327","39.9345","1073.8009","440.0000","0.4968","16.9292","-15.82676274","-47.97108743","25.2875","3.9260","0.0000","0.0000","1952.7567"
"118.650","42.1657","11","0.8311","-0.0351","-0.3793","48.5184","39.8207","1073.7841","440.0000","0.4680","16.8527","-15.82675947","-47.97108332","25.2828","3.9260","0.0000","0.0000","1953.3392"
"118.700","41.6929","12","0.8167","-0.0275","-0.4069","50.5893","39.2063","1073.7708","440.0000","0.4932","16.9249","-15.82675640","-47.97107910","25.2781","3.9260","0.0000","0.0000","1953.9170"
"118.750","41.8625","11","0.8004","-0.0264","-0.3968","52.3369","38.4862","1073.7762","430.5000","0.4698","17.3117","-15.82675333","-47.97107478","25.2734","3.9250","0.0000","0.0000","1954.4930"
"118.800","41.9745","11","0.7783","-0.0389","-0.4584","54.0408","37.4826","1073.7482","430.0000","0.4320","17.8228","-15.82675037","-47.97107035","25.2687","3.9240","0.0000","0.0000","1955.0695"
"118.850","42.1271","11","0.7563","-0.0558","-0.4567","55.5587","36.5025","1073.7394","430.0000","0.4158","18.3679","-15.82674754","-47.97106577","25.2641","3.9240","0.0000","0.0000","1955.6445"
"118.900","41.7884","12","0.7176","-0.0518","-0.4767","57.6138","34.7282","1073.7264","430.0000","0.3960","19.1511","-15.82674501","-47.97106119","25.2594","3.9240","0.0000","0.0000","1956.2183"
"118.950","41.4426","12","0.6976","-0.0366","-0.5704","59.2666","33.8494","1073.7043","430.0000","0.3960","19.4857","-15.82674260","-47.97105656","25.2547","3.9240","0.0000","0.0000","1956.7917"
"119.000","41.4648","11","0.6804","-0.0414","-0.5493","61.0821","33.0786","1073.6927","430.0000","0.3960","19.9504","-15.82674018","-47.97105188","25.2500","3.9240","0.0000","0.0000","1957.3630"
"119.050","41.5151","11","0.6748","-0.0334","-0.5663","62.9754","32.8702","1073.6770","430.0000","0.3960","20.1013","-15.82673796","-47.97104703","25.2453","3.9240","0.0000","0.0000","1957.9304"
"119.100","41.3152","11","0.6634","-0.0461","-0.6070","64.5482","32.3750","1073.6515","430.0000","0.3960","20.3104","-15.82673598","-47.97104223","25.2406","3.9240","0.0000","0.0000","1958.4966"
"119.150","41.3085","11","0.6409","-0.0668","-0.6339","65.6958","31.3499","1073.6313","430.0000","0.3960","20.9713","-15.82673394","-47.97103744","25.2359","3.9240","0.0000","0.0000","1959.0631"
"119.200","41.3020","12","0.6152","-0.0737","-0.6391","67.2563","30.1887","1073.6107","430.0000","0.3888","21.7744","-15.82673214","-47.97103242","25.2313","3.9240","0.0000","0.0000","1959.6298"
"119.250","40.9916","13","0.5876","-0.0473","-0.6767","68.6773","28.9289","1073.5923","430.0000","0.3600","22.5518","-15.82673051","-47.97102756","25.2266","3.9240","0.0000","0.0000","1960.1936"
"119.300","40.7861","12","0.5560","-0.0271","-0.7175","70.2528","27.4328","1073.5649","430.0000","0.3600","23.6626","-15.82672895","-47.97102262","25.2219","3.9240","0.0000","0.0000","1960.7566"
"119.350","40.6891","12","0.5127","-0.0396","-0.7715","71.7309","25.3337","1073.5361","430.0000","0.3600","25.5623","-15.82672749","-47.97101758","25.2172","3.9240","0.0000","0.0000","1961.3186"
"119.400","40.8567","12","0.5198","-0.0731","-0.7385","72.9228","25.7391","1073.5270","430.0000","0.3600","25.2633","-15.82672620","-47.97101252","25.2125","3.9240","0.0000","0.0000","1961.8784"
"119.450","40.7468","12","0.5099","-0.0702","-0.7620","73.9292","25.3322","1073.5000","430.0000","0.3600","25.6000","-15.82672490","-47.97100751","25.2078","3.9250","0.0000","0.0000","1962.4355"
"119.500","40.5220","12","0.5063","-0.0458","-0.8039","75.2498","25.2357","1073.4734","430.0000","0.3600","25.5562","-15.82672381","-47.97100245","25.2031","3.9260","0.0000","0.0000","1962.9929"
"119.550","40.5506","12","0.5047","-0.0232","-0.8322","76.6314","25.2082","1073.4493","430.0000","0.3600","25.6021","-15.82672281","-47.97099733","25.2062","3.9260","0.0000","0.0000","1963.5538"
"119.600","40.4259","12","0.4895","-0.0401","-0.8145","77.8785","24.4795","1073.4363","430.0000","0.3600","26.2832","-15.82672183","-47.97099227","25.2094","3.9260","0.0000","0.0000","1964.1157"
"119.650","40.2167","12","0.4559","-0.0412","-0.7790","78.9489","22.8457","1073.4360","430.0000","0.3600","28.0171","-15.82672101","-47.97098713","25.2125","3.9260","0.0000","0.0000","1964.6748"
"119.700","40.0138","12","0.4557","-0.0218","-0.7839","79.9310","22.8768","1073.4286","430.0000","0.3600","27.8378","-15.82672027","-47.97098210","25.2156","3.9260","0.0000","0.0000","1965.2340"
"119.750","40.1776","12","0.4750","-0.0069","-0.8099","81.4372","23.8727","1073.4041","430.0000","0.3600","26.7857","-15.82671972","-47.97097689","25.2188","3.9260","0.0000","0.0000","1965.7961"
"119.800","40.5594","12","0.4874","0.0070","-0.8733","82.7424","24.5077","1073.3651","430.0000","0.3600","26.3396","-15.82671923","-47.97097164","25.2219","3.9260","0.0000","0.0000","1966.3630"
"119.850","40.3861","12","0.4965","0.0256","-0.8583","83.7993","24.9576","1073.3522","430.0000","0.3600","25.7543","-15.82671880","-47.97096652","25.2250","3.9260","0.0000","0.0000","1966.9326"
"119.900","40.1930","12","0.4937","0.0492","-0.8553","84.7349","24.7920","1073.3358","430.0000","0.3600","25.8023","-15.82671848","-47.97096136","25.2281","3.9260","0.0000","0.0000","1967.5020"
"119.950","40.2934","12","0.4916","0.0904","-0.8797","86.1355","24.6381","1073.3215","430.0000","0.3600","26.0283","-15.82671831","-47.97095622","25.2313","3.9270","0.0000","0.0000","1968.0723"
"120.000","40.5617","11","0.5287","0.0859","-0.8521","87.4256","26.3979","1073.3060","430.0000","0.3600","24.4550","-15.82671816","-47.97095093","25.2344","3.9280","0.0000","0.0000","1968.6462"
"120.050","41.0153","12","0.5362","0.0821","-0.8691","88.9625","26.6804","1073.2950","430.0000","0.3600","24.4666","-15.82671823","-47.97094560","25.2375","3.9280","0.0000","0.0000","1969.2249"
"120.100","40.9830","12","0.5239","0.0988","-0.8934","90.3427","25.9806","1073.2753","430.0000","0.3600","25.1058","-15.82671840","-47.97094037","25.2406","3.9280","0.0000","0.0000","1969.8025"
"120.150","41.0106","11","0.5388","0.0890","-0.9383","91.7772","26.6115","1073.2571","430.0000","0.3600","24.5272","-15.82671874","-47.97093499","25.2437","3.9280","0.0000","0.0000","1970.3788"
"120.200","41.0617","11","0.5400","0.0827","-0.9052","92.6891","26.5727","1073.2596","430.0000","0.3960","24.5936","-15.82671909","-47.97092974","25.2469","3.9280","0.0000","0.0000","1970.9600"
"120.250","41.5400","11","0.5443","0.0883","-0.9176","94.1515","26.6988","1073.2343","430.0000","0.3960","24.7625","-15.82671959","-47.97092434","25.2500","3.9280","0.0000","0.0000","1971.5455"
"120.300","41.7566","11","0.5179","0.1110","-0.9656","95.3032","25.3112","1073.2162","430.0000","0.3960","26.2562","-15.82672022","-47.97091898","25.2531","3.9280","0.0000","0.0000","1972.1293"
"120.350","41.4452","11","0.4832","0.0811","-0.9722","96.9467","23.5068","1073.2000","430.0000","0.3960","28.0608","-15.82672103","-47.97091382","25.2563","3.9270","0.0000","0.0000","1972.7148"
"120.400","41.4337","11","0.5225","0.0606","-0.9954","98.0596","25.3405","1073.1661","430.0000","0.3960","26.0231","-15.82672194","-47.97090853","25.2594","3.9260","0.0000","0.0000","1973.3041"
"120.450","42.1550","11","0.5744","0.0743","-0.9674","99.0482","27.7899","1073.1548","430.0000","0.3960","24.1425","-15.82672287","-47.97090308","25.2625","3.9260","0.0000","0.0000","1973.8950"
"120.500","42.1067","11","0.6357","0.0843","-0.9872","101.0942","30.6653","1073.1405","430.0000","0.4212","21.8536","-15.82672416","-47.97089787","25.2656","3.9260","0.0000","0.0000","1974.4854"
"120.550","41.8705","11","0.6646","0.0953","-1.0512","102.2468","31.9566","1073.1056","430.0000","0.4320","20.8530","-15.82672539","-47.97089272","25.2672","3.9260","0.0000","0.0000","1975.0767"
"120.600","42.3446","11","0.6916","0.0457","-1.0059","103.3279","33.1446","1073.0990","430.0000","0.4392","20.3332","-15.82672684","-47.97088734","25.2687","3.9260","0.0000","0.0000","1975.6680"
"120.650","42.5413","11","0.7223","0.0305","-0.9978","105.3971","34.5622","1073.0902","430.0000","0.4842","19.5898","-15.82672851","-47.97088214","25.2703","3.9260","0.0000","0.0000","1976.2588"
"120.700","42.5396","11","0.7188","0.0305","-0.9892","107.4313","34.3660","1073.0662","430.0000","0.5292","19.7009","-15.82673035","-47.97087703","25.2719","3.9260","0.0000","0.0000","1976.8522"
"120.750","42.3862","11","0.6731","0.0673","-1.1152","110.4568","32.1529","1073.0231","430.0000","0.6426","20.9810","-15.82673260","-47.97087210","25.2734","3.9260","0.0000","0.0000","1977.4513"
"120.800","42.7034","11","0.6615","0.0754","-1.0878","111.4333","31.5170","1073.0056","430.0000","0.6552","21.5644","-15.82673467","-47.97086691","25.2750","3.9260","0.0000","0.0000","1978.0571"
"120.850","42.5135","11","0.6637","0.0890","-1.0470","112.2291","31.5315","1073.0117","430.0000","0.6840","21.4586","-15.82673677","-47.97086193","25.2766","3.9260","0.0000","0.0000","1978.6685"
"120.900","42.5438","11","0.6665","0.1174","-1.0284","113.5166","31.5544","1073.0066","430.0000","0.6840","21.4583","-15.82673903","-47.97085691","25.2781","3.9260","0.0000","0.0000","1979.2839"
"120.950","42.8126","11","0.6744","0.1537","-1.0764","115.1818","31.7814","1072.9894","430.0000","0.6840","21.4397","-15.82674160","-47.97085196","25.2797","3.9250","0.0000","0.0000","1979.9025"
"121.000","43.3546","11","0.7494","0.1538","-1.0550","117.0946","35.1008","1072.9746","430.0000","0.6768","19.6579","-15.82674433","-47.97084704","25.2812","3.9240","0.0000","0.0000","1980.5216"
"121.050","43.8569","11","0.7896","0.1241","-1.0347","118.3438","36.7785","1072.9691","430.0000","0.6318","18.9786","-15.82674713","-47.97084205","25.2828","3.9240","0.0000","0.0000","1981.1409"
"121.100","44.0875","11","0.7947","0.1520","-1.0192","120.0526","36.8479","1072.9590","430.0000","0.6120","19.0424","-15.82675009","-47.97083715","25.2844","3.9240","0.0000","0.0000","1981.7632"
"121.150","44.5089","11","0.8419","0.1698","-1.0134","122.9819","38.8108","1072.9406","430.0000","0.6462","18.2522","-15.82675343","-47.97083258","25.2859","3.9230","0.0000","0.0000","1982.3896"
"121.200","44.6100","11","0.8720","0.1663","-1.0362","125.7565","39.9442","1072.9324","430.0000","0.6768","17.7746","-15.82675706","-47.97082819","25.2875","3.9220","0.0000","0.0000","1983.0203"
"121.250","44.5644","11","0.8841","0.1739","-1.0485","127.3492","40.2511","1072.9114","430.0000","0.6318","17.6210","-15.82676068","-47.97082390","25.2891","3.9220","0.0000","0.0000","1983.6576"
"121.300","44.5589","11","0.8461","0.1663","-1.0653","129.1695","38.2737","1072.8948","430.0000","0.6120","18.5291","-15.82676436","-47.97081962","25.2906","3.9220","0.0000","0.0000","1984.2982"
"121.350","45.0037","11","0.7983","0.1286","-1.0917","130.6403","35.8940","1072.8787","430.0000","0.5778","19.9548","-15.82676822","-47.97081537","25.2922","3.9220","0.0000","0.0000","1984.9420"
"121.400","45.2282","11","0.7406","0.1211","-1.1101","131.7848","33.1457","1072.8591","430.0000","0.5328","21.7171","-15.82677224","-47.97081108","25.2938","3.9220","0.0000","0.0000","1985.5883"
"121.450","45.5948","11","0.6924","0.1301","-1.1227","133.1245","30.8516","1072.8368","430.0000","0.5040","23.5211","-15.82677629","-47.97080688","25.2953","3.9230","0.0000","0.0000","1986.2345"
"121.500","46.0471","11","0.6465","0.1440","-1.1125","134.6197","28.6692","1072.8317","430.0000","0.4788","25.5627","-15.82678053","-47.97080278","25.2969","3.9240","0.0000","0.0000","1986.8828"
"121.550","46.1221","11","0.5948","0.1318","-1.1309","136.8726","26.2363","1072.8112","430.0000","0.4680","27.9787","-15.82678499","-47.97079897","25.2938","3.9240","0.0000","0.0000","1987.5348"
"121.600","46.5096","13","0.6048","0.1346","-1.1224","138.2902","26.5484","1072.7999","430.0000","0.4320","27.8820","-15.82678948","-47.97079509","25.2906","3.9240","0.0000","0.0000","1988.1909"
"121.650","46.5667","13","0.6448","0.1561","-1.1885","139.6900","28.1554","1072.7656","430.0000","0.4482","26.3229","-15.82679403","-47.97079132","25.2875","3.9250","0.0000","0.0000","1988.8506"
"121.700","46.4873","13","0.6777","0.1368","-1.2987","140.6815","29.4288","1072.7094","430.0000","0.4428","25.1409","-15.82679870","-47.97078769","25.2844","3.9260","0.0000","0.0000","1989.5127"
"121.750","46.8339","13","0.6464","0.0960","-1.2965","141.6324","27.9365","1072.6908","430.0000","0.3978","26.6814","-15.82680342","-47.97078390","25.2812","3.9260","0.0000","0.0000","1990.1772"
"121.800","47.0279","13","0.6280","0.0941","-1.2701","143.2917","27.0479","1072.6820","430.0000","0.3960","27.6721","-15.82680826","-47.97078044","25.2781","3.9260","0.0000","0.0000","1990.8427"
"121.850","47.4080","13","0.5801","0.1078","-1.2587","144.8841","24.9030","1072.6669","430.0000","0.3960","30.2984","-15.82681328","-47.97077710","25.2750","3.9270","0.0000","0.0000","1991.5107"
"121.900","47.5302","13","0.5756","0.1067","-1.2830","146.0550","24.6106","1072.6451","430.0000","0.3960","30.7375","-15.82681838","-47.97077377","25.2719","3.9280","0.0000","0.0000","1992.1833"
"121.950","47.7533","13","0.5927","0.1158","-1.2866","147.2682","25.2490","1072.6320","430.0000","0.3960","30.1009","-15.82682346","-47.97077052","25.2687","3.9280","0.0000","0.0000","1992.8597"
"122.000","47.9675","13","0.6015","0.1359","-1.2856","148.5215","25.5150","1072.6272","430.0000","0.3960","29.9207","-15.82682873","-47.97076734","25.2656","3.9280","0.0000","0.0000","1993.5381"
"122.050","47.9040","13","0.6153","0.1301","-1.2838","149.8650","25.9740","1072.6130","430.0000","0.3960","29.3531","-15.82683397","-47.97076436","25.2625","3.9280","0.0000","0.0000","1994.2179"
"122.100","48.2008","13","0.5905","0.1304","-1.1416","150.7216","24.8168","1072.6621","430.0000","0.4464","30.9122","-15.82683919","-47.97076127","25.2594","3.9280","0.0000","0.0000","1994.8997"
"122.150","48.6219","13","0.5582","0.1113","-1.0869","151.9852","23.3476","1072.6757","430.0000","0.4338","33.1443","-15.82684465","-47.97075843","25.2563","3.9280","0.0000","0.0000","1995.5831"
"122.200","48.7930","11","0.5268","0.0869","-1.0356","153.4155","21.9528","1072.6686","430.0000","0.4248","35.3743","-15.82685020","-47.97075571","25.2531","3.9280","0.0000","0.0000","1996.2686"
"122.250","48.8918","11","0.4908","0.0935","-0.9990","154.9410","20.3896","1072.6740","430.0000","0.4122","38.1635","-15.82685582","-47.97075307","25.2500","3.9270","0.0000","0.0000","1996.9563"
"122.300","48.9670","11","0.4831","0.0977","-0.9714","155.5061","20.0050","1072.6771","430.0000","0.4068","38.9568","-15.82686145","-47.97075050","25.2469","3.9260","0.0000","0.0000","1997.6462"
"122.350","49.2059","11","0.4579","0.1084","-0.9800","155.9706","18.8955","1072.6587","430.0000","0.3960","41.4456","-15.82686713","-47.97074793","25.2437","3.9260","0.0000","0.0000","1998.3386"
"122.400","49.2312","11","0.4213","0.0841","-0.9393","156.8658","17.3244","1072.6675","430.0000","0.3960","45.2276","-15.82687278","-47.97074552","25.2406","3.9260","0.0000","0.0000","1999.0330"
"122.450","49.4247","11","0.3878","0.0793","-0.9673","157.9360","15.8991","1072.6478","430.0000","0.3960","49.4756","-15.82687866","-47.97074320","25.2375","3.9260","0.0000","0.0000","1999.7301"
"122.500","49.5911","11","0.3616","0.0815","-0.9905","158.8084","14.7848","1072.6132","423.0000","0.3960","53.3836","-15.82688457","-47.97074103","25.2344","3.9260","0.0000","0.0000","2000.4292"
"122.550","49.7196","11","0.3408","0.0855","-1.0101","159.4925","13.8953","1072.6016","429.5000","0.4302","56.9482","-15.82689047","-47.97073877","25.2398","3.9260","0.0000","0.0000","2001.1304"
"122.600","49.9260","11","0.3046","0.0976","-0.9658","160.1467","12.3809","1072.6007","430.0000","0.4680","64.1794","-15.82689645","-47.97073663","25.2453","3.9260","0.0000","0.0000","2001.8342"
"122.650","50.0674","11","0.2976","0.0981","-0.9572","160.6913","12.0554","1072.5920","430.0000","0.4842","66.0985","-15.82690242","-47.97073458","25.2508","3.9270","0.0000","0.0000","2002.5397"
"122.700","50.3035","11","0.3191","0.0847","-0.9563","161.2817","12.8824","1072.5786","430.0000","0.5040","62.1470","-15.82690839","-47.97073257","25.2563","3.9280","0.0000","0.0000","2003.2446"
"122.750","50.3244","10","0.3427","0.0765","-0.9468","162.0339","13.7954","1072.5663","430.0000","0.5040","58.0583","-15.82691450","-47.97073072","25.2617","3.9280","0.0000","0.0000","2003.9501"
"122.800","50.5637","11","0.3224","0.0852","-0.9632","162.4527","12.9438","1072.5546","430.0000","0.4968","62.1721","-15.82692056","-47.97072871","25.2672","3.9280","0.0000","0.0000","2004.6593"
"122.850","50.7588","11","0.3010","0.0972","-0.9496","163.0187","12.0476","1072.5354","430.0000","0.4680","67.0550","-15.82692678","-47.97072691","25.2727","3.9270","0.0000","0.0000","2005.3723"
"122.900","50.8539","10","0.2997","0.0869","-0.9337","163.7954","11.9556","1072.5294","430.0000","0.4680","67.6977","-15.82693297","-47.97072523","25.2781","3.9260","0.0000","0.0000","2006.0859"
"122.950","50.6501","10","0.3052","0.0652","-0.9539","164.4038","12.1389","1072.5151","430.0000","0.4680","66.4080","-15.82693905","-47.97072357","25.2836","3.9270","0.0000","0.0000","2006.7971"
"123.000","50.8215","10","0.2985","0.0445","-0.9452","165.2337","11.8486","1072.4971","430.0000","0.4680","68.2654","-15.82694533","-47.97072208","25.2891","3.9280","0.0000","0.0000","2007.5034"
"123.050","51.2530","10","0.2912","0.0297","-0.8921","165.8668","11.5398","1072.4980","430.0000","0.4680","70.6869","-15.82695162","-47.97072049","25.2945","3.9280","0.0000","0.0000","2008.2080"
"123.100","51.3602","10","0.2865","0.0093","-0.8891","166.3651","11.3426","1072.4890","430.0000","0.4680","72.0668","-15.82695793","-47.97071899","25.3000","3.9280","0.0000","0.0000","2008.9148"
"123.150","51.5077","10","0.2827","-0.0042","-0.8908","166.5861","11.1923","1072.4819","430.0000","0.5022","73.2444","-15.82696420","-47.97071753","25.3055","3.9280","0.0000","0.0000","2009.6237"
"123.200","51.0238","10","0.2818","-0.0112","-0.8818","166.8641","11.1562","1072.4728","430.0000","0.5040","72.7908","-15.82697033","-47.97071608","25.3109","3.9280","0.0000","0.0000","2010.3322"
"123.250","50.6921","10","0.2666","-0.0131","-0.8788","167.4983","10.5601","1072.4596","430.0000","0.5202","76.3995","-15.82697651","-47.97071483","25.3164","3.9270","0.0000","0.0000","2011.0399"
"123.300","50.7552","10","0.2455","-0.0241","-0.8537","168.4409","9.7284","1072.4503","430.0000","0.5400","83.0346","-15.82698283","-47.97071378","25.3219","3.9260","0.0000","0.0000","2011.7480"
"123.350","50.9947","10","0.2448","-0.0225","-0.8240","169.1248","9.7081","1072.4523","430.0000","0.5400","83.6008","-15.82698925","-47.97071268","25.3273","3.9260","0.0000","0.0000","2012.4554"
"123.400","51.1081","10","0.2754","-0.0204","-0.8062","169.5020","10.9322","1072.4504","430.0000","0.5400","74.4048","-15.82699558","-47.97071143","25.3328","3.9260","0.0000","0.0000","2013.1614"
"123.450","50.9519","10","0.2814","-0.0141","-0.7836","169.9679","11.1782","1072.4438","430.0000","0.5400","72.5453","-15.82700182","-47.97071042","25.3383","3.9260","0.0000","0.0000","2013.8672"
"123.500","50.9676","10","0.2810","0.0072","-0.7821","170.3443","11.1691","1072.4335","430.0000","0.5400","72.6265","-15.82700813","-47.97070936","25.3438","3.9260","0.0000","0.0000","2014.5734"
"123.550","51.0451","10","0.2503","0.0241","-0.8176","170.7707","9.9438","1072.4122","430.0000","0.5400","81.6998","-15.82701453","-47.97070843","25.3398","3.9260","0.0000","0.0000","2015.2770"
"123.600","50.8512","10","0.2221","-0.0002","-0.8218","171.1679","8.8177","1072.4069","430.0000","0.5400","91.7839","-15.82702077","-47.97070749","25.3359","3.9260","0.0000","0.0000","2015.9769"
"123.650","50.7875","10","0.2103","-0.0306","-0.8024","171.8397","8.3497","1072.3944","430.0000","0.5400","96.8068","-15.82702706","-47.97070674","25.3320","3.9270","0.0000","0.0000","2016.6740"
"123.700","50.8827","10","0.1917","-0.0648","-0.7723","172.5107","7.6207","1072.3833","430.0000","0.5400","106.2660","-15.82703343","-47.97070597","25.3281","3.9280","0.0000","0.0000","2017.3694"
"123.750","50.8585","10","0.1842","-0.0803","-0.7806","172.8035","7.3385","1072.3890","430.0000","0.5400","110.2999","-15.82703975","-47.97070524","25.3242","3.9280","0.0000","0.0000","2018.0649"
"123.800","50.5235","10","0.1856","-0.0780","-0.7779","172.9160","7.4182","1072.3793","430.0000","0.5040","108.3971","-15.82704601","-47.97070451","25.3203","3.9280","0.0000","0.0000","2018.7600"
"123.850","50.2810","10","0.1787","-0.0662","-0.7946","173.0837","7.1590","1072.3705","434.5000","0.5040","111.7817","-15.82705221","-47.97070374","25.3164","3.9280","0.0000","0.0000","2019.4524"
"123.900","50.1043","10","0.1658","-0.0705","-0.7906","173.5589","6.6577","1072.3579","440.0000","0.5040","119.7757","-15.82705841","-47.97070312","25.3125","3.9280","0.0000","0.0000","2020.1426"
"123.950","50.0437","10","0.1659","-0.0799","-0.7629","174.0159","6.6817","1072.3402","440.0000","0.5040","119.2024","-15.82706468","-47.97070264","25.3086","3.9280","0.0000","0.0000","2020.8318"
"124.000","50.1095","10","0.1546","-0.0693","-0.7881","174.4779","6.2411","1072.3296","440.0000","0.5400","127.7856","-15.82707091","-47.97070208","25.3047","3.9280","0.0000","0.0000","2021.5205"
"124.050","49.9900","10","0.1501","-0.0692","-0.7964","174.3997","6.0752","1072.3142","440.0000","0.5400","130.9602","-15.82707709","-47.97070142","25.3008","3.9280","0.0000","0.0000","2022.2073"
"124.100","49.7773","10","0.1553","-0.0637","-0.8040","174.7168","6.3032","1072.3038","440.0000","0.5400","125.6863","-15.82708328","-47.97070089","25.2969","3.9280","0.0000","0.0000","2022.8921"
"124.150","49.6006","10","0.1633","-0.0579","-0.7719","175.3958","6.6405","1072.2944","440.0000","0.5400","118.8799","-15.82708940","-47.97070063","25.2930","3.9270","0.0000","0.0000","2023.5760"
"124.200","49.6212","10","0.1588","-0.0366","-0.7946","175.7937","6.4688","1072.2842","440.0000","0.5400","122.0860","-15.82709565","-47.97070023","25.2891","3.9260","0.0000","0.0000","2024.2594"
"124.250","49.5576","11","0.1357","-0.0332","-0.7924","175.9277","5.5351","1072.2745","440.0000","0.5400","142.4975","-15.82710185","-47.97069977","25.2852","3.9260","0.0000","0.0000","2024.9424"
"124.300","49.3689","11","0.1094","-0.0627","-0.8065","176.0861","4.4664","1072.2717","440.0000","0.5400","175.9186","-15.82710803","-47.97069937","25.2812","3.9260","0.0000","0.0000","2025.6233"
"124.350","49.2924","11","0.1051","-0.0836","-0.7905","176.1328","4.3029","1072.2665","440.0000","0.5400","182.3210","-15.82711418","-47.97069890","25.2773","3.9260","0.0000","0.0000","2026.3033"
"124.400","49.1908","11","0.1272","-0.0684","-0.7730","176.4930","5.2247","1072.2689","440.0000","0.5400","149.8461","-15.82712027","-47.97069862","25.2734","3.9260","0.0000","0.0000","2026.9822"
"124.450","49.2128","11","0.1285","-0.0366","-0.7837","176.7825","5.2885","1072.2582","440.0000","0.5400","148.1048","-15.82712645","-47.97069828","25.2695","3.9260","0.0000","0.0000","2027.6630"
"124.500","49.1359","11","0.1292","-0.0154","-0.7855","177.0699","5.3238","1072.2484","440.0000","0.5400","146.8906","-15.82713263","-47.97069805","25.2656","3.9260","0.0000","0.0000","2028.3484"
"124.550","48.9084","11","0.1210","-0.0161","-0.7886","177.1720","4.9902","1072.2474","440.0000","0.5400","155.9849","-15.82713865","-47.97069781","25.2648","3.9260","0.0000","0.0000","2029.0364"
"124.600","48.9994","11","0.1386","0.0003","-0.7616","177.7122","5.7171","1072.2410","440.0000","0.5400","136.4055","-15.82714484","-47.97069771","25.2641","3.9260","0.0000","0.0000","2029.7231"
"124.650","48.8120","11","0.1768","0.0255","-0.7448","178.0359","7.2920","1072.2426","440.0000","0.5400","106.5366","-15.82715086","-47.97069755","25.2633","3.9260","0.0000","0.0000","2030.4088"
"124.700","49.1453","11","0.1906","0.0409","-0.7333","178.3888","7.8526","1072.2533","440.0000","0.5148","99.6061","-15.82715714","-47.97069739","25.2625","3.9260","0.0000","0.0000","2031.0975"
"124.750","49.5197","12","0.1871","0.0373","-0.6800","178.8774","7.6965","1072.2567","440.0000","0.5040","102.4014","-15.82716341","-47.97069736","25.2617","3.9270","0.0000","0.0000","2031.7888"
"124.800","49.5992","12","0.1882","0.0569","-0.6713","178.9305","7.7337","1072.2600","440.0000","0.5040","102.0729","-15.82716970","-47.97069724","25.2609","3.9280","0.0000","0.0000","2032.4803"
"124.850","49.3453","12","0.1688","0.0779","-0.6687","179.3841","6.9202","1072.2617","440.0000","0.5040","113.4874","-15.82717580","-47.97069727","25.2602","3.9290","0.0000","0.0000","2033.1729"
"124.900","49.3678","12","0.1560","0.0741","-0.6804","179.8892","6.3781","1072.2571","440.0000","0.5040","123.1890","-15.82718198","-47.97069741","25.2594","3.9300","0.0000","0.0000","2033.8689"
"124.950","49.8010","12","0.1424","0.0728","-0.6648","-161.8949","5.8087","1072.2535","440.0000","0.5040","136.4524","-15.82718839","-47.97069740","25.2586","3.9300","0.0000","0.0000","2034.5658"
"125.000","49.8089","12","0.1332","0.0585","-0.6662","-179.5075","5.4197","1072.2426","440.0000","0.5040","146.2700","-15.82719465","-47.97069757","25.2578","3.9300","0.0000","0.0000","2035.2594"
"125.050","49.7754","12","0.0978","0.0376","-0.6298","-179.2617","3.9716","1072.2463","440.0000","0.5040","199.4642","-15.82720090","-47.97069768","25.2570","3.9300","0.0000","0.0000","2035.9526"
"125.100","49.8950","12","0.0762","0.0259","-0.6296","-179.3068","3.0883","1072.2452","440.0000","0.5040","257.1322","-15.82720718","-47.97069774","25.2563","3.9300","0.0000","0.0000","2036.6479"
"125.150","50.3492","12","0.0481","0.0076","-0.5992","-179.2780","1.9487","1072.2382","440.0000","0.5040","411.2166","-15.82721360","-47.97069790","25.2555","3.9290","0.0000","0.0000","2037.3435"
"125.200","50.1445","12","0.0412","0.0192","-0.6429","-179.1334","1.6668","1072.2178","440.0000","0.5040","478.7945","-15.82721986","-47.97069800","25.2547","3.9280","0.0000","0.0000","2038.0392"
"125.250","49.7785","12","0.0644","0.0366","-0.6718","-178.8928","2.6063","1072.2069","440.0000","0.5040","303.9749","-15.82722603","-47.97069819","25.2539","3.9280","0.0000","0.0000","2038.7363"
"125.300","50.0502","12","0.0806","0.0241","-0.6728","-178.7177","3.2559","1072.1949","440.0000","0.5040","244.6546","-15.82723235","-47.97069844","25.2531","3.9280","0.0000","0.0000","2039.4355"
"125.350","50.0692","12","0.1076","0.0058","-0.6648","-178.5243","4.3456","1072.1816","449.5000","0.5040","183.3767","-15.82723864","-47.97069862","25.2523","3.9270","0.0000","0.0000","2040.1357"
"125.400","50.0639","12","0.1502","0.0087","-0.6453","-178.6200","6.0650","1072.1780","450.0000","0.5040","131.3755","-15.82724496","-47.97069874","25.2516","3.9260","0.0000","0.0000","2040.8361"
"125.450","50.1068","12","0.1745","0.0267","-0.6475","-178.1555","7.0422","1072.1775","450.0000","0.5040","113.2420","-15.82725123","-47.97069909","25.2508","3.9260","0.0000","0.0000","2041.5337"
"125.500","50.2635","12","0.2032","0.0256","-0.6406","-177.3645","8.1928","1072.1760","450.0000","0.5040","97.6429","-15.82725757","-47.97069960","25.2500","3.9260","0.0000","0.0000","2042.2317"
"125.550","50.3990","12","0.2067","0.0176","-0.6059","-176.9675","8.3244","1072.1792","450.0000","0.5040","96.3579","-15.82726390","-47.97069998","25.2500","3.9260","0.0000","0.0000","2042.9312"
"125.600","50.4441","12","0.1905","0.0251","-0.5699","-176.4149","7.6670","1072.2032","450.0000","0.5040","104.7146","-15.82727020","-47.97070058","25.2500","3.9260","0.0000","0.0000","2043.6315"
"125.650","50.3809","12","0.1871","0.0333","-0.5476","-176.3328","7.5234","1072.2158","450.0000","0.5040","106.5794","-15.82727650","-47.97070097","25.2500","3.9260","0.0000","0.0000","2044.3319"
"125.700","50.1164","12","0.1932","0.0252","-0.5183","-176.1923","7.7620","1072.2249","450.0000","0.5040","102.7600","-15.82728271","-47.97070135","25.2500","3.9260","0.0000","0.0000","2045.0322"
"125.750","50.4210","12","0.1767","-0.0051","-0.5685","-175.5683","7.0923","1072.1974","450.0000","0.5040","113.1471","-15.82728912","-47.97070210","25.2500","3.9270","0.0000","0.0000","2045.7333"
"125.800","50.3444","12","0.1532","0.0127","-0.5717","-175.2761","6.1481","1072.1942","450.0000","0.5112","130.3262","-15.82729537","-47.97070269","25.2500","3.9280","0.0000","0.0000","2046.4344"
"125.850","50.4578","12","0.1033","0.0094","-0.5421","-175.2181","4.1468","1072.1964","450.0000","0.5400","193.6599","-15.82730171","-47.97070325","25.2500","3.9280","0.0000","0.0000","2047.1327"
"125.900","50.4128","12","0.0509","-0.0148","-0.5543","-174.9599","2.0402","1072.1813","450.0000","0.5400","393.2606","-15.82730802","-47.97070388","25.2500","3.9280","0.0000","0.0000","2047.8289"
"125.950","50.3868","12","0.0481","-0.0335","-0.5656","-174.7304","1.9293","1072.1737","450.0000","0.5400","415.6555","-15.82731426","-47.97070447","25.2500","3.9280","0.0000","0.0000","2048.5259"
"126.000","50.5517","12","0.1057","-0.0150","-0.5533","-174.3253","4.2482","1072.1749","450.0000","0.5760","189.3854","-15.82732059","-47.97070532","25.2500","3.9280","0.0000","0.0000","2049.2231"
"126.050","50.4420","12","0.1178","0.0045","-0.5521","-174.3046","4.7338","1072.1769","450.0000","0.5760","169.5918","-15.82732688","-47.97070594","25.2500","3.9280","0.0000","0.0000","2049.9216"
"126.100","50.1409","12","0.1150","-0.0057","-0.5765","-174.3927","4.6215","1072.1685","450.0000","0.5760","172.6736","-15.82733299","-47.97070652","25.2500","3.9280","0.0000","0.0000","2050.6235"
"126.150","50.0783","12","0.1773","0.0014","-0.5376","-174.2378","7.1279","1072.1644","450.0000","0.5418","111.8175","-15.82733926","-47.97070721","25.2500","3.9280","0.0000","0.0000","2051.3257"
"126.200","50.2817","12","0.2532","0.0252","-0.5326","-173.6818","10.1777","1072.1696","450.0000","0.5400","78.6287","-15.82734559","-47.97070800","25.2500","3.9280","0.0000","0.0000","2052.0239"
"126.250","50.1628","13","0.2684","0.0034","-0.5106","-172.9939","10.7799","1072.1930","450.0000","0.5400","74.0606","-15.82735182","-47.97070902","25.2500","3.9280","0.0000","0.0000","2052.7178"
"126.300","50.3994","13","0.2965","-0.0261","-0.4545","-171.8512","11.9091","1072.2253","450.0000","0.5148","67.3544","-15.82735816","-47.97071028","25.2500","3.9280","0.0000","0.0000","2053.4097"
"126.350","50.6495","11","0.3851","-0.0439","-0.3775","-170.8747","15.4799","1072.2836","450.0000","0.4698","52.0747","-15.82736440","-47.97071147","25.2500","3.9270","0.0000","0.0000","2054.0947"
"126.400","50.5644","12","0.4768","-0.0617","-0.3619","-170.6186","19.2030","1072.3201","450.0000","0.4608","41.9079","-15.82737061","-47.97071254","25.2500","3.9260","0.0000","0.0000","2054.7776"
"126.450","50.0494","12","0.5099","-0.0687","-0.3493","-169.8933","20.5833","1072.3475","450.0000","0.4320","38.6994","-15.82737665","-47.97071376","25.2500","3.9260","0.0000","0.0000","2055.4697"
"126.500","49.8925","12","0.5165","-0.0448","-0.4080","-168.3280","20.9009","1072.3291","450.0000","0.4320","37.9919","-15.82738267","-47.97071526","25.2500","3.9260","0.0000","0.0000","2056.1646"
"126.550","49.9516","12","0.4528","-0.0207","-0.4313","-167.4184","18.3548","1072.3148","450.0000","0.4320","43.3132","-15.82738875","-47.97071670","25.2508","3.9260","0.0000","0.0000","2056.8589"
"126.600","48.9056","12","0.4267","-0.0689","-0.3301","-167.4615","17.3173","1072.4165","450.0000","0.4680","44.9469","-15.82739450","-47.97071796","25.2516","3.9260","0.0000","0.0000","2057.5537"
"126.650","49.3608","12","0.4841","-0.0590","-0.3199","-165.2843","19.6969","1072.4271","450.0000","0.5490","39.8846","-15.82740054","-47.97071976","25.2523","3.9250","0.0000","0.0000","2058.2488"
"126.700","50.0882","12","0.4738","-0.0087","-0.3914","-163.8128","19.3163","1072.3889","450.0000","0.6228","41.2697","-15.82740662","-47.97072176","25.2531","3.9240","0.0000","0.0000","2058.9417"
"126.750","49.9733","12","0.3810","0.0369","-0.2919","-163.5863","15.5388","1072.4397","450.0000","0.5778","51.1846","-15.82741266","-47.97072358","25.2539","3.9240","0.0000","0.0000","2059.6379"
"126.800","49.9558","11","0.3440","0.0988","-0.1419","-164.1296","14.0080","1072.5704","450.0000","0.5688","56.7586","-15.82741862","-47.97072522","25.2547","3.9240","0.0000","0.0000","2060.3423"
"126.850","50.1112","11","0.3461","0.1148","-0.1057","-162.8816","14.0418","1072.6035","450.0000","0.5400","56.7979","-15.82742464","-47.97072717","25.2555","3.9240","0.0000","0.0000","2061.0469"
"126.900","49.9350","12","0.3911","0.1188","-0.0869","-161.7516","15.8046","1072.6393","450.0000","0.5148","50.2855","-15.82743052","-47.97072932","25.2563","3.9240","0.0000","0.0000","2061.7485"
"126.950","49.8132","12","0.4049","0.0738","-0.0115","-160.2065","16.2945","1072.7030","450.0000","0.5382","48.6544","-15.82743623","-47.97073164","25.2570","3.9240","0.0000","0.0000","2062.4487"
"127.000","50.2745","12","0.4315","0.0383","-0.1129","-159.3614","17.3245","1072.6422","450.0000","0.5904","46.1857","-15.82744218","-47.97073404","25.2578","3.9240","0.0000","0.0000","2063.1472"
"127.050","50.9974","12","0.4695","-0.0135","0.0116","-160.0564","18.8331","1072.7401","450.0000","0.6480","43.0969","-15.82744837","-47.97073618","25.2586","3.9230","0.0000","0.0000","2063.8430"
"127.100","50.5533","12","0.5064","-0.0491","0.1414","-159.5894","20.3269","1072.8212","450.0000","0.6228","39.5820","-15.82745419","-47.97073849","25.2594","3.9220","0.0000","0.0000","2064.5361"
"127.150","50.5606","12","0.5864","0.0213","0.0752","-156.2609","23.5816","1072.8029","450.0000","0.6804","34.1239","-15.82745975","-47.97074149","25.2602","3.9220","0.0000","0.0000","2065.2341"
"127.200","50.3008","12","0.5061","0.0292","0.0523","-154.5326","20.3399","1072.7909","450.0000","0.6840","39.3593","-15.82746531","-47.97074445","25.2609","3.9220","0.0000","0.0000","2065.9395"
"127.250","50.2926","12","0.4345","-0.0389","0.0098","-154.3183","17.4536","1072.7643","450.0000","0.6678","45.8605","-15.82747102","-47.97074727","25.2617","3.9220","0.0000","0.0000","2066.6450"
"127.300","49.9014","12","0.4234","-0.0089","0.1164","-154.8710","17.0330","1072.8434","450.0000","0.6480","46.6275","-15.82747664","-47.97074995","25.2625","3.9220","0.0000","0.0000","2067.3491"
"127.350","49.7023","12","0.4360","0.0418","0.1633","-153.6917","17.5444","1072.8899","450.0000","0.6138","45.0877","-15.82748207","-47.97075301","25.2633","3.9220","0.0000","0.0000","2068.0581"
"127.400","50.6583","12","0.4402","0.0594","0.0971","-151.9467","17.6859","1072.8711","448.0000","0.6552","45.5873","-15.82748765","-47.97075627","25.2641","3.9220","0.0000","0.0000","2068.7771"
"127.450","50.9374","12","0.4480","0.0651","0.0969","-151.6221","17.9692","1072.8860","440.0000","0.6516","45.1157","-15.82749329","-47.97075950","25.2648","3.9230","0.0000","0.0000","2069.4956"
"127.500","50.6959","12","0.4331","0.1511","0.1386","-151.5642","17.3284","1072.9119","440.0000","0.5868","46.5624","-15.82749877","-47.97076264","25.2656","3.9240","0.0000","0.0000","2070.2083"
"127.550","50.5750","11","0.3884","0.1918","0.2051","-150.3258","15.4558","1072.9664","440.0000","0.5418","52.0792","-15.82750421","-47.97076598","25.2687","3.9230","0.0000","0.0000","2070.9209"
"127.600","51.2816","11","0.4652","0.1111","0.2274","-148.4269","18.3986","1073.0046","440.0000","0.5544","44.3606","-15.82750947","-47.97076965","25.2719","3.9220","0.0000","0.0000","2071.6348"
"127.650","52.1551","11","0.5921","0.0905","0.2295","-147.1865","23.3323","1073.0220","440.0000","0.5958","35.5762","-15.82751502","-47.97077354","25.2750","3.9220","0.0000","0.0000","2072.3435"
"127.700","51.3731","11","0.5868","0.0182","0.3499","-147.2932","23.0611","1073.1003","440.0000","0.6012","35.4549","-15.82752027","-47.97077713","25.2781","3.9220","0.0000","0.0000","2073.0415"
"127.750","51.2595","11","0.4975","-0.0599","0.4073","-145.7353","19.5433","1073.1478","440.0000","0.6120","41.7443","-15.82752528","-47.97078092","25.2812","3.9220","0.0000","0.0000","2073.7358"
"127.800","51.3436","11","0.4250","-0.0976","0.3999","-144.1585","16.7346","1073.1528","440.0000","0.5688","48.8304","-15.82753035","-47.97078507","25.2844","3.9220","0.0000","0.0000","2074.4329"
"127.850","51.4420","11","0.3897","-0.1072","0.4602","-143.8827","15.4038","1073.2053","440.0000","0.5238","53.1507","-15.82753554","-47.97078903","25.2875","3.9230","0.0000","0.0000","2075.1318"
"127.900","50.7842","11","0.3711","-0.0837","0.6124","-143.2624","14.7184","1073.3098","440.0000","0.5544","54.9147","-15.82754041","-47.97079302","25.2906","3.9240","0.0000","0.0000","2075.8311"
"127.950","49.6615","11","0.2646","-0.1255","0.6622","-142.9842","10.5264","1073.3461","440.0000","0.5418","75.0861","-15.82754507","-47.97079685","25.2938","3.9240","0.0000","0.0000","2076.5264"
"128.000","50.1031","11","0.1725","-0.1660","0.6939","-142.4856","6.8931","1073.3817","440.0000","0.4968","115.6824","-15.82755011","-47.97080095","25.2969","3.9240","0.0000","0.0000","2077.2148"
"128.050","50.2647","11","0.1725","-0.1364","0.7972","-141.9633","6.9335","1073.4590","440.0000","0.4518","115.3800","-15.82755496","-47.97080506","25.3000","3.9240","0.0000","0.0000","2077.8999"
"128.100","50.3901","11","0.1746","-0.0670","0.8306","-141.6143","7.0525","1073.4917","440.0000","0.4320","113.7166","-15.82755992","-47.97080913","25.3031","3.9240","0.0000","0.0000","2078.5864"
"128.150","50.3615","11","0.1553","-0.0229","0.8574","-141.5136","6.2871","1073.5089","440.0000","0.3978","127.4867","-15.82756484","-47.97081324","25.3062","3.9240","0.0000","0.0000","2079.2734"
"128.200","49.8804","11","0.1079","-0.0927","0.8550","-141.2399","4.3740","1073.5364","440.0000","0.4320","181.4989","-15.82756955","-47.97081720","25.3094","3.9240","0.0000","0.0000","2079.9592"
"128.250","49.3241","11","0.1629","-0.0836","0.8670","-140.5945","6.6282","1073.5531","440.0000","0.4320","118.4361","-15.82757408","-47.97082125","25.3125","3.9240","0.0000","0.0000","2080.6426"
"128.300","49.3387","11","0.2117","-0.0436","0.9206","-140.3764","8.6346","1073.5909","440.0000","0.4068","90.9419","-15.82757883","-47.97082540","25.3156","3.9240","0.0000","0.0000","2081.3247"
"128.350","49.5480","11","0.2103","-0.0363","0.9302","-140.3091","8.5912","1073.6097","440.0000","0.4302","91.7895","-15.82758356","-47.97082965","25.3188","3.9240","0.0000","0.0000","2082.0076"
"128.400","49.4166","11","0.2269","-0.0578","0.9205","-139.5067","9.2792","1073.6230","440.0000","0.4320","84.7578","-15.82758820","-47.97083379","25.3219","3.9240","0.0000","0.0000","2082.6929"
"128.450","49.3091","11","0.2351","-0.0771","0.9638","-138.8260","9.6364","1073.6523","440.0000","0.4320","81.4388","-15.82759270","-47.97083806","25.3250","3.9240","0.0000","0.0000","2083.3789"
"128.500","49.1574","11","0.2620","-0.0175","1.0388","-138.3683","10.7701","1073.7023","440.0000","0.4320","72.6421","-15.82759722","-47.97084236","25.3281","3.9240","0.0000","0.0000","2084.0627"
"128.550","49.0178","11","0.2971","0.0069","1.0651","-137.8208","12.2202","1073.7178","440.0000","0.3978","63.8406","-15.82760170","-47.97084665","25.3281","3.9240","0.0000","0.0000","2084.7444"
"128.600","49.2586","11","0.3167","0.0117","1.0620","-137.3389","13.0242","1073.7233","440.0000","0.3960","60.1935","-15.82760633","-47.97085101","25.3281","3.9240","0.0000","0.0000","2085.4265"
"128.650","49.4186","12","0.3230","0.0137","1.0474","-136.5243","13.2775","1073.7354","440.0000","0.3960","59.2373","-15.82761076","-47.97085542","25.3281","3.9250","0.0000","0.0000","2086.1099"
"128.700","49.3891","12","0.3429","-0.0017","1.0777","-135.8172","14.0888","1073.7604","440.0000","0.3960","55.7927","-15.82761516","-47.97085994","25.3281","3.9260","0.0000","0.0000","2086.7944"
"128.750","49.0922","12","0.3800","-0.0223","1.1117","-135.4185","15.6154","1073.7942","440.0000","0.3960","50.0355","-15.82761944","-47.97086438","25.3281","3.9260","0.0000","0.0000","2087.4800"
"128.800","49.0500","12","0.3668","0.0101","1.1479","-134.6342","15.0822","1073.8240","440.0000","0.3960","51.7599","-15.82762367","-47.97086903","25.3281","3.9260","0.0000","0.0000","2088.1653"
"128.850","49.1532","12","0.3383","0.0206","1.1774","-133.2840","13.9056","1073.8417","440.0000","0.3960","56.2578","-15.82762778","-47.97087369","25.3281","3.9260","0.0000","0.0000","2088.8486"
"128.900","49.2440","12","0.3372","0.0013","1.2158","-132.7240","13.8516","1073.8652","440.0000","0.3960","56.5814","-15.82763188","-47.97087849","25.3281","3.9260","0.0000","0.0000","2089.5317"
"128.950","49.3143","12","0.3300","-0.0021","1.2134","-132.3334","13.5574","1073.8802","440.0000","0.3960","57.8918","-15.82763604","-47.97088321","25.3281","3.9260","0.0000","0.0000","2090.2148"
"129.000","49.3834","12","0.3021","-0.0042","1.1994","-131.6897","12.4141","1073.8932","438.0000","0.3960","63.3120","-15.82764001","-47.97088811","25.3281","3.9260","0.0000","0.0000","2090.8977"
"129.050","49.2958","12","0.2681","-0.0019","1.2154","-131.0905","11.0168","1073.9030","430.0000","0.3798","71.2156","-15.82764402","-47.97089293","25.3281","3.9260","0.0000","0.0000","2091.5820"
"129.100","49.1442","13","0.2242","0.0092","1.2161","-130.5821","9.2141","1073.9022","430.0000","0.3600","84.8868","-15.82764799","-47.97089774","25.3281","3.9260","0.0000","0.0000","2092.2673"
"129.150","49.1709","13","0.1978","0.0089","1.2235","-130.3233","8.1288","1073.9158","430.0000","0.3600","96.2729","-15.82765192","-47.97090258","25.3281","3.9260","0.0000","0.0000","2092.9517"
"129.200","49.2510","13","0.1567","-0.0017","1.2165","-130.1376","6.4350","1073.9319","430.0000","0.3600","121.8117","-15.82765587","-47.97090749","25.3281","3.9260","0.0000","0.0000","2093.6353"
"129.250","49.1297","13","0.1246","-0.0101","1.2310","-129.4886","5.1190","1073.9475","430.0000","0.3600","152.7500","-15.82765978","-47.97091239","25.3281","3.9260","0.0000","0.0000","2094.3208"
"129.300","49.3379","13","0.1210","-0.0060","1.2170","-129.0598","4.9709","1073.9506","430.0000","0.3600","157.9678","-15.82766365","-47.97091740","25.3281","3.9260","0.0000","0.0000","2095.0078"
"129.350","49.4252","13","0.1496","0.0195","1.2336","-128.8844","6.1502","1073.9691","430.0000","0.3600","127.9022","-15.82766756","-47.97092241","25.3281","3.9250","0.0000","0.0000","2095.6953"
"129.400","49.1565","13","0.1458","0.0216","1.2727","-129.0224","5.9905","1074.0121","430.0000","0.3600","130.5990","-15.82767143","-47.97092733","25.3281","3.9240","0.0000","0.0000","2096.3828"
"129.450","49.2659","13","0.1419","0.0296","1.2757","-128.7140","5.8244","1074.0321","430.0000","0.3600","134.6224","-15.82767525","-47.97093234","25.3281","3.9240","0.0000","0.0000","2097.0706"
"129.500","49.4139","13","0.1635","0.0397","1.2810","-128.3096","6.7039","1074.0541","430.0000","0.3600","117.3118","-15.82767913","-47.97093734","25.3281","3.9240","0.0000","0.0000","2097.7595"
"129.550","49.4625","13","0.1769","0.0222","1.3084","-127.7902","7.2425","1074.0947","430.0000","0.3600","108.6938","-15.82768293","-47.97094240","25.3297","3.9240","0.0000","0.0000","2098.4487"
"129.600","49.5363","13","0.1883","0.0168","1.3842","-127.4383","7.7061","1074.1383","430.0000","0.3600","102.3085","-15.82768666","-47.97094748","25.3312","3.9240","0.0000","0.0000","2099.1377"
"129.650","49.4936","13","0.1964","0.0253","1.4064","-126.8247","8.0287","1074.1646","430.0000","0.3600","98.1124","-15.82769027","-47.97095264","25.3328","3.9240","0.0000","0.0000","2099.8257"
"129.700","49.5523","13","0.1981","0.0268","1.3859","-126.4810","8.0918","1074.1775","430.0000","0.3600","97.4630","-15.82769399","-47.97095786","25.3344","3.9240","0.0000","0.0000","2100.5139"
"129.750","49.6808","13","0.2187","0.0112","1.3592","-125.9087","8.9249","1074.1844","430.0000","0.3600","88.5943","-15.82769764","-47.97096311","25.3359","3.9240","0.0000","0.0000","2101.2031"
"129.800","49.5468","13","0.2088","0.0126","1.3610","-125.8934","8.5205","1074.2067","430.0000","0.3600","92.5488","-15.82770124","-47.97096823","25.3375","3.9240","0.0000","0.0000","2101.8909"
"129.850","49.6415","13","0.1943","-0.0093","1.3717","-125.4985","7.9237","1074.2307","430.0000","0.3600","99.7100","-15.82770485","-47.97097347","25.3391","3.9240","0.0000","0.0000","2102.5771"
"129.900","49.4783","13","0.1829","-0.0224","1.4109","-125.0193","7.4632","1074.2572","430.0000","0.3600","105.5136","-15.82770837","-47.97097876","25.3406","3.9240","0.0000","0.0000","2103.2639"
"129.950","49.5772","13","0.2000","-0.0114","1.4103","-124.4440","8.1658","1074.2798","430.0000","0.3600","96.6280","-15.82771187","-47.97098403","25.3422","3.9240","0.0000","0.0000","2103.9521"
"130.000","49.6773","12","0.2329","-0.0008","1.3845","-124.0796","9.5145","1074.2925","430.0000","0.3600","83.0985","-15.82771534","-47.97098934","25.3438","3.9240","0.0000","0.0000","2104.6423"
"130.050","49.4275","12","0.2572","-0.0110","1.3893","-123.6751","10.5086","1074.3152","430.0000","0.3600","74.8589","-15.82771868","-47.97099465","25.3453","3.9240","0.0000","0.0000","2105.3337"
"130.100","49.4095","12","0.2866","0.0020","1.4046","-123.0043","11.7132","1074.3442","430.0000","0.3600","67.1361","-15.82772201","-47.97100000","25.3469","3.9240","0.0000","0.0000","2106.0244"
"130.150","49.4407","12","0.3390","0.0265","1.4470","-122.2607","13.8560","1074.3676","430.0000","0.3600","56.7892","-15.82772527","-47.97100545","25.3484","3.9250","0.0000","0.0000","2106.7161"
"130.200","49.6309","12","0.3829","0.0431","1.4179","-121.5350","15.6356","1074.3826","430.0000","0.3600","50.5194","-15.82772850","-47.97101091","25.3500","3.9260","0.0000","0.0000","2107.4097"
"130.250","49.7712","12","0.4263","0.0421","1.3998","-120.7264","17.3785","1074.3995","430.0000","0.3600","45.5811","-15.82773162","-47.97101653","25.3516","3.9260","0.0000","0.0000","2108.1045"
"130.300","49.7868","12","0.4421","0.0305","1.4093","-119.8589","18.0004","1074.4233","430.0000","0.3600","44.0202","-15.82773467","-47.97102215","25.3531","3.9260","0.0000","0.0000","2108.7969"
"130.350","49.6202","12","0.4773","0.0375","1.4314","-118.7982","19.4146","1074.4388","430.0000","0.3600","40.6772","-15.82773750","-47.97102780","25.3547","3.9260","0.0000","0.0000","2109.4856"
"130.400","49.8816","12","0.4970","0.0159","1.4028","-117.8593","20.1950","1074.4574","430.0000","0.3600","39.3112","-15.82774037","-47.97103353","25.3563","3.9260","0.0000","0.0000","2110.1753"
"130.450","50.0101","12","0.5201","0.0212","1.3687","-116.7146","21.1216","1074.4600","430.0000","0.3600","37.6835","-15.82774309","-47.97103929","25.3578","3.9260","0.0000","0.0000","2110.8672"
"130.500","50.0951","13","0.5560","0.0108","1.3230","-115.3744","22.5659","1074.4644","430.0000","0.3852","35.3316","-15.82774566","-47.97104521","25.3594","3.9260","0.0000","0.0000","2111.5601"
"130.550","49.6028","12","0.5991","-0.0143","1.3966","-114.2827","24.3132","1074.4985","420.5000","0.3960","32.4702","-15.82774807","-47.97105111","25.3555","3.9270","0.0000","0.0000","2112.2537"
"130.600","49.5302","12","0.6506","-0.0147","1.4075","-113.2707","26.4206","1074.5173","420.0000","0.3960","29.8365","-15.82775039","-47.97105695","25.3516","3.9280","0.0000","0.0000","2112.9480"
"130.650","49.7319","12","0.6746","0.0000","1.3883","-112.1531","27.4151","1074.5432","420.0000","0.3960","28.8713","-15.82775266","-47.97106298","25.3477","3.9270","0.0000","0.0000","2113.6423"
"130.700","49.8808","12","0.6776","0.0277","1.3210","-110.6055","27.5410","1074.5403","420.0000","0.3960","28.8253","-15.82775472","-47.97106903","25.3438","3.9260","0.0000","0.0000","2114.3376"
"130.750","49.9096","12","0.6948","0.0299","1.2931","-108.9016","28.2156","1074.5500","420.0000","0.3960","28.1524","-15.82775651","-47.97107525","25.3398","3.9260","0.0000","0.0000","2115.0337"
"130.800","49.9263","13","0.7320","0.0347","1.3168","-107.2856","29.7009","1074.5658","420.0000","0.3960","26.7534","-15.82775818","-47.97108140","25.3359","3.9260","0.0000","0.0000","2115.7307"
"130.850","50.0184","13","0.7609","0.0363","1.3091","-105.4985","30.8441","1074.5830","420.0000","0.3960","25.8093","-15.82775962","-47.97108767","25.3320","3.9260","0.0000","0.0000","2116.4265"
"130.900","49.9937","12","0.7678","0.0566","1.3384","-104.3905","31.0935","1074.6110","420.0000","0.3960","25.5897","-15.82776106","-47.97109403","25.3281","3.9260","0.0000","0.0000","2117.1211"
"130.950","50.1092","12","0.7884","0.0410","1.3664","-102.9647","31.8725","1074.6339","420.0000","0.3960","25.0220","-15.82776233","-47.97110034","25.3242","3.9260","0.0000","0.0000","2117.8164"
"131.000","50.1410","12","0.7897","0.0242","1.4116","-101.6915","31.8895","1074.6646","420.0000","0.3960","25.0245","-15.82776341","-47.97110675","25.3203","3.9260","0.0000","0.0000","2118.5105"
"131.050","50.2007","12","0.7672","-0.0015","1.3846","-99.9581","30.9672","1074.6715","420.0000","0.3960","25.8005","-15.82776432","-47.97111313","25.3164","3.9260","0.0000","0.0000","2119.2031"
"131.100","50.0084","12","0.7372","-0.0119","1.3479","-97.8492","29.7693","1074.6763","420.0000","0.3960","26.7359","-15.82776501","-47.97111957","25.3125","3.9260","0.0000","0.0000","2119.8955"
"131.150","50.0005","12","0.7213","-0.0119","1.3342","-96.2543","29.1483","1074.6924","420.0000","0.3960","27.3012","-15.82776558","-47.97112599","25.3086","3.9260","0.0000","0.0000","2120.5886"
"131.200","50.1163","11","0.7415","-0.0116","1.3319","-95.0885","29.9859","1074.7053","420.0000","0.3960","26.6000","-15.82776593","-47.97113245","25.3047","3.9260","0.0000","0.0000","2121.2803"
"131.250","49.9076","11","0.7648","-0.0098","1.3371","-93.8285","30.9497","1074.7256","420.0000","0.3960","25.6643","-15.82776627","-47.97113891","25.3008","3.9260","0.0000","0.0000","2121.9688"
"131.300","49.8234","11","0.7332","-0.0079","1.3414","-92.2884","29.6855","1074.7369","420.0000","0.3960","26.7121","-15.82776634","-47.97114527","25.2969","3.9260","0.0000","0.0000","2122.6562"
"131.350","49.8288","11","0.6874","-0.0245","1.3272","-90.9235","27.8482","1074.7461","420.0000","0.3960","28.4776","-15.82776632","-47.97115175","25.2930","3.9260","0.0000","0.0000","2123.3418"
"131.400","49.9807","11","0.6238","-0.0624","1.3927","-89.6900","25.3031","1074.7863","420.0000","0.3960","31.4375","-15.82776616","-47.97115823","25.2891","3.9260","0.0000","0.0000","2124.0232"
"131.450","49.6860","11","0.6743","-0.0694","1.4249","-87.9663","27.4226","1074.8141","420.0000","0.3960","28.8366","-15.82776569","-47.97116454","25.2852","3.9250","0.0000","0.0000","2124.6990"
"131.500","49.5037","12","0.6971","-0.0639","1.3847","-86.3817","28.4247","1074.8110","420.0000","0.3960","27.7181","-15.82776510","-47.97117081","25.2812","3.9240","0.0000","0.0000","2125.3740"
"131.550","49.5157","12","0.6945","-0.0577","1.3734","-85.3090","28.3881","1074.8125","420.0000","0.3960","27.7605","-15.82776448","-47.97117714","25.2828","3.9240","0.0000","0.0000","2126.0503"
"131.600","49.2875","12","0.6874","-0.0868","1.3663","-84.1365","28.1679","1074.8253","420.0000","0.3960","27.8485","-15.82776375","-47.97118341","25.2844","3.9240","0.0000","0.0000","2126.7231"
"131.650","48.8515","13","0.6510","-0.1144","1.3864","-83.0667","26.7700","1074.8478","420.0000","0.3798","29.0436","-15.82776290","-47.97118960","25.2859","3.9240","0.0000","0.0000","2127.3862"
"131.700","48.5372","13","0.6456","-0.1235","1.4385","-81.2942","26.6623","1074.8783","420.0000","0.3600","28.9733","-15.82776175","-47.97119564","25.2875","3.9240","0.0000","0.0000","2128.0435"
"131.750","48.6679","13","0.6584","-0.1462","1.3818","-79.0140","27.3213","1074.8818","420.0000","0.3600","28.3505","-15.82776030","-47.97120177","25.2891","3.9230","0.0000","0.0000","2128.6992"
"131.800","48.7387","12","0.6603","-0.1452","1.3044","-77.6991","27.5495","1074.8772","420.0000","0.3600","28.1566","-15.82775897","-47.97120786","25.2906","3.9220","0.0000","0.0000","2129.3560"
"131.850","48.1971","13","0.6554","-0.1429","1.2845","-77.3733","27.5005","1074.8846","420.0000","0.3600","27.8933","-15.82775760","-47.97121386","25.2922","3.9220","0.0000","0.0000","2130.0098"
"131.900","47.4737","13","0.6480","-0.1323","1.3568","-76.9742","27.3346","1074.9175","420.0000","0.3600","27.6414","-15.82775619","-47.97121972","25.2938","3.9220","0.0000","0.0000","2130.6587"
"131.950","47.1636","13","0.6819","-0.1414","1.4179","-74.3310","28.9142","1074.9471","420.0000","0.3942","25.9607","-15.82775432","-47.97122546","25.2953","3.9230","0.0000","0.0000","2131.3052"
"132.000","47.2031","13","0.6766","-0.1358","1.4077","-72.5402","28.8469","1074.9576","420.0000","0.4032","26.0431","-15.82775240","-47.97123121","25.2969","3.9240","0.0000","0.0000","2131.9512"
"132.050","47.3332","13","0.6590","-0.1181","1.3769","-70.8422","28.2428","1074.9633","420.0000","0.4158","26.6734","-15.82775035","-47.97123696","25.2984","3.9240","0.0000","0.0000","2132.5957"
"132.100","46.8887","13","0.6505","-0.1062","1.3897","-70.0403","28.0105","1074.9807","420.0000","0.3708","26.6420","-15.82774819","-47.97124266","25.3000","3.9240","0.0000","0.0000","2133.2390"
"132.150","46.5791","13","0.6450","-0.0939","1.4289","-68.8177","27.8895","1074.9930","420.0000","0.3600","26.5809","-15.82774596","-47.97124819","25.3016","3.9240","0.0000","0.0000","2133.8823"
"132.200","46.5201","12","0.6666","-0.0619","1.4589","-67.3412","28.9282","1075.0265","420.0000","0.3600","25.5941","-15.82774357","-47.97125366","25.3031","3.9240","0.0000","0.0000","2134.5251"
"132.250","46.4965","12","0.6853","-0.0167","1.3814","-65.7113","29.8121","1075.0242","420.0000","0.3600","24.8227","-15.82774096","-47.97125902","25.3047","3.9240","0.0000","0.0000","2135.1665"
"132.300","46.3063","12","0.6435","-0.0097","1.3427","-64.2409","28.0143","1075.0205","420.0000","0.3600","26.3075","-15.82773837","-47.97126427","25.3062","3.9240","0.0000","0.0000","2135.8052"
"132.350","46.3565","12","0.6019","-0.0498","1.3047","-62.9138","26.2199","1075.0221","420.0000","0.3600","28.1384","-15.82773549","-47.97126945","25.3078","3.9240","0.0000","0.0000","2136.4434"
"132.400","46.3210","13","0.5895","-0.0790","1.3078","-61.7679","25.7409","1075.0465","420.0000","0.3600","28.6401","-15.82773258","-47.97127471","25.3094","3.9240","0.0000","0.0000","2137.0806"
"132.450","46.2551","12","0.7042","-0.0453","1.3390","-60.2561","30.8452","1075.0742","420.0000","0.3762","23.8667","-15.82772953","-47.97127969","25.3109","3.9240","0.0000","0.0000","2137.7158"
"132.500","46.0916","11","0.7318","-0.0178","1.3820","-58.6380","32.1110","1075.0946","420.0000","0.3708","22.8448","-15.82772630","-47.97128467","25.3125","3.9240","0.0000","0.0000","2138.3496"
"132.550","45.9219","11","0.7231","-0.0096","1.3795","-57.1547","31.7604","1075.1051","420.0000","0.3600","23.0120","-15.82772298","-47.97128940","25.3102","3.9250","0.0000","0.0000","2138.9824"
"132.600","45.9389","11","0.6833","-0.0490","1.3429","-55.2848","30.0375","1075.1184","420.0000","0.3600","24.3409","-15.82771944","-47.97129408","25.3078","3.9260","0.0000","0.0000","2139.6143"
"132.650","45.8437","11","0.7062","-0.0702","1.3279","-53.8431","31.1205","1075.1196","420.0000","0.3762","23.4452","-15.82771587","-47.97129875","25.3055","3.9260","0.0000","0.0000","2140.2434"
"132.700","45.6931","11","0.7489","-0.0507","1.3144","-52.1488","33.0993","1075.1207","420.0000","0.3960","21.9712","-15.82771216","-47.97130316","25.3031","3.9260","0.0000","0.0000","2140.8706"
"132.750","45.5437","12","0.7688","-0.0453","1.2948","-50.4507","34.0549","1075.1359","420.0000","0.3960","21.2848","-15.82770846","-47.97130756","25.3008","3.9260","0.0000","0.0000","2141.4978"
"132.800","45.5628","12","0.7601","-0.0468","1.3066","-48.8587","33.7408","1075.1443","420.0000","0.3960","21.4919","-15.82770453","-47.97131172","25.2984","3.9260","0.0000","0.0000","2142.1250"
"132.850","45.4545","12","0.7522","-0.0525","1.3059","-47.4997","33.4612","1075.1592","420.0000","0.3798","21.6200","-15.82770047","-47.97131593","25.2961","3.9260","0.0000","0.0000","2142.7502"
"132.900","45.1908","12","0.7275","-0.0542","1.2670","-46.0982","32.4395","1075.1526","413.0000","0.3600","22.1716","-15.82769655","-47.97131997","25.2938","3.9260","0.0000","0.0000","2143.3726"
"132.950","45.1365","12","0.7085","-0.0517","1.2335","-43.9645","31.6684","1075.1525","410.0000","0.3600","22.6841","-15.82769238","-47.97132386","25.2914","3.9260","0.0000","0.0000","2143.9937"
"133.000","45.1539","12","0.6717","-0.0511","1.2541","-41.9594","30.0931","1075.1617","410.0000","0.3960","23.8807","-15.82768798","-47.97132745","25.2891","3.9260","0.0000","0.0000","2144.6152"
"133.050","45.1577","12","0.6292","-0.0443","1.2322","-40.6207","28.2518","1075.1631","410.0000","0.3960","25.4393","-15.82768352","-47.97133116","25.2867","3.9260","0.0000","0.0000","2145.2383"
"133.100","44.9648","12","0.5999","-0.0195","1.2399","-39.8228","26.9909","1075.1716","410.0000","0.3960","26.5141","-15.82767914","-47.97133484","25.2844","3.9260","0.0000","0.0000","2145.8613"
"133.150","44.6190","12","0.5675","-0.0225","1.2658","-38.4185","25.5557","1075.1926","410.0000","0.3960","27.7877","-15.82767463","-47.97133827","25.2820","3.9260","0.0000","0.0000","2146.4846"
"133.200","44.7732","12","0.5601","-0.0168","1.2434","-37.1745","25.2466","1075.2046","410.0000","0.4104","28.2251","-15.82767012","-47.97134165","25.2797","3.9260","0.0000","0.0000","2147.1084"
"133.250","44.7681","12","0.5337","-0.0141","1.2789","-36.1387","24.0806","1075.2267","410.0000","0.5004","29.5884","-15.82766544","-47.97134496","25.2773","3.9260","0.0000","0.0000","2147.7310"
"133.300","44.9063","12","0.5095","-0.0014","1.3190","-35.1876","23.0031","1075.2517","410.0000","0.5904","31.0700","-15.82766075","-47.97134822","25.2750","3.9260","0.0000","0.0000","2148.3525"
"133.350","44.8081","12","0.5088","-0.0020","1.3781","-33.7334","22.9784","1075.2896","410.0000","0.6804","31.0353","-15.82765589","-47.97135125","25.2727","3.9260","0.0000","0.0000","2148.9756"
"133.400","44.8985","12","0.5182","-0.0005","1.3793","-32.3820","23.4090","1075.3097","410.0000","0.6768","30.5259","-15.82765103","-47.97135421","25.2703","3.9260","0.0000","0.0000","2149.5999"
"133.450","44.9242","12","0.5596","0.0173","1.3967","-30.9113","25.2806","1075.3220","410.0000","0.6318","28.2822","-15.82764610","-47.97135708","25.2680","3.9250","0.0000","0.0000","2150.2249"
"133.500","44.7228","12","0.5702","0.0353","1.4259","-29.7009","25.7464","1075.3391","410.0000","0.5616","27.6460","-15.82764114","-47.97135989","25.2656","3.9240","0.0000","0.0000","2150.8496"
"133.550","44.7909","12","0.5569","0.0405","1.3703","-28.7148","25.1127","1075.3490","410.0000","0.5058","28.3869","-15.82763621","-47.97136252","25.2625","3.9240","0.0000","0.0000","2151.4741"
"133.600","44.9176","12","0.5286","0.0166","1.3476","-27.6913","23.8052","1075.3499","410.0000","0.4608","30.0306","-15.82763107","-47.97136508","25.2594","3.9240","0.0000","0.0000","2152.0989"
"133.650","44.9786","12","0.5474","-0.0022","1.3047","-26.3451","24.6425","1075.3517","410.0000","0.4158","29.0498","-15.82762598","-47.97136759","25.2563","3.9240","0.0000","0.0000","2152.7234"
"133.700","44.9962","12","0.5480","0.0072","1.2694","-24.8621","24.6775","1075.3529","410.0000","0.3960","29.0198","-15.82762074","-47.97136985","25.2531","3.9240","0.0000","0.0000","2153.3462"
"133.750","44.9553","12","0.5343","0.0088","1.2582","-23.8946","24.0589","1075.3616","410.0000","0.3960","29.7389","-15.82761562","-47.97137213","25.2500","3.9230","0.0000","0.0000","2153.9683"
"133.800","44.9880","11","0.4995","0.0052","1.2729","-22.8093","22.4859","1075.3730","410.0000","0.4032","31.8426","-15.82761033","-47.97137421","25.2469","3.9220","0.0000","0.0000","2154.5920"
"133.850","44.9771","11","0.5159","-0.0016","1.2568","-21.5102","23.2255","1075.3817","410.0000","0.4320","30.8210","-15.82760506","-47.97137624","25.2437","3.9220","0.0000","0.0000","2155.2173"
"133.900","44.9652","11","0.5131","-0.0059","1.2807","-20.2469","23.1057","1075.3956","410.0000","0.4320","30.9725","-15.82759969","-47.97137808","25.2406","3.9220","0.0000","0.0000","2155.8411"
"133.950","44.7507","11","0.5206","0.0118","1.2587","-19.0242","23.4539","1075.4089","410.0000","0.4320","30.3672","-15.82759437","-47.97137982","25.2375","3.9230","0.0000","0.0000","2156.4648"
"134.000","44.7824","11","0.5136","0.0082","1.2583","-17.9820","23.1287","1075.4087","410.0000","0.4320","30.8159","-15.82758900","-47.97138160","25.2344","3.9240","0.0000","0.0000","2157.0906"
"134.050","44.9898","11","0.4765","-0.0066","1.2292","-17.0426","21.4569","1075.4146","410.0000","0.4320","33.3709","-15.82758362","-47.97138317","25.2313","3.9240","0.0000","0.0000","2157.7168"
"134.100","45.0286","11","0.4382","-0.0005","1.2166","-16.2130","19.7422","1075.4204","410.0000","0.4068","36.3006","-15.82757808","-47.97138469","25.2281","3.9240","0.0000","0.0000","2158.3416"
"134.150","44.7733","11","0.4134","0.0077","1.2420","-15.2027","18.6274","1075.4413","410.0000","0.3960","38.2550","-15.82757269","-47.97138611","25.2250","3.9250","0.0000","0.0000","2158.9641"
"134.200","44.9715","11","0.3990","0.0227","1.1519","-13.9298","17.9716","1075.4348","410.0000","0.3960","39.8265","-15.82756718","-47.97138740","25.2219","3.9260","0.0000","0.0000","2159.5879"
"134.250","45.1098","11","0.3665","0.0159","1.1144","-13.0267","16.4948","1075.4349","410.0000","0.3960","43.5254","-15.82756159","-47.97138856","25.2188","3.9260","0.0000","0.0000","2160.2163"
"134.300","45.0661","11","0.3288","0.0147","1.1089","-12.3863","14.7884","1075.4475","410.0000","0.3960","48.5007","-15.82755604","-47.97138974","25.2156","3.9260","0.0000","0.0000","2160.8452"
"134.350","45.0212","11","0.3060","0.0149","1.0906","-11.8110","13.7578","1075.4504","410.0000","0.3960","52.0822","-15.82755051","-47.97139081","25.2125","3.9260","0.0000","0.0000","2161.4722"
"134.400","44.6328","11","0.2806","0.0125","1.0901","-11.5014","12.6067","1075.4491","410.0000","0.3960","56.3471","-15.82754507","-47.97139197","25.2094","3.9260","0.0000","0.0000","2162.0991"
"134.450","45.1041","11","0.2511","0.0067","1.0492","-10.8702","11.2789","1075.4567","410.0000","0.3960","63.6458","-15.82753938","-47.97139306","25.2062","3.9260","0.0000","0.0000","2162.7275"
"134.500","45.3470","11","0.2299","0.0311","1.0078","-10.0352","10.3228","1075.4507","410.0000","0.3960","69.9150","-15.82753371","-47.97139397","25.2031","3.9260","0.0000","0.0000","2163.3579"
"134.550","45.2058","11","0.2171","0.0392","0.9951","-9.3011","9.7358","1075.4539","410.0000","0.3960","73.8996","-15.82752806","-47.97139492","25.2086","3.9260","0.0000","0.0000","2163.9890"
"134.600","45.0982","11","0.2218","0.0301","1.0055","-9.0062","9.9309","1075.4769","410.0000","0.3960","72.2758","-15.82752256","-47.97139575","25.2141","3.9260","0.0000","0.0000","2164.6206"
"134.650","45.1473","11","0.2444","0.0110","0.9814","-8.7882","10.9320","1075.4852","410.0000","0.4122","65.7285","-15.82751690","-47.97139663","25.2195","3.9260","0.0000","0.0000","2165.2515"
"134.700","45.3006","11","0.2629","0.0261","0.9621","-8.2420","11.7565","1075.4878","410.0000","0.4320","61.3262","-15.82751126","-47.97139745","25.2250","3.9260","0.0000","0.0000","2165.8811"
"134.750","45.4767","11","0.2835","0.0441","0.9103","-7.3641","12.6629","1075.4828","410.0000","0.3978","57.1580","-15.82750564","-47.97139809","25.2305","3.9260","0.0000","0.0000","2166.5137"
"134.800","45.4256","11","0.2745","0.0302","0.8824","-6.8782","12.2434","1075.4901","410.0000","0.3960","59.0500","-15.82749987","-47.97139868","25.2359","3.9260","0.0000","0.0000","2167.1492"
"134.850","45.5091","11","0.2552","0.0349","0.9271","-6.1562","11.3672","1075.5135","410.0000","0.3960","63.7186","-15.82749414","-47.97139927","25.2414","3.9250","0.0000","0.0000","2167.7856"
"134.900","45.3306","12","0.2013","0.0132","0.9585","-5.5754","8.9562","1075.5385","410.0000","0.4212","80.5541","-15.82748843","-47.97139975","25.2469","3.9240","0.0000","0.0000","2168.4209"
"134.950","45.2682","12","0.1848","0.0403","0.9684","-5.1379","8.2200","1075.5519","410.0000","0.4320","87.6479","-15.82748282","-47.97140030","25.2523","3.9240","0.0000","0.0000","2169.0537"
"135.000","45.7116","12","0.1605","0.0348","0.9151","-4.8333","7.1265","1075.5497","410.0000","0.4320","102.0863","-15.82747709","-47.97140078","25.2578","3.9240","0.0000","0.0000","2169.6860"
"135.050","45.8242","12","0.1281","0.0116","0.8680","-4.5671","5.6809","1075.5465","410.0000","0.4320","128.3793","-15.82747134","-47.97140117","25.2633","3.9250","0.0000","0.0000","2170.3193"
"135.100","45.8342","12","0.0761","-0.0011","0.8618","-4.5998","3.3744","1075.5535","410.0000","0.4320","216.1811","-15.82746557","-47.97140166","25.2687","3.9260","0.0000","0.0000","2170.9556"
"135.150","45.6783","12","0.0156","0.0150","0.8495","-4.2288","0.6911","1075.5610","410.0000","0.4320","1051.9637","-15.82745980","-47.97140208","25.2742","3.9250","0.0000","0.0000","2171.5930"
"135.200","45.4860","12","-0.0023","0.0241","0.8764","-4.9797","-0.0998","1075.5894","410.0000","0.4320","7254.3306","-15.82745416","-47.97140270","25.2797","3.9240","0.0000","0.0000","2172.2300"
"135.250","45.5237","12","0.0014","0.0354","0.8327","-4.5964","0.0616","1075.5768","410.0000","0.4320","10000.0000","-15.82744848","-47.97140314","25.2852","3.9240","0.0000","0.0000","2172.8672"
"135.300","45.6614","12","-0.0009","0.0161","0.8227","-4.2115","-0.0408","1075.5892","410.0000","0.4320","10000.0000","-15.82744275","-47.97140351","25.2906","3.9240","0.0000","0.0000","2173.5039"
"135.350","45.9743","12","-0.0019","-0.0056","0.8135","-3.9587","-0.0857","1075.5901","410.0000","0.4320","8537.8818","-15.82743691","-47.97140398","25.2961","3.9240","0.0000","0.0000","2174.1387"
"135.400","45.8521","12","0.0052","-0.0369","0.8118","-4.5968","0.2314","1075.6088","410.0000","0.4320","3153.0430","-15.82743118","-47.97140452","25.3016","3.9240","0.0000","0.0000","2174.7725"
"135.450","45.8493","12","-0.0087","-0.0094","0.7779","-4.5317","-0.3866","1075.5995","410.0000","0.4320","1887.2932","-15.82742542","-47.97140496","25.3070","3.9240","0.0000","0.0000","2175.4080"
"135.500","45.9638","12","-0.0211","0.0345","0.8062","-4.7113","-0.9323","1075.6174","410.0000","0.4068","784.6680","-15.82741967","-47.97140545","25.3125","3.9240","0.0000","0.0000","2176.0483"
"135.550","45.7631","12","-0.0295","0.0344","0.8041","-4.4394","-1.3038","1075.6323","410.0000","0.3960","558.6091","-15.82741397","-47.97140600","25.3094","3.9250","0.0000","0.0000","2176.6943"
"135.600","45.6099","12","-0.0443","0.0388","0.8088","-4.3493","-1.9575","1075.6328","410.0000","0.3960","370.8255","-15.82740824","-47.97140637","25.3062","3.9260","0.0000","0.0000","2177.3408"
"135.650","45.6269","12","-0.0609","0.0419","0.8062","-4.7464","-2.6835","1075.6582","410.0000","0.3960","270.6064","-15.82740258","-47.97140691","25.3031","3.9260","0.0000","0.0000","2177.9834"
"135.700","45.8027","12","-0.0796","0.0453","0.8295","-4.9765","-3.5017","1075.6815","410.0000","0.3960","208.1795","-15.82739681","-47.97140746","25.3000","3.9260","0.0000","0.0000","2178.6250"
"135.750","46.3353","12","-0.0376","0.0638","0.7750","-5.1703","-1.6499","1075.6648","410.0000","0.3960","446.9773","-15.82739089","-47.97140809","25.2969","3.9260","0.0000","0.0000","2179.2661"
"135.800","46.6577","12","-0.0128","0.0559","0.7024","-5.0738","-0.5614","1075.6327","410.0000","0.3960","1322.7358","-15.82738510","-47.97140870","25.2938","3.9260","0.0000","0.0000","2179.9041"
"135.850","46.4836","12","0.0002","0.0419","0.6224","-5.1990","0.0101","1075.6128","410.0000","0.4122","10000.0000","-15.82737932","-47.97140931","25.2906","3.9260","0.0000","0.0000","2180.5356"
"135.900","46.1642","12","-0.0005","-0.0026","0.6158","-5.1067","-0.0239","1075.6177","410.0000","0.4320","10000.0000","-15.82737356","-47.97140980","25.2875","3.9260","0.0000","0.0000","2181.1616"
"135.950","46.1856","12","0.0221","-0.0617","0.5893","-4.9940","0.9646","1075.6150","410.0000","0.4320","762.0317","-15.82736781","-47.97141029","25.2844","3.9260","0.0000","0.0000","2181.7817"
"136.000","46.1875","12","0.0283","-0.1143","0.5457","-5.0338","1.2396","1075.6124","410.0000","0.4320","592.9953","-15.82736197","-47.97141079","25.2812","3.9260","0.0000","0.0000","2182.3972"
"136.050","45.7377","12","0.0708","-0.1702","0.5879","-4.7541","3.1164","1075.6289","410.0000","0.4320","233.5864","-15.82735626","-47.97141121","25.2781","3.9250","0.0000","0.0000","2183.0068"
"136.100","45.3535","12","0.0763","-0.2158","0.5632","-4.5525","3.3794","1075.6318","410.0000","0.4320","213.5970","-15.82735061","-47.97141168","25.2750","3.9240","0.0000","0.0000","2183.6118"
"136.150","44.9129","12","0.0509","-0.2175","0.5181","-4.4756","2.2734","1075.6344","410.0000","0.3978","314.4194","-15.82734512","-47.97141207","25.2719","3.9240","0.0000","0.0000","2184.2129"
"136.200","44.4523","12","0.0243","-0.2213","0.5368","-4.5645","1.0950","1075.6381","410.0000","0.3960","646.1055","-15.82733957","-47.97141254","25.2687","3.9240","0.0000","0.0000","2184.8081"
"136.250","44.1457","12","0.0016","-0.2069","0.5314","-4.5262","0.0713","1075.6378","410.0000","0.3960","9856.8779","-15.82733402","-47.97141296","25.2656","3.9240","0.0000","0.0000","2185.3950"
"136.300","43.7673","12","-0.0176","-0.2242","0.4996","-4.5170","-0.8070","1075.6324","410.0000","0.3960","863.1349","-15.82732864","-47.97141350","25.2625","3.9240","0.0000","0.0000","2185.9736"
"136.350","43.3759","12","-0.0364","-0.2463","0.5402","-4.5230","-1.6816","1075.6611","410.0000","0.3960","410.5239","-15.82732317","-47.97141385","25.2594","3.9250","0.0000","0.0000","2186.5430"
"136.400","43.2282","12","-0.0277","-0.2600","0.5543","-4.2904","-1.2953","1075.6770","410.0000","0.4392","531.1543","-15.82731784","-47.97141428","25.2563","3.9260","0.0000","0.0000","2187.1052"
"136.450","42.6082","11","-0.0400","-0.2490","0.5319","-4.8817","-1.8866","1075.6682","410.0000","0.4680","359.4482","-15.82731258","-47.97141481","25.2531","3.9260","0.0000","0.0000","2187.6597"
"136.500","42.0925","11","-0.0386","-0.2637","0.5208","-5.0463","-1.8408","1075.6479","410.0000","0.4680","363.9356","-15.82730748","-47.97141531","25.2500","3.9260","0.0000","0.0000","2188.2061"
"136.550","41.3871","11","-0.0123","-0.2998","0.5085","-5.1324","-0.5947","1075.6451","410.0000","0.5022","1107.6981","-15.82730253","-47.97141580","25.2516","3.9260","0.0000","0.0000","2188.7419"
"136.600","40.6853","11","0.0068","-0.3574","0.5050","-4.8800","0.3313","1075.6569","410.0000","0.5040","1954.7543","-15.82729745","-47.97141627","25.2531","3.9260","0.0000","0.0000","2189.2673"
"136.650","40.2782","11","0.0312","-0.3834","0.4595","-4.5834","1.5508","1075.6484","410.0000","0.5040","413.3587","-15.82729251","-47.97141662","25.2547","3.9260","0.0000","0.0000","2189.7842"
"136.700","39.7219","11","0.0678","-0.3934","0.4403","-4.5277","3.4247","1075.6412","410.0000","0.5040","184.6003","-15.82728772","-47.97141701","25.2563","3.9260","0.0000","0.0000","2190.2954"
"136.750","39.2064","11","0.1110","-0.3676","0.4552","-4.2553","5.7028","1075.6421","410.0000","0.5040","109.4175","-15.82728290","-47.97141737","25.2578","3.9270","0.0000","0.0000","2190.8037"
"136.800","38.1678","11","0.1315","-0.3434","0.4616","-4.2913","6.8650","1075.6481","410.0000","0.5040","88.4861","-15.82727832","-47.97141777","25.2594","3.9280","0.0000","0.0000","2191.3130"
"136.850","37.5082","11","0.1553","-0.3095","0.4567","-3.7385","8.2401","1075.6465","410.0000","0.5040","72.4457","-15.82727386","-47.97141795","25.2609","3.9270","0.0000","0.0000","2191.8188"
"136.900","37.0729","12","0.1808","-0.2580","0.4000","-3.0116","9.7275","1075.6359","410.0000","0.4788","60.6565","-15.82726936","-47.97141806","25.2625","3.9260","0.0000","0.0000","2192.3213"
"136.950","36.5465","11","0.1640","-0.2251","0.4177","-2.6586","8.9285","1075.6410","410.0000","0.4338","65.1459","-15.82726486","-47.97141830","25.2641","3.9260","0.0000","0.0000","2192.8218"
"137.000","36.5816","12","0.1587","-0.1628","0.4409","-2.1151","8.7280","1075.6536","410.0000","0.4320","66.7063","-15.82726023","-47.97141833","25.2656","3.9260","0.0000","0.0000","2193.3220"
"137.050","36.6975","12","0.1822","-0.1102","0.3928","-1.6308","10.0960","1075.6477","410.0000","0.4320","57.8508","-15.82725559","-47.97141843","25.2672","3.9260","0.0000","0.0000","2193.8232"
"137.100","36.2297","12","0.1860","-0.0736","0.3414","-1.3689","10.3597","1075.6425","410.0000","0.4068","55.6592","-15.82725116","-47.97141854","25.2687","3.9260","0.0000","0.0000","2194.3232"
"137.150","36.2028","12","0.1605","-0.0289","0.4997","-1.1108","8.9705","1075.6907","410.0000","0.3960","64.2314","-15.82724652","-47.97141861","25.2703","3.9260","0.0000","0.0000","2194.8208"
"137.200","35.8928","12","0.1163","-0.0167","0.4552","-0.4444","6.5117","1075.6865","410.0000","0.3960","87.7267","-15.82724204","-47.97141862","25.2719","3.9260","0.0000","0.0000","2195.3152"
"137.250","36.1082","12","0.0792","-0.0330","0.3580","0.1248","4.4379","1075.6604","410.0000","0.3960","129.4948","-15.82723749","-47.97141857","25.2734","3.9250","0.0000","0.0000","2195.8069"
"137.300","36.0504","12","0.0603","-0.0589","0.3376","-0.0965","3.3834","1075.6681","410.0000","0.4212","169.5825","-15.82723297","-47.97141859","25.2750","3.9240","0.0000","0.0000","2196.2988"
"137.350","35.9806","12","0.0606","-0.0713","0.3246","0.2712","3.4110","1075.6702","410.0000","0.3978","167.8825","-15.82722844","-47.97141850","25.2766","3.9240","0.0000","0.0000","2196.7903"
"137.400","35.7485","12","0.0481","-0.0748","0.3247","0.3779","2.7174","1075.6715","410.0000","0.3960","209.3771","-15.82722399","-47.97141851","25.2781","3.9240","0.0000","0.0000","2197.2810"
"137.450","35.4728","12","-0.0102","-0.0701","0.3567","0.1901","-0.5790","1075.6890","410.0000","0.3960","974.9904","-15.82721956","-47.97141852","25.2797","3.9250","0.0000","0.0000","2197.7729"
"137.500","35.3513","12","-0.0432","-0.0503","0.3661","-0.3564","-2.4554","1075.6857","410.0000","0.3960","229.1414","-15.82721511","-47.97141863","25.2812","3.9260","0.0000","0.0000","2198.2661"
"137.550","35.5566","12","-0.0465","-0.0392","0.3242","-0.0971","-2.6516","1075.6794","410.0000","0.3960","213.4199","-15.82721066","-47.97141857","25.2828","3.9260","0.0000","0.0000","2198.7620"
"137.600","35.2703","12","-0.0659","-0.0298","0.3365","0.1736","-3.7648","1075.6886","410.0000","0.3960","149.1038","-15.82720627","-47.97141857","25.2844","3.9260","0.0000","0.0000","2199.2605"
"137.650","35.3831","12","-0.0843","0.0181","0.4018","-0.0272","-4.8245","1075.7256","410.0000","0.4122","116.7246","-15.82720172","-47.97141857","25.2859","3.9260","0.0000","0.0000","2199.7617"
"137.700","35.4307","12","-0.0936","0.0523","0.4007","-0.6370","-5.3471","1075.7323","410.0000","0.4320","105.4593","-15.82719724","-47.97141877","25.2875","3.9260","0.0000","0.0000","2200.2673"
"137.750","35.5106","12","-0.1302","0.0906","0.3875","-1.4814","-7.4233","1075.7446","410.0000","0.4320","76.1345","-15.82719275","-47.97141899","25.2891","3.9250","0.0000","0.0000","2200.7751"
"137.800","35.8165","12","-0.1577","0.1006","0.4007","-1.7875","-8.9467","1075.7496","410.0000","0.4680","63.7148","-15.82718826","-47.97141922","25.2906","3.9240","0.0000","0.0000","2201.2808"
"137.850","35.9782","12","-0.1433","0.0933","0.3681","-1.6091","-8.0919","1075.7426","410.0000","0.4680","70.7631","-15.82718370","-47.97141932","25.2922","3.9240","0.0000","0.0000","2201.7852"
"137.900","36.1080","12","-0.1247","0.0982","0.3232","-1.4706","-7.0059","1075.7278","410.0000","0.4680","82.0272","-15.82717915","-47.97141952","25.2938","3.9240","0.0000","0.0000","2202.2920"
"137.950","36.6727","12","-0.1155","0.0952","0.3157","-2.8463","-6.4623","1075.7292","410.0000","0.4680","90.3188","-15.82717448","-47.97141997","25.2953","3.9240","0.0000","0.0000","2202.8013"
"138.000","36.5970","12","-0.0867","0.0722","0.3190","-3.3667","-4.8296","1075.7375","410.0000","0.4320","120.6010","-15.82716997","-47.97142037","25.2969","3.9240","0.0000","0.0000","2203.3113"
"138.050","36.2676","12","-0.0392","0.0364","0.3311","-3.3315","-2.1743","1075.7402","410.0000","0.4320","265.4767","-15.82716543","-47.97142060","25.2984","3.9240","0.0000","0.0000","2203.8206"
"138.100","36.3690","12","-0.0124","0.0176","0.3137","-3.3167","-0.6873","1075.7380","410.0000","0.4320","842.2395","-15.82716091","-47.97142088","25.3000","3.9240","0.0000","0.0000","2204.3281"
"138.150","36.5655","12","-0.0119","0.0205","0.2763","-2.7241","-0.6566","1075.7313","410.0000","0.4662","886.2573","-15.82715626","-47.97142110","25.3016","3.9240","0.0000","0.0000","2204.8367"
"138.200","36.7139","12","-0.0176","0.0286","0.2728","-2.3591","-0.9721","1075.7350","412.0000","0.4680","601.0828","-15.82715167","-47.97142125","25.3031","3.9240","0.0000","0.0000","2205.3513"
"138.250","36.7580","11","-0.0294","0.0103","0.3282","-2.9215","-1.6260","1075.7573","420.0000","0.4518","359.7838","-15.82714699","-47.97142161","25.3047","3.9240","0.0000","0.0000","2205.8694"
"138.300","36.6199","11","-0.0267","0.0091","0.4228","-3.1548","-1.4727","1075.8058","420.0000","0.4320","395.7594","-15.82714237","-47.97142185","25.3062","3.9240","0.0000","0.0000","2206.3848"
"138.350","36.4110","11","-0.0239","0.0372","0.4721","-3.2539","-1.3204","1075.8203","420.0000","0.4662","438.8906","-15.82713781","-47.97142211","25.3078","3.9240","0.0000","0.0000","2206.9004"
"138.400","36.7244","11","-0.0365","0.0843","0.4281","-3.6010","-2.0061","1075.8136","420.0000","0.4680","291.3574","-15.82713311","-47.97142248","25.3094","3.9240","0.0000","0.0000","2207.4192"
"138.450","37.3135","11","-0.0965","0.0973","0.3968","-3.9455","-5.2901","1075.8052","420.0000","0.4680","112.2598","-15.82712836","-47.97142293","25.3109","3.9240","0.0000","0.0000","2207.9436"
"138.500","37.2080","11","-0.0994","0.0645","0.3843","-3.8648","-5.4259","1075.8143","420.0000","0.4680","109.1398","-15.82712371","-47.97142323","25.3125","3.9240","0.0000","0.0000","2208.4688"
"138.550","37.0248","11","-0.0910","0.0377","0.4121","-3.9782","-4.9503","1075.8237","420.0000","0.4680","119.0366","-15.82711911","-47.97142361","25.3117","3.9240","0.0000","0.0000","2208.9890"
"138.600","37.1717","11","-0.0591","0.0485","0.4101","-4.2746","-3.2113","1075.8318","420.0000","0.4680","184.2258","-15.82711440","-47.97142409","25.3109","3.9240","0.0000","0.0000","2209.5071"
"138.650","37.5132","11","-0.0273","0.0521","0.3622","-4.4081","-1.4794","1075.8229","420.0000","0.4680","403.5791","-15.82710964","-47.97142450","25.3102","3.9250","0.0000","0.0000","2210.0317"
"138.700","37.9093","11","-0.0160","0.0711","0.3666","-4.5252","-0.8659","1075.8230","420.0000","0.4680","696.7480","-15.82710484","-47.97142491","25.3094","3.9260","0.0000","0.0000","2210.5615"
"138.750","37.8597","11","-0.0300","0.0574","0.3585","-4.3216","-1.6183","1075.8245","420.0000","0.4680","372.3502","-15.82710005","-47.97142532","25.3086","3.9260","0.0000","0.0000","2211.0933"
"138.800","37.1508","11","-0.0107","0.0376","0.3579","-4.6512","-0.5756","1075.8226","420.0000","0.4680","1027.2252","-15.82709554","-47.97142579","25.3078","3.9260","0.0000","0.0000","2211.6270"
"138.850","37.3874","11","0.0040","0.0440","0.2851","-4.5118","0.2123","1075.7970","420.0000","0.4518","2802.6714","-15.82709087","-47.97142615","25.3070","3.9260","0.0000","0.0000","2212.1611"
"138.900","37.9956","11","0.0059","0.0738","0.2082","-4.6627","0.3166","1075.7708","420.0000","0.4320","1910.0856","-15.82708606","-47.97142667","25.3062","3.9260","0.0000","0.0000","2212.6948"
"138.950","38.3028","11","0.0012","0.0920","0.1717","-4.4302","0.0667","1075.7642","420.0000","0.4320","9138.7334","-15.82708115","-47.97142712","25.3055","3.9260","0.0000","0.0000","2213.2329"
"139.000","38.2679","11","0.0208","0.0787","0.1242","-4.2873","1.1026","1075.7593","420.0000","0.4680","552.3591","-15.82707642","-47.97142749","25.3047","3.9260","0.0000","0.0000","2213.7747"
"139.050","38.5164","11","0.0184","0.0661","0.1372","-4.5817","0.9745","1075.7599","420.0000","0.4680","629.0198","-15.82707157","-47.97142800","25.3039","3.9260","0.0000","0.0000","2214.3174"
"139.100","38.3861","11","0.0013","0.1038","0.1490","-4.3814","0.0711","1075.7751","420.0000","0.4680","8598.3535","-15.82706677","-47.97142836","25.3031","3.9260","0.0000","0.0000","2214.8638"
"139.150","38.3368","11","-0.0057","0.1255","0.1778","-4.1478","-0.2969","1075.7750","420.0000","0.4338","2055.0278","-15.82706196","-47.97142868","25.3023","3.9250","0.0000","0.0000","2215.4143"
"139.200","39.0153","11","-0.0082","0.1253","0.1542","-4.5415","-0.4274","1075.7842","420.0000","0.4320","1452.7098","-15.82705691","-47.97142918","25.3016","3.9240","0.0000","0.0000","2215.9673"
"139.250","39.0471","11","-0.0217","0.0958","0.0973","-4.6056","-1.1242","1075.7605","420.0000","0.4320","552.8198","-15.82705204","-47.97142970","25.3008","3.9240","0.0000","0.0000","2216.5220"
"139.300","39.0996","11","-0.0704","0.0713","0.1164","-4.7042","-3.6378","1075.7759","420.0000","0.4320","171.0606","-15.82704707","-47.97143010","25.3000","3.9240","0.0000","0.0000","2217.0776"
"139.350","39.5224","11","-0.1034","0.0843","0.1941","-4.8009","-5.3294","1075.8071","420.0000","0.4320","118.0278","-15.82704206","-47.97143049","25.2992","3.9240","0.0000","0.0000","2217.6370"
"139.400","39.7472","11","-0.1191","0.1214","0.1521","-4.9888","-6.1122","1075.7990","420.0000","0.4320","103.4981","-15.82703696","-47.97143102","25.2984","3.9240","0.0000","0.0000","2218.2004"
"139.450","39.8776","11","-0.1240","0.1183","0.0807","-5.5183","-6.3307","1075.7642","420.0000","0.4320","100.2525","-15.82703208","-47.97143171","25.2977","3.9250","0.0000","0.0000","2218.7671"
"139.500","39.9295","11","-0.1253","0.1207","0.1011","-5.6969","-6.3624","1075.7788","420.0000","0.4320","99.8835","-15.82702706","-47.97143228","25.2969","3.9260","0.0000","0.0000","2219.3384"
"139.550","40.0239","11","-0.1399","0.1379","0.0820","-6.2170","-7.0704","1075.7697","420.0000","0.4320","90.0945","-15.82702206","-47.97143285","25.2984","3.9260","0.0000","0.0000","2219.9165"
"139.600","40.4311","11","-0.1077","0.1250","0.0784","-6.7481","-5.4094","1075.7546","420.0000","0.4320","118.9569","-15.82701696","-47.97143363","25.3000","3.9260","0.0000","0.0000","2220.4985"
"139.650","40.6896","11","-0.0869","0.1333","-0.0185","-7.1761","-4.3411","1075.7166","420.0000","0.4320","149.1786","-15.82701197","-47.97143448","25.3016","3.9260","0.0000","0.0000","2221.0840"
"139.700","40.8482","11","-0.1013","0.1679","-0.0386","-6.9227","-5.0311","1075.7095","420.0000","0.4320","129.2200","-15.82700682","-47.97143515","25.3031","3.9260","0.0000","0.0000","2221.6729"
"139.750","41.2781","11","-0.0647","0.1735","0.0588","-6.6061","-3.1885","1075.7473","420.0000","0.4320","206.0389","-15.82700147","-47.97143567","25.3047","3.9250","0.0000","0.0000","2222.2661"
"139.800","41.8753","11","-0.0250","0.1859","0.0497","-6.8677","-1.2254","1075.7535","420.0000","0.4320","543.8761","-15.82699617","-47.97143629","25.3062","3.9240","0.0000","0.0000","2222.8647"
"139.850","42.0015","11","-0.0156","0.2106","0.0811","-7.2092","-0.7575","1075.7631","420.0000","0.4320","882.5319","-15.82699086","-47.97143708","25.3078","3.9230","0.0000","0.0000","2223.4678"
"139.900","42.2274","11","0.0093","0.2019","0.0404","-7.3169","0.4484","1075.7479","420.0000","0.4320","1498.7610","-15.82698562","-47.97143784","25.3094","3.9220","0.0000","0.0000","2224.0730"
"139.950","42.4402","11","0.0384","0.1654","0.0217","-6.9694","1.8294","1075.7411","420.0000","0.4320","369.2289","-15.82698027","-47.97143859","25.3109","3.9220","0.0000","0.0000","2224.6782"
"140.000","42.9020","12","0.0854","0.1460","-0.0341","-7.0786","4.0430","1075.7067","420.0000","0.4320","168.8883","-15.82697494","-47.97143929","25.3125","3.9220","0.0000","0.0000","2225.2842"
"140.050","43.2713","12","0.1304","0.1278","-0.0786","-6.9978","6.1402","1075.6804","420.0000","0.4320","112.1594","-15.82696953","-47.97144005","25.3141","3.9220","0.0000","0.0000","2225.8936"
"140.100","43.5379","12","0.1677","0.1249","-0.0544","-6.0559","7.8570","1075.6932","420.0000","0.4824","88.1919","-15.82696396","-47.97144051","25.3156","3.9220","0.0000","0.0000","2226.5076"
"140.150","43.6049","12","0.2175","0.0934","-0.0529","-5.6370","10.1410","1075.6921","420.0000","0.5040","68.4346","-15.82695851","-47.97144107","25.3172","3.9220","0.0000","0.0000","2227.1260"
"140.200","43.5348","12","0.2790","0.0936","-0.1589","-5.4963","12.9563","1075.6602","420.0000","0.4968","53.4780","-15.82695308","-47.97144165","25.3188","3.9220","0.0000","0.0000","2227.7471"
"140.250","43.7090","11","0.2918","0.1041","-0.1010","-4.3675","13.5022","1075.6824","420.0000","0.5004","51.5213","-15.82694750","-47.97144196","25.3203","3.9230","0.0000","0.0000","2228.3718"
"140.300","43.9567","11","0.2690","0.1164","-0.0563","-3.4686","12.3951","1075.6943","420.0000","0.5148","56.4411","-15.82694189","-47.97144221","25.3219","3.9240","0.0000","0.0000","2229.0022"
"140.350","44.3562","11","0.2516","0.1133","-0.1170","-2.9690","11.5411","1075.6793","420.0000","0.4698","61.1686","-15.82693629","-47.97144249","25.3234","3.9240","0.0000","0.0000","2229.6392"
"140.400","44.6822","12","0.2330","0.1469","-0.1961","-2.6391","10.6382","1075.6421","420.0000","0.4680","66.8476","-15.82693066","-47.97144282","25.3250","3.9240","0.0000","0.0000","2230.2812"
"140.450","44.7883","12","0.2138","0.1863","-0.2676","-2.2542","9.7053","1075.6052","420.0000","0.4680","73.4475","-15.82692512","-47.97144309","25.3266","3.9240","0.0000","0.0000","2230.9312"
"140.500","45.0455","12","0.1745","0.2210","-0.2778","-1.9015","7.8621","1075.5913","420.0000","0.4428","91.1868","-15.82691946","-47.97144330","25.3281","3.9240","0.0000","0.0000","2231.5862"
"140.550","45.6111","13","0.1357","0.2417","-0.3088","-1.7042","6.0602","1075.5782","420.0000","0.4320","119.7845","-15.82691365","-47.97144353","25.3297","3.9250","0.0000","0.0000","2232.2441"
"140.600","46.1053","13","0.1057","0.2315","-0.3441","-1.5063","4.6777","1075.5636","420.0000","0.4320","156.8686","-15.82690774","-47.97144363","25.3312","3.9260","0.0000","0.0000","2232.9041"
"140.650","46.3761","13","0.0734","0.2179","-0.3192","-1.0621","3.2223","1075.5721","420.0000","0.4158","229.0631","-15.82690184","-47.97144373","25.3328","3.9260","0.0000","0.0000","2233.5657"
"140.700","47.0283","13","0.0166","0.2002","-0.3239","-0.7703","0.7220","1075.5706","420.0000","0.3960","1036.7393","-15.82689580","-47.97144368","25.3344","3.9260","0.0000","0.0000","2234.2307"
"140.750","47.2301","13","0.0101","0.1870","-0.2916","-0.7807","0.4366","1075.5765","420.0000","0.3960","1721.8306","-15.82688989","-47.97144378","25.3359","3.9260","0.0000","0.0000","2234.8994"
"140.800","47.4797","13","-0.0457","0.1510","-0.2823","-1.1104","-1.9549","1075.5836","420.0000","0.4032","386.5422","-15.82688380","-47.97144390","25.3375","3.9260","0.0000","0.0000","2235.5710"
"140.850","47.5328","13","-0.1314","0.1293","-0.2590","-1.3685","-5.5986","1075.5865","420.0000","0.4320","135.1243","-15.82687784","-47.97144416","25.3391","3.9270","0.0000","0.0000","2236.2449"
"140.900","47.6869","13","-0.1876","0.1046","-0.2346","-1.8716","-7.9608","1075.6049","420.0000","0.4320","95.3369","-15.82687180","-47.97144445","25.3406","3.9280","0.0000","0.0000","2236.9221"
"140.950","48.0658","13","-0.2434","0.0958","-0.1871","-2.3991","-10.2908","1075.6293","420.0000","0.4320","74.3372","-15.82686563","-47.97144472","25.3422","3.9280","0.0000","0.0000","2237.6060"
"141.000","48.1988","12","-0.3295","0.1268","-0.1436","-2.8582","-13.8777","1075.6486","420.0000","0.4320","55.2762","-15.82685948","-47.97144504","25.3438","3.9280","0.0000","0.0000","2238.2976"
"141.050","48.4716","12","-0.3938","0.1618","-0.1155","-3.6625","-16.5035","1075.6521","420.0000","0.4320","46.7444","-15.82685336","-47.97144554","25.3453","3.9280","0.0000","0.0000","2238.9946"
"141.100","48.5181","12","-0.4692","0.1733","-0.0677","-4.7393","-19.5481","1075.6755","420.0000","0.4320","39.5021","-15.82684726","-47.97144623","25.3469","3.9280","0.0000","0.0000","2239.6948"
"141.150","48.8489","12","-0.4999","0.1598","-0.0258","-5.5123","-20.7029","1075.7020","420.0000","0.4320","37.5530","-15.82684103","-47.97144689","25.3484","3.9280","0.0000","0.0000","2240.3955"
"141.200","49.5199","12","-0.4713","0.1883","0.0382","-6.5912","-19.4087","1075.7241","420.0000","0.4680","40.6072","-15.82683464","-47.97144776","25.3500","3.9280","0.0000","0.0000","2241.0955"
"141.250","50.0093","12","-0.4338","0.1799","0.0516","-7.2766","-17.7479","1075.7354","420.0000","0.4842","44.8459","-15.82682827","-47.97144869","25.3516","3.9280","0.0000","0.0000","2241.7991"
"141.300","50.2881","12","-0.3584","0.1819","0.0519","-8.4076","-14.5710","1075.7501","420.0000","0.5292","54.9284","-15.82682196","-47.97144980","25.3531","3.9280","0.0000","0.0000","2242.5100"
"141.350","50.5933","12","-0.2534","0.1729","0.0692","-9.5579","-10.2360","1075.7546","420.0000","0.5742","78.6651","-15.82681564","-47.97145109","25.3547","3.9270","0.0000","0.0000","2243.2268"
"141.400","50.3394","12","-0.1362","0.1449","0.0912","-9.7161","-5.4692","1075.7750","420.0000","0.5760","146.4874","-15.82680936","-47.97145221","25.3563","3.9260","0.0000","0.0000","2243.9465"
"141.450","50.4344","12","-0.0143","0.1345","0.1296","-9.5366","-0.5760","1075.7942","420.0000","0.5436","1393.6318","-15.82680305","-47.97145318","25.3578","3.9260","0.0000","0.0000","2244.6682"
"141.500","50.7981","12","0.1393","0.1355","0.1333","-8.8431","5.5351","1075.7916","420.0000","0.4788","146.0628","-15.82679671","-47.97145407","25.3594","3.9260","0.0000","0.0000","2245.3921"
"141.550","51.4724","12","0.2610","0.1139","0.0747","-7.8750","10.3302","1075.7692","420.0000","0.4680","79.3025","-15.82679025","-47.97145502","25.3570","3.9260","0.0000","0.0000","2246.1206"
"141.600","51.7486","12","0.3129","0.1245","0.0377","-7.5245","12.3363","1075.7562","420.0000","0.3960","66.7629","-15.82678382","-47.97145590","25.3547","3.9260","0.0000","0.0000","2246.8564"
"141.650","51.8810","12","0.3874","0.1457","0.0179","-7.0792","15.2056","1075.7401","420.0000","0.3960","54.3033","-15.82677741","-47.97145667","25.3523","3.9260","0.0000","0.0000","2247.5947"
"141.700","52.0310","12","0.4572","0.1963","-0.0171","-6.3067","17.8574","1075.7213","420.0000","0.3960","46.3728","-15.82677093","-47.97145745","25.3500","3.9260","0.0000","0.0000","2248.3350"
"141.750","52.0746","12","0.5292","0.2143","-0.0528","-5.3830","20.5327","1075.7034","420.0000","0.3960","40.3646","-15.82676441","-47.97145793","25.3477","3.9260","0.0000","0.0000","2249.0803"
"141.800","52.6675","11","0.5614","0.1894","-0.1035","-4.3321","21.6320","1075.6816","420.0000","0.4752","38.7496","-15.82675776","-47.97145845","25.3453","3.9260","0.0000","0.0000","2249.8279"
"141.850","53.2376","11","0.5712","0.1603","-0.1328","-3.1355","21.8745","1075.6687","420.0000","0.5040","38.7347","-15.82675102","-47.97145863","25.3430","3.9260","0.0000","0.0000","2250.5742"
"141.900","52.9844","11","0.6170","0.1438","-0.1014","-2.0158","23.5068","1075.6874","420.0000","0.4788","35.8735","-15.82674442","-47.97145864","25.3406","3.9260","0.0000","0.0000","2251.3167"
"141.950","53.4880","11","0.6856","0.0778","-0.1220","-1.1917","26.0058","1075.6832","420.0000","0.4338","32.7346","-15.82673761","-47.97145869","25.3383","3.9260","0.0000","0.0000","2252.0571"
"142.000","53.9136","11","0.7842","0.0627","-0.1289","0.9794","29.6765","1075.6859","420.0000","0.5112","28.9139","-15.82673081","-47.97145824","25.3359","3.9260","0.0000","0.0000","2252.7974"
"142.050","53.8260","11","0.8480","0.0440","-0.1655","2.9537","32.0363","1075.6687","420.0000","0.5562","26.7405","-15.82672416","-47.97145760","25.3336","3.9260","0.0000","0.0000","2253.5347"
"142.100","53.6333","11","0.8367","-0.0026","-0.2386","4.1575","31.5763","1075.6215","420.0000","0.5508","27.0330","-15.82671766","-47.97145698","25.3312","3.9260","0.0000","0.0000","2254.2703"
"142.150","53.3109","12","0.8242","-0.0455","-0.2841","5.4095","31.1193","1075.5902","420.0000","0.5058","27.2651","-15.82671117","-47.97145614","25.3289","3.9260","0.0000","0.0000","2255.0103"
"142.200","53.2880","12","0.8597","-0.0559","-0.2956","6.8312","32.5224","1075.5797","420.0000","0.5040","26.0776","-15.82670462","-47.97145523","25.3266","3.9260","0.0000","0.0000","2255.7500"
"142.250","53.3137","12","0.9156","-0.0233","-0.2245","8.8206","34.7082","1075.5991","420.0000","0.5202","24.4471","-15.82669808","-47.97145385","25.3242","3.9250","0.0000","0.0000","2256.4900"
"142.300","52.8360","12","0.9541","0.0151","-0.2005","11.2012","36.2026","1075.5979","420.0000","0.5904","23.2279","-15.82669181","-47.97145214","25.3219","3.9240","0.0000","0.0000","2257.2305"
"142.350","52.9585","12","0.9660","0.0070","-0.1888","12.9054","36.6511","1075.6008","420.0000","0.6804","22.9969","-15.82668540","-47.97145037","25.3195","3.9240","0.0000","0.0000","2257.9685"
"142.400","53.6169","12","0.9592","-0.0513","-0.1734","13.8216","36.4085","1075.5984","420.0000","0.6912","23.4379","-15.82667880","-47.97144860","25.3172","3.9240","0.0000","0.0000","2258.6980"
"142.450","53.1070","12","0.9634","-0.0643","-0.2225","15.5423","36.6549","1075.5695","420.0000","0.7524","23.0590","-15.82667261","-47.97144652","25.3148","3.9250","0.0000","0.0000","2259.4158"
"142.500","53.3926","12","1.0035","-0.0429","-0.2717","17.9701","38.2674","1075.5349","420.0000","0.8172","22.2061","-15.82666636","-47.97144404","25.3125","3.9260","0.0000","0.0000","2260.1328"
"142.550","53.2932","12","0.9692","-0.0868","-0.2803","20.4915","37.0315","1075.5336","420.0000","0.7938","22.9045","-15.82666029","-47.97144129","25.3125","3.9260","0.0000","0.0000","2260.8567"
"142.600","53.0365","12","0.8498","-0.0919","-0.2566","22.2098","32.5769","1075.5369","420.0000","0.7488","25.9110","-15.82665424","-47.97143835","25.3125","3.9260","0.0000","0.0000","2261.5864"
"142.650","52.1314","12","0.7856","-0.0827","-0.2625","23.3902","30.2155","1075.5374","420.0000","0.7038","27.4593","-15.82664853","-47.97143557","25.3125","3.9260","0.0000","0.0000","2262.3174"
"142.700","51.3840","12","0.7695","-0.0460","-0.2969","24.5862","29.6879","1075.5095","420.0000","0.7344","27.5466","-15.82664296","-47.97143269","25.3125","3.9260","0.0000","0.0000","2263.0513"
"142.750","51.7722","12","0.7912","-0.0295","-0.2892","26.1378","30.5773","1075.5010","420.0000","0.7560","26.9475","-15.82663726","-47.97142942","25.3125","3.9260","0.0000","0.0000","2263.7900"
"142.800","52.3724","11","0.8056","-0.0185","-0.3477","27.5205","31.1738","1075.4795","420.0000","0.7200","26.7383","-15.82663157","-47.97142595","25.3125","3.9260","0.0000","0.0000","2264.5286"
"142.850","52.6801","11","0.7158","0.0161","-0.3606","28.6130","27.7219","1075.4597","420.0000","0.7038","30.2443","-15.82662582","-47.97142244","25.3125","3.9260","0.0000","0.0000","2265.2661"
"142.900","52.5435","11","0.5966","0.0878","-0.3614","29.3621","23.0940","1075.4427","420.0000","0.6840","36.2109","-15.82662019","-47.97141893","25.3125","3.9260","0.0000","0.0000","2266.0083"
"142.950","53.0776","12","0.5506","0.1209","-0.3048","30.9781","21.2507","1075.4618","420.0000","0.6840","39.7520","-15.82661454","-47.97141506","25.3125","3.9260","0.0000","0.0000","2266.7603"
"143.000","53.3402","11","0.4879","0.2200","-0.4100","33.0416","18.7485","1075.4135","420.0000","0.6768","45.2801","-15.82660925","-47.97141086","25.3125","3.9260","0.0000","0.0000","2267.5215"
"143.050","53.0633","11","0.4141","0.2373","-0.4651","34.2677","15.7992","1075.3735","420.0000","0.6642","53.4538","-15.82660400","-47.97140689","25.3125","3.9260","0.0000","0.0000","2268.2886"
"143.100","53.1116","11","0.3107","0.2176","-0.4749","34.4611","11.7617","1075.3561","420.0000","0.6336","71.8684","-15.82659856","-47.97140294","25.3125","3.9260","0.0000","0.0000","2269.0574"
"143.150","53.5915","11","0.2227","0.1572","-0.5017","33.9767","8.3693","1075.3368","420.0000","0.5778","101.9118","-15.82659280","-47.97139907","25.3125","3.9260","0.0000","0.0000","2269.8267"
"143.200","54.5161","11","0.1755","0.1305","-0.4454","33.7618","6.5638","1075.3416","420.0000","0.5976","132.1864","-15.82658693","-47.97139503","25.3125","3.9260","0.0000","0.0000","2270.5984"
"143.250","55.0549","11","0.1405","0.1827","-0.4948","34.0151","5.2322","1075.3136","420.0000","0.5238","167.4693","-15.82658121","-47.97139102","25.3125","3.9260","0.0000","0.0000","2271.3740"
"143.300","55.3453","11","0.1219","0.2076","-0.5007","34.6339","4.5109","1075.2961","420.0000","0.4788","195.2718","-15.82657552","-47.97138690","25.3125","3.9260","0.0000","0.0000","2272.1538"
"143.350","55.3657","11","0.1186","0.1958","-0.5113","35.0330","4.3604","1075.2825","420.0000","0.4680","202.0859","-15.82656992","-47.97138271","25.3125","3.9260","0.0000","0.0000","2272.9390"
"143.400","55.3858","11","0.1562","0.1682","-0.5209","35.6583","5.7046","1075.2784","420.0000","0.4680","154.5222","-15.82656439","-47.97137841","25.3125","3.9260","0.0000","0.0000","2273.7271"
"143.450","55.6728","11","0.2387","0.1710","-0.4982","36.2743","8.6697","1075.2755","420.0000","0.4680","102.2022","-15.82655876","-47.97137400","25.3125","3.9250","0.0000","0.0000","2274.5154"
"143.500","55.9716","11","0.2986","0.1343","-0.5061","36.6749","10.7913","1075.2559","420.0000","0.4680","82.5493","-15.82655311","-47.97136964","25.3125","3.9240","0.0000","0.0000","2275.3042"
"143.550","56.1794","11","0.2396","0.0843","-0.5433","36.9388","8.6243","1075.2365","429.5000","0.4680","103.6747","-15.82654750","-47.97136530","25.3102","3.9240","0.0000","0.0000","2276.0930"
"143.600","56.7454","11","0.0981","0.0840","-0.5589","36.8535","3.5243","1075.2152","430.0000","0.4680","256.2578","-15.82654178","-47.97136079","25.3078","3.9240","0.0000","0.0000","2276.8806"
"143.650","56.7964","11","-0.0630","0.0857","-0.5630","36.9432","-2.2530","1075.2031","430.0000","0.4518","401.2122","-15.82653603","-47.97135639","25.3055","3.9240","0.0000","0.0000","2277.6685"
"143.700","56.6949","11","-0.1808","0.0907","-0.5688","36.9284","-6.4549","1075.1924","430.0000","0.4572","139.7886","-15.82653042","-47.97135194","25.3031","3.9240","0.0000","0.0000","2278.4546"
"143.750","56.9478","11","-0.2697","0.0490","-0.5894","36.4636","-9.6046","1075.1665","430.0000","0.4680","94.3663","-15.82652459","-47.97134767","25.3008","3.9240","0.0000","0.0000","2279.2344"
"143.800","56.7396","11","-0.3471","-0.0042","-0.5987","35.6997","-12.3446","1075.1515","430.0000","0.4680","73.1525","-15.82651883","-47.97134349","25.2984","3.9240","0.0000","0.0000","2280.0081"
"143.850","56.6534","11","-0.4361","-0.0666","-0.5725","34.5303","-15.5178","1075.1635","430.0000","0.4842","58.1054","-15.82651281","-47.97133946","25.2961","3.9240","0.0000","0.0000","2280.7773"
"143.900","56.8086","11","-0.5295","-0.1169","-0.5563","33.4867","-18.8855","1075.1558","430.0000","0.5292","47.8746","-15.82650678","-47.97133554","25.2938","3.9240","0.0000","0.0000","2281.5425"
"143.950","56.5485","11","-0.6086","-0.1262","-0.6388","32.5288","-21.7891","1075.0968","430.0000","0.7110","41.3049","-15.82650082","-47.97133187","25.2914","3.9240","0.0000","0.0000","2282.3044"
"144.000","55.8523","11","-0.7315","-0.1554","-0.7146","31.7649","-26.2996","1075.0557","430.0000","0.7560","33.7996","-15.82649492","-47.97132836","25.2891","3.9240","0.0000","0.0000","2283.0627"
"144.050","55.5775","11","-0.8442","-0.1961","-0.7666","30.4598","-30.5177","1075.0188","430.0000","0.7398","28.9847","-15.82648886","-47.97132504","25.2867","3.9240","0.0000","0.0000","2283.8169"
"144.100","55.2588","11","-0.9434","-0.1956","-0.7301","28.6541","-34.3264","1075.0227","430.0000","0.7704","25.6209","-15.82648270","-47.97132200","25.2844","3.9240","0.0000","0.0000","2284.5664"
"144.150","54.9835","11","-0.9827","-0.1809","-0.6760","26.8854","-35.9877","1075.0425","430.0000","0.7920","24.3164","-15.82647645","-47.97131915","25.2820","3.9240","0.0000","0.0000","2285.3115"
"144.200","54.7742","11","-0.9772","-0.1546","-0.6658","24.6743","-36.0066","1075.0381","430.0000","0.7992","24.2111","-15.82646994","-47.97131674","25.2797","3.9240","0.0000","0.0000","2286.0557"
"144.250","54.4680","11","-0.9984","-0.1003","-0.7048","22.4971","-36.9796","1074.9988","430.0000","0.8766","23.4423","-15.82646362","-47.97131458","25.2773","3.9240","0.0000","0.0000","2286.7979"
"144.300","54.2248","11","-1.0618","-0.0969","-0.7514","20.4249","-39.4661","1074.9656","430.0000","0.9612","21.8673","-15.82645713","-47.97131273","25.2750","3.9240","0.0000","0.0000","2287.5300"
"144.350","53.8071","11","-1.1082","-0.1134","-0.7763","18.5303","-41.3430","1074.9341","430.0000","0.9378","20.7137","-15.82645073","-47.97131105","25.2727","3.9240","0.0000","0.0000","2288.2493"
"144.400","53.4823","11","-1.1156","-0.1427","-0.8074","16.5840","-41.8011","1074.8947","430.0000","0.9360","20.3630","-15.82644435","-47.97130961","25.2703","3.9240","0.0000","0.0000","2288.9558"
"144.450","53.6330","11","-1.0801","-0.2017","-0.8560","15.3927","-40.6870","1074.8578","430.0000","0.9036","20.9796","-15.82643779","-47.97130817","25.2680","3.9250","0.0000","0.0000","2289.6462"
"144.500","53.3034","11","-1.0822","-0.3012","-0.8400","13.6921","-41.0742","1074.8544","430.0000","0.8640","20.6541","-15.82643132","-47.97130692","25.2656","3.9260","0.0000","0.0000","2290.3257"
"144.550","52.3919","11","-1.1430","-0.3956","-0.7893","11.0667","-43.8493","1074.8796","430.0000","0.8982","19.0161","-15.82642485","-47.97130622","25.2687","3.9260","0.0000","0.0000","2290.9958"
"144.600","51.3610","11","-1.1871","-0.4642","-0.8305","7.7891","-46.2017","1074.8317","430.0000","0.9360","17.6928","-15.82641861","-47.97130627","25.2719","3.9260","0.0000","0.0000","2291.6560"
"144.650","50.4101","11","-1.2474","-0.4972","-0.9852","4.8405","-49.3703","1074.7314","430.0000","0.9360","16.2507","-15.82641250","-47.97130664","25.2750","3.9250","0.0000","0.0000","2292.3096"
"144.700","49.3301","11","-1.3105","-0.4814","-1.1075","2.7439","-52.8205","1074.6573","430.0000","0.9108","14.8638","-15.82640653","-47.97130690","25.2781","3.9240","0.0000","0.0000","2292.9629"
"144.750","48.6862","11","-1.3473","-0.4269","-1.0743","1.1198","-55.2759","1074.6786","430.0000","0.9000","14.0181","-15.82640046","-47.97130712","25.2812","3.9230","0.0000","0.0000","2293.6204"
"144.800","47.9573","11","-1.3364","-0.3332","-0.8846","-1.9631","-55.6997","1074.7770","430.0000","1.0440","13.7032","-15.82639428","-47.97130765","25.2844","3.9220","0.0000","0.0000","2294.2822"
"144.850","47.2029","11","-1.2621","-0.2433","-0.7762","-5.1440","-53.2726","1074.8304","430.0000","1.0440","14.1021","-15.82638838","-47.97130864","25.2875","3.9220","0.0000","0.0000","2294.9453"
"144.900","46.9806","11","-1.1521","-0.1256","-0.7958","-7.9813","-49.0940","1074.8082","430.0000","1.0188","15.2304","-15.82638258","-47.97131008","25.2906","3.9220","0.0000","0.0000","2295.6084"
"144.950","46.9308","11","-1.0010","-0.0170","-0.7246","-9.7979","-42.8765","1074.8462","430.0000","0.9738","17.4204","-15.82637664","-47.97131134","25.2938","3.9220","0.0000","0.0000","2296.2710"
"145.000","47.6148","10","-0.9764","0.0403","-0.5516","-11.5877","-41.8605","1074.9117","430.0000","0.9000","18.1033","-15.82637051","-47.97131279","25.2969","3.9220","0.0000","0.0000","2296.9355"
"145.050","47.7105","10","-0.9997","0.0692","-0.4851","-14.1719","-42.8146","1074.9379","430.0000","0.8838","17.7355","-15.82636466","-47.97131476","25.3000","3.9230","0.0000","0.0000","2297.6025"
"145.100","47.8343","10","-1.0014","0.1202","-0.4859","-15.6272","-42.7899","1074.9429","430.0000","0.7884","17.7917","-15.82635888","-47.97131674","25.3031","3.9240","0.0000","0.0000","2298.2715"
"145.150","47.6020","10","-0.9323","0.1470","-0.5130","-17.7045","-39.6769","1074.9028","430.0000","0.7218","19.0945","-15.82635338","-47.97131912","25.3062","3.9240","0.0000","0.0000","2298.9429"
"145.200","47.7430","10","-0.8324","0.1215","-0.5274","-19.4640","-35.2536","1074.8983","430.0000","0.6768","21.5540","-15.82634778","-47.97132155","25.3094","3.9240","0.0000","0.0000","2299.6174"
"145.250","47.9277","10","-0.7704","0.1004","-0.5101","-21.5848","-32.5004","1074.8910","430.0000","0.6318","23.4703","-15.82634232","-47.97132417","25.3125","3.9240","0.0000","0.0000","2300.2913"
"145.300","48.1081","10","-0.7804","0.0913","-0.5100","-23.7047","-32.8089","1074.8846","430.0000","0.5868","23.3371","-15.82633687","-47.97132704","25.3156","3.9240","0.0000","0.0000","2300.9609"
"145.350","48.1301","10","-0.7817","0.0544","-0.5286","-25.7529","-32.7655","1074.8630","430.0000","0.5418","23.3787","-15.82633159","-47.97133010","25.3188","3.9240","0.0000","0.0000","2301.6265"
"145.400","48.4503","10","-0.7506","0.0295","-0.5317","-26.5925","-31.4156","1074.8627","430.0000","0.4968","24.5455","-15.82632618","-47.97133305","25.3219","3.9240","0.0000","0.0000","2302.2878"
"145.450","48.6567","10","-0.6654","-0.0126","-0.5067","-27.0726","-27.8327","1074.8585","430.0000","0.4518","27.8232","-15.82632080","-47.97133595","25.3250","3.9240","0.0000","0.0000","2302.9434"
"145.500","48.4666","10","-0.6144","-0.0419","-0.4075","-28.2252","-25.7168","1074.9003","430.0000","0.4320","29.9948","-15.82631546","-47.97133904","25.3281","3.9240","0.0000","0.0000","2303.5928"
"145.550","48.0261","10","-0.6126","-0.0870","-0.3278","-30.1894","-25.6896","1074.9359","430.0000","0.4320","29.7536","-15.82631035","-47.97134236","25.3266","3.9250","0.0000","0.0000","2304.2380"
"145.600","47.8011","10","-0.5707","-0.1410","-0.3727","-31.8702","-24.0192","1074.9216","430.0000","0.4248","31.6738","-15.82630548","-47.97134585","25.3250","3.9260","0.0000","0.0000","2304.8801"
"145.650","47.5013","11","-0.5571","-0.1799","-0.3708","-33.1037","-23.5765","1074.9015","430.0000","0.3960","32.0661","-15.82630076","-47.97134934","25.3234","3.9250","0.0000","0.0000","2305.5173"
"145.700","47.0237","11","-0.5598","-0.2099","-0.3588","-34.1187","-23.8557","1074.8931","430.0000","0.3708","31.3722","-15.82629602","-47.97135292","25.3219","3.9240","0.0000","0.0000","2306.1497"
"145.750","46.5413","11","-0.5656","-0.2203","-0.3603","-35.1731","-24.2975","1074.8906","430.0000","0.3600","30.4857","-15.82629148","-47.97135644","25.3203","3.9240","0.0000","0.0000","2306.7747"
"145.800","46.3803","11","-0.5491","-0.2142","-0.3975","-36.1554","-23.7874","1074.8755","430.0000","0.3600","31.0318","-15.82628687","-47.97136017","25.3188","3.9240","0.0000","0.0000","2307.3921"
"145.850","46.1003","11","-0.5032","-0.2114","-0.3761","-37.2464","-21.9784","1074.8584","430.0000","0.3600","33.3832","-15.82628249","-47.97136392","25.3172","3.9240","0.0000","0.0000","2308.0039"
"145.900","45.7647","11","-0.4175","-0.2094","-0.3908","-38.3491","-18.3860","1074.8519","430.0000","0.3852","39.6154","-15.82627823","-47.97136770","25.3156","3.9240","0.0000","0.0000","2308.6108"
"145.950","45.4440","11","-0.3761","-0.2086","-0.3895","-39.3953","-16.7037","1074.8407","430.0000","0.3960","43.2995","-15.82627395","-47.97137153","25.3141","3.9240","0.0000","0.0000","2309.2117"
"146.000","44.7047","11","-0.4058","-0.2282","-0.4361","-40.2505","-18.1718","1074.8218","430.0000","0.4392","39.1540","-15.82626997","-47.97137539","25.3125","3.9240","0.0000","0.0000","2309.8047"
"146.050","44.2335","11","-0.4566","-0.2354","-0.4620","-41.1164","-20.6387","1074.8014","430.0000","0.5004","34.1106","-15.82626596","-47.97137933","25.3109","3.9240","0.0000","0.0000","2310.3892"
"146.100","43.9511","11","-0.5232","-0.2552","-0.4601","-42.2775","-23.8717","1074.7761","430.0000","0.6156","29.3027","-15.82626210","-47.97138335","25.3094","3.9240","0.0000","0.0000","2310.9668"
"146.150","43.6103","11","-0.5655","-0.2753","-0.5212","-43.0537","-26.0697","1074.7374","430.0000","0.7506","26.6240","-15.82625832","-47.97138721","25.3078","3.9240","0.0000","0.0000","2311.5356"
"146.200","43.0206","10","-0.5842","-0.3013","-0.5433","-44.6340","-27.2436","1074.7189","430.0000","0.6840","25.1323","-15.82625483","-47.97139137","25.3062","3.9240","0.0000","0.0000","2312.0962"
"146.250","42.4057","10","-0.6032","-0.3230","-0.5272","-46.2716","-28.4947","1074.7197","430.0000","0.6516","23.6854","-15.82625135","-47.97139550","25.3047","3.9240","0.0000","0.0000","2312.6479"
"146.300","41.9557","10","-0.5985","-0.2998","-0.4936","-47.9898","-28.6564","1074.7250","430.0000","0.5868","23.3018","-15.82624813","-47.97139976","25.3031","3.9240","0.0000","0.0000","2313.1931"
"146.350","41.3747","10","-0.5689","-0.2827","-0.4833","-49.4648","-27.5905","1074.7241","430.0000","0.5418","23.8668","-15.82624499","-47.97140393","25.3016","3.9240","0.0000","0.0000","2313.7310"
"146.400","40.6431","10","-0.4889","-0.2837","-0.4628","-50.5514","-23.9974","1074.7378","430.0000","0.5040","26.9552","-15.82624194","-47.97140809","25.3000","3.9240","0.0000","0.0000","2314.2620"
"146.450","40.0918","10","-0.3943","-0.2961","-0.4172","-52.0522","-19.5879","1074.7625","430.0000","0.4878","32.5753","-15.82623906","-47.97141222","25.2984","3.9240","0.0000","0.0000","2314.7825"
"146.500","39.5768","10","-0.2887","-0.3430","-0.4552","-52.4066","-14.5287","1074.7383","430.0000","0.5940","43.3544","-15.82623617","-47.97141631","25.2969","3.9240","0.0000","0.0000","2315.2896"
"146.550","39.0635","11","-0.1818","-0.3659","-0.5435","-52.2263","-9.2973","1074.6968","430.0000","0.7506","66.8708","-15.82623331","-47.97142023","25.2961","3.9230","0.0000","0.0000","2315.7844"
"146.600","38.4577","11","-0.1029","-0.3754","-0.6268","-52.7259","-5.3402","1074.6571","430.0000","0.8424","114.6160","-15.82623057","-47.97142424","25.2953","3.9220","0.0000","0.0000","2316.2690"
"146.650","38.0435","11","-0.0111","-0.3960","-0.7517","-52.7836","-0.5768","1074.5959","430.0000","0.9162","1049.6447","-15.82622780","-47.97142816","25.2945","3.9220","0.0000","0.0000","2316.7446"
"146.700","37.1347","11","0.0267","-0.3989","-0.8273","-52.5676","1.4394","1074.5718","430.0000","0.9360","410.5915","-15.82622505","-47.97143193","25.2938","3.9220","0.0000","0.0000","2317.2139"
"146.750","36.0953","11","0.0483","-0.3969","-0.9073","-52.4918","2.6515","1074.5530","430.0000","0.9018","216.6576","-15.82622240","-47.97143555","25.2930","3.9220","0.0000","0.0000","2317.6753"
"146.800","35.2667","11","0.0600","-0.3826","-0.9047","-52.7839","3.3593","1074.5287","430.0000","0.8496","167.0849","-15.82621990","-47.97143908","25.2922","3.9220","0.0000","0.0000","2318.1277"
"146.850","34.5762","11","0.0515","-0.3840","-0.9234","-52.8894","2.9432","1074.5327","430.0000","0.7596","186.9734","-15.82621734","-47.97144253","25.2914","3.9220","0.0000","0.0000","2318.5674"
"146.900","34.0955","11","0.0707","-0.4185","-0.9140","-52.4558","4.1160","1074.5216","430.0000","0.6948","131.8397","-15.82621480","-47.97144593","25.2906","3.9220","0.0000","0.0000","2318.9932"
"146.950","33.6359","11","0.0721","-0.4294","-0.9819","-52.1259","4.2856","1074.4844","430.0000","0.6840","124.9127","-15.82621225","-47.97144938","25.2898","3.9230","0.0000","0.0000","2319.4060"
"147.000","32.9240","11","0.1036","-0.4426","-1.1008","-51.4846","6.3076","1074.4458","430.0000","0.6840","83.0743","-15.82620976","-47.97145252","25.2891","3.9240","0.0000","0.0000","2319.8074"
"147.050","32.2751","11","0.1446","-0.4291","-1.1358","-51.2451","9.0077","1074.4243","430.0000","0.6516","57.0258","-15.82620732","-47.97145569","25.2883","3.9240","0.0000","0.0000","2320.2000"
"147.100","31.2974","11","0.1530","-0.4191","-1.1968","-50.9782","9.7540","1074.4088","430.0000","0.5868","51.0677","-15.82620494","-47.97145864","25.2875","3.9240","0.0000","0.0000","2320.5886"
"147.150","30.2490","11","0.1769","-0.4134","-1.2201","-50.0996","11.5495","1074.4062","430.0000","0.5418","41.6838","-15.82620266","-47.97146140","25.2867","3.9250","0.0000","0.0000","2320.9722"
"147.200","29.3507","11","0.2254","-0.4253","-1.2864","-49.6189","15.0720","1074.3904","430.0000","0.4752","30.9934","-15.82620036","-47.97146416","25.2859","3.9260","0.0000","0.0000","2321.3489"
"147.250","28.5108","11","0.2503","-0.4209","-1.3205","-48.4755","17.1704","1074.3687","430.0000","0.5202","26.4270","-15.82619807","-47.97146672","25.2852","3.9260","0.0000","0.0000","2321.7183"
"147.300","28.1653","11","0.2553","-0.3749","-1.4763","-47.8657","17.9566","1074.3077","430.0000","0.5652","24.9638","-15.82619581","-47.97146933","25.2844","3.9260","0.0000","0.0000","2322.0825"
"147.350","27.9304","11","0.2643","-0.3171","-1.6208","-47.5067","19.0317","1074.2638","430.0000","0.6102","23.3571","-15.82619355","-47.97147198","25.2836","3.9260","0.0000","0.0000","2322.4443"
"147.400","27.3877","11","0.2596","-0.2460","-1.7570","-46.0125","19.0529","1074.2140","432.0000","0.6984","22.8778","-15.82619119","-47.97147448","25.2828","3.9260","0.0000","0.0000","2322.8022"
"147.450","26.9065","11","0.2356","-0.2028","-1.9227","-44.6354","17.5718","1074.1561","440.0000","0.8046","24.3703","-15.82618884","-47.97147676","25.2820","3.9270","0.0000","0.0000","2323.1528"
"147.500","26.4292","11","0.2448","-0.1848","-2.1447","-43.8236","18.5001","1074.0879","440.0000","0.9144","22.7368","-15.82618654","-47.97147906","25.2812","3.9280","0.0000","0.0000","2323.4971"
"147.550","26.0507","11","0.2352","-0.1854","-2.3325","-42.6266","18.0003","1074.0380","440.0000","0.9702","23.0336","-15.82618417","-47.97148122","25.2797","3.9280","0.0000","0.0000","2323.8362"
"147.600","26.0426","11","0.1929","-0.2149","-2.5073","-42.3621","14.9601","1073.9641","440.0000","1.0008","27.7057","-15.82618184","-47.97148353","25.2781","3.9280","0.0000","0.0000","2324.1709"
"147.650","25.5648","11","0.1880","-0.2253","-2.6835","-42.2526","14.7814","1073.9089","440.0000","0.9720","27.5263","-15.82617967","-47.97148577","25.2766","3.9270","0.0000","0.0000","2324.5044"
"147.700","25.0725","11","0.1391","-0.2187","-2.7845","-41.6625","11.1085","1073.8687","440.0000","0.9468","35.9221","-15.82617737","-47.97148772","25.2750","3.9260","0.0000","0.0000","2324.8374"
"147.750","24.6260","11","0.1113","-0.1978","-2.8981","-40.9180","9.0365","1073.8387","440.0000","0.9360","43.3725","-15.82617510","-47.97148971","25.2734","3.9260","0.0000","0.0000","2325.1721"
"147.800","24.2209","11","0.0608","-0.1465","-3.0040","-40.1317","4.9967","1073.7921","440.0000","0.9864","77.1490","-15.82617285","-47.97149160","25.2719","3.9260","0.0000","0.0000","2325.5081"
"147.850","23.9967","11","0.0109","-0.0999","-3.1570","-39.0275","0.9053","1073.7500","440.0000","1.0602","421.8934","-15.82617050","-47.97149349","25.2703","3.9260","0.0000","0.0000","2325.8433"
"147.900","24.0472","11","0.0071","-0.0602","-3.1919","-40.0873","0.5928","1073.7183","440.0000","1.0296","645.5959","-15.82616831","-47.97149560","25.2687","3.9260","0.0000","0.0000","2326.1782"
"147.950","23.8402","10","-0.0028","-0.0249","-3.2353","-40.8516","-0.2325","1073.6993","440.0000","0.8370","1631.6492","-15.82616616","-47.97149764","25.2672","3.9260","0.0000","0.0000","2326.5112"
"148.000","24.2419","12","-0.0170","-0.0177","-3.1487","-40.7961","-1.4286","1073.6891","440.0000","0.7416","270.0700","-15.82616384","-47.97149979","25.2656","3.9260","0.0000","0.0000","2326.8428"
"148.050","24.1725","12","-0.0153","-0.0000","-3.0992","-40.7604","-1.2871","1073.6887","440.0000","0.6516","298.9115","-15.82616153","-47.97150180","25.2641","3.9260","0.0000","0.0000","2327.1694"
"148.100","24.1716","12","-0.0172","-0.0001","-3.0670","-40.5405","-1.4548","1073.6765","440.0000","0.5616","264.4410","-15.82615927","-47.97150383","25.2625","3.9260","0.0000","0.0000","2327.4919"
"148.150","24.0180","12","-0.0115","-0.0235","-3.0891","-40.6143","-0.9712","1073.6570","440.0000","0.5058","393.5988","-15.82615697","-47.97150579","25.2609","3.9260","0.0000","0.0000","2327.8130"
"148.200","23.9740","12","0.0217","-0.0571","-3.1016","-40.5410","1.8339","1073.6398","440.0000","0.4680","208.0596","-15.82615469","-47.97150782","25.2594","3.9260","0.0000","0.0000","2328.1338"
"148.250","23.7781","12","0.0555","-0.0892","-3.0842","-39.9680","4.7107","1073.6279","440.0000","0.4680","80.3371","-15.82615244","-47.97150974","25.2578","3.9260","0.0000","0.0000","2328.4526"
"148.300","23.3325","12","0.0819","-0.1045","-3.0499","-39.6256","7.0054","1073.6353","440.0000","0.4932","53.0087","-15.82615021","-47.97151149","25.2563","3.9260","0.0000","0.0000","2328.7698"
"148.350","23.1517","12","0.1104","-0.1075","-3.0728","-39.2421","9.5148","1073.6233","440.0000","0.5040","38.7260","-15.82614795","-47.97151334","25.2547","3.9260","0.0000","0.0000","2329.0840"
"148.400","23.0875","12","0.1165","-0.1032","-3.0335","-38.9539","10.1143","1073.6188","440.0000","0.4680","36.3296","-15.82614572","-47.97151516","25.2531","3.9260","0.0000","0.0000","2329.3967"
"148.450","23.0689","12","0.1145","-0.0953","-3.0120","-38.6477","10.0273","1073.6169","440.0000","0.4680","36.6151","-15.82614346","-47.97151702","25.2516","3.9260","0.0000","0.0000","2329.7063"
"148.500","22.9308","12","0.1392","-0.0762","-2.9606","-38.0811","12.2785","1073.6179","440.0000","0.4680","29.7232","-15.82614111","-47.97151881","25.2500","3.9260","0.0000","0.0000","2330.0112"
"148.550","22.8109","12","0.1564","-0.0859","-2.9152","-37.6238","13.8694","1073.6212","440.0000","0.4680","26.1760","-15.82613884","-47.97152055","25.2578","3.9260","0.0000","0.0000","2330.3123"
"148.600","22.4828","12","0.1503","-0.1038","-2.9678","-36.4940","13.4214","1073.6195","440.0000","0.4680","26.6608","-15.82613659","-47.97152205","25.2656","3.9260","0.0000","0.0000","2330.6099"
"148.650","22.5062","12","0.1670","-0.1110","-2.8907","-35.6201","15.0362","1073.6204","440.0000","0.4680","23.8223","-15.82613420","-47.97152372","25.2734","3.9260","0.0000","0.0000","2330.9023"
"148.700","22.0997","12","0.1733","-0.1416","-2.9590","-34.2867","15.7411","1073.6039","440.0000","0.4680","22.3447","-15.82613191","-47.97152516","25.2812","3.9260","0.0000","0.0000","2331.1924"
"148.750","21.9101","13","0.1820","-0.1477","-2.9197","-33.6941","16.7251","1073.5923","449.5000","0.4680","20.8496","-15.82612971","-47.97152677","25.2891","3.9260","0.0000","0.0000","2331.4814"
"148.800","21.5510","13","0.1913","-0.1356","-2.9662","-33.5500","17.7845","1073.5856","450.0000","0.4680","19.2861","-15.82612750","-47.97152814","25.2969","3.9260","0.0000","0.0000","2331.7698"
"148.850","21.2868","13","0.1677","-0.1290","-2.9373","-33.2259","15.7556","1073.5922","450.0000","0.4680","21.5029","-15.82612525","-47.97152963","25.3047","3.9260","0.0000","0.0000","2332.0579"
"148.900","20.9090","12","0.1387","-0.1149","-2.8784","-31.5905","13.1753","1073.6113","450.0000","0.4680","25.2577","-15.82612303","-47.97153082","25.3125","3.9260","0.0000","0.0000","2332.3447"
"148.950","20.8943","12","0.1325","-0.1156","-2.8372","-31.1963","12.7117","1073.6012","450.0000","0.4680","26.1605","-15.82612077","-47.97153226","25.3203","3.9250","0.0000","0.0000","2332.6257"
"149.000","20.7691","11","0.1057","-0.1009","-2.8447","-30.2263","10.2369","1073.6113","450.0000","0.4680","32.2902","-15.82611841","-47.97153349","25.3281","3.9240","0.0000","0.0000","2332.9011"
"149.050","20.7304","11","0.1359","-0.0759","-2.7824","-29.5290","13.2717","1073.6001","450.0000","0.4842","24.8601","-15.82611617","-47.97153475","25.3359","3.9230","0.0000","0.0000","2333.1770"
"149.100","20.7942","11","0.1448","-0.0663","-2.7918","-29.6390","14.2344","1073.5675","450.0000","0.4788","23.2501","-15.82611391","-47.97153611","25.3438","3.9220","0.0000","0.0000","2333.4531"
"149.150","20.6359","11","0.1553","-0.0731","-2.8263","-28.6674","15.3500","1073.5493","450.0000","0.4338","21.3961","-15.82611160","-47.97153745","25.3516","3.9220","0.0000","0.0000","2333.7271"
"149.200","19.9565","12","0.1610","-0.1106","-2.9428","-28.1475","16.0258","1073.5337","450.0000","0.4248","19.8192","-15.82610952","-47.97153854","25.3594","3.9220","0.0000","0.0000","2333.9966"
"149.250","19.7138","12","0.1550","-0.1018","-2.7349","-27.3265","15.5761","1073.5814","450.0000","0.3960","20.1433","-15.82610724","-47.97153960","25.3672","3.9220","0.0000","0.0000","2334.2620"
"149.300","20.0112","12","0.1556","-0.0986","-2.6898","-25.4435","15.7756","1073.5835","450.0000","0.3960","20.1887","-15.82610488","-47.97154066","25.3750","3.9220","0.0000","0.0000","2334.5291"
"149.350","19.7154","12","0.2002","-0.0868","-2.4410","-24.7284","20.4778","1073.6233","450.0000","0.3960","15.3230","-15.82610249","-47.97154166","25.3828","3.9230","0.0000","0.0000","2334.8008"
"149.400","19.7476","12","0.2438","-0.0725","-2.4346","-23.7177","25.1284","1073.6250","450.0000","0.3960","12.5075","-15.82610023","-47.97154259","25.3906","3.9240","0.0000","0.0000","2335.0728"
"149.450","19.1711","12","0.2541","-0.0396","-2.3234","-22.6655","26.3590","1073.6642","450.0000","0.3960","11.5755","-15.82609791","-47.97154345","25.3984","3.9240","0.0000","0.0000","2335.3396"
"149.500","19.0553","12","0.2626","-0.0253","-2.2672","-22.5584","27.3325","1073.6820","450.0000","0.4212","11.0957","-15.82609574","-47.97154439","25.4062","3.9240","0.0000","0.0000","2335.6033"
"149.550","19.3027","12","0.2403","-0.0224","-2.2477","-19.6036","25.0749","1073.6731","450.0000","0.3978","12.2518","-15.82609327","-47.97154514","25.4008","3.9250","0.0000","0.0000","2335.8630"
"149.600","19.7685","12","0.2083","-0.0214","-2.3206","-19.3724","21.7780","1073.6158","450.0000","0.4320","14.4469","-15.82609094","-47.97154613","25.3953","3.9260","0.0000","0.0000","2336.1187"
"149.650","19.4494","12","0.1776","-0.0549","-2.4093","-17.0511","18.6133","1073.6014","445.5000","0.4320","16.6304","-15.82608860","-47.97154673","25.3898","3.9260","0.0000","0.0000","2336.3691"
"149.700","19.1637","12","0.1821","-0.0950","-2.5449","-15.7798","19.1980","1073.5659","440.0000","0.4572","15.8870","-15.82608633","-47.97154739","25.3844","3.9260","0.0000","0.0000","2336.6167"
"149.750","18.8677","12","0.1716","-0.0959","-2.5747","-16.0553","18.2536","1073.5494","440.0000","0.4680","16.4509","-15.82608408","-47.97154798","25.3789","3.9260","0.0000","0.0000","2336.8599"
"149.800","18.5691","12","0.1628","-0.1090","-2.4477","-15.9031","17.4693","1073.5759","440.0000","0.5112","16.9175","-15.82608180","-47.97154858","25.3734","3.9260","0.0000","0.0000","2337.0974"
"149.850","18.2426","12","0.1320","-0.1533","-2.2548","-14.7218","14.3107","1073.6281","440.0000","0.5238","20.2883","-15.82607956","-47.97154910","25.3680","3.9250","0.0000","0.0000","2337.3293"
"149.900","17.9368","12","0.0877","-0.2146","-2.2154","-15.0135","9.6501","1073.6421","440.0000","0.4788","29.5825","-15.82607741","-47.97154964","25.3625","3.9240","0.0000","0.0000","2337.5532"
"149.950","17.7816","12","0.0774","-0.2718","-2.2578","-13.5087","8.7105","1073.6298","440.0000","0.4338","32.4900","-15.82607524","-47.97155013","25.3570","3.9240","0.0000","0.0000","2337.7705"
"150.000","17.3567","12","0.0378","-0.2582","-2.0663","-12.4403","4.3934","1073.6769","440.0000","0.4392","62.8767","-15.82607304","-47.97155049","25.3516","3.9240","0.0000","0.0000","2337.9856"
"150.050","16.9197","11","0.1042","-0.2083","-2.1769","-11.6166","12.3789","1073.6849","440.0000","0.4680","21.7537","-15.82607105","-47.97155087","25.3461","3.9240","0.0000","0.0000","2338.1995"
"150.100","16.6125","10","0.1149","-0.1754","-2.2054","-11.4831","13.9118","1073.6743","440.0000","0.4932","19.0052","-15.82606903","-47.97155126","25.3406","3.9240","0.0000","0.0000","2338.4136"
"150.150","15.6746","10","0.1405","-0.1800","-2.0234","-12.9092","17.3410","1073.7130","440.0000","0.5382","14.3860","-15.82606712","-47.97155163","25.3352","3.9240","0.0000","0.0000","2338.6245"
"150.200","15.5375","11","0.1300","-0.1751","-2.1822","-11.2766","16.3463","1073.7002","440.0000","0.6048","15.1280","-15.82606526","-47.97155193","25.3297","3.9240","0.0000","0.0000","2338.8301"
"150.250","15.4107","11","0.0777","-0.1544","-2.0896","-10.4876","9.9472","1073.7148","440.0000","0.5436","24.6569","-15.82606331","-47.97155217","25.3242","3.9240","0.0000","0.0000","2339.0288"
"150.300","15.4304","11","0.0627","-0.1453","-2.2408","-8.8276","8.1924","1073.6902","440.0000","0.4788","29.9768","-15.82606135","-47.97155244","25.3188","3.9240","0.0000","0.0000","2339.2231"
"150.350","15.4774","12","0.0921","-0.1232","-2.4643","-7.2288","12.2249","1073.6364","440.0000","0.4680","20.1499","-15.82605943","-47.97155268","25.3133","3.9240","0.0000","0.0000","2339.4131"
"150.400","15.0532","12","0.0542","-0.1252","-2.6989","-7.6886","7.2966","1073.6025","440.0000","0.4392","32.8342","-15.82605771","-47.97155305","25.3078","3.9240","0.0000","0.0000","2339.5977"
"150.450","14.5698","12","0.0083","-0.1429","-2.8940","-8.6846","1.1260","1073.5610","440.0000","0.4518","205.9453","-15.82605595","-47.97155335","25.3023","3.9240","0.0000","0.0000","2339.7756"
"150.500","14.1545","12","-0.0589","-0.1830","-2.7293","-9.9251","-8.2386","1073.6011","440.0000","0.4320","27.3441","-15.82605420","-47.97155363","25.2969","3.9240","0.0000","0.0000","2339.9463"
"150.550","13.9068","12","-0.1263","-0.2159","-2.4610","-9.9968","-17.9874","1073.6555","440.0000","0.4320","12.3050","-15.82605242","-47.97155401","25.3023","3.9240","0.0000","0.0000","2340.1104"
"150.600","13.5580","12","-0.1581","-0.2248","-2.6916","-9.6748","-23.1384","1073.6128","440.0000","0.4032","9.3257","-15.82605087","-47.97155430","25.3078","3.9240","0.0000","0.0000","2340.2695"
"150.650","13.1072","12","-0.1524","-0.2545","-3.0992","-10.4844","-22.9757","1073.5562","440.0000","0.4482","9.0795","-15.82604929","-47.97155468","25.3133","3.9250","0.0000","0.0000","2340.4253"
"150.700","12.6606","12","-0.0992","-0.2465","-3.0293","-11.4592","-15.4272","1073.5649","440.0000","0.4932","13.0613","-15.82604776","-47.97155499","25.3188","3.9260","0.0000","0.0000","2340.5742"
"150.750","12.0576","12","-0.0846","-0.2330","-3.0813","-16.1499","-13.6556","1073.5652","440.0000","0.6066","14.0530","-15.82604635","-47.97155555","25.3242","3.9260","0.0000","0.0000","2340.7141"
"150.800","11.6201","12","-0.0684","-0.2334","-3.0800","-18.3722","-11.4300","1073.5719","440.0000","0.6120","16.1802","-15.82604494","-47.97155620","25.3297","3.9260","0.0000","0.0000","2340.8455"
"150.850","11.3241","12","-0.0899","-0.2427","-3.0320","-15.9420","-15.5663","1073.5858","440.0000","0.6120","11.5781","-15.82604357","-47.97155650","25.3352","3.9260","0.0000","0.0000","2340.9673"
"150.900","11.2770","12","-0.1006","-0.2997","-3.0401","-12.9499","-18.0560","1073.5686","440.0000","0.5868","9.9401","-15.82604221","-47.97155673","25.3406","3.9260","0.0000","0.0000","2341.0811"
"150.950","10.3009","12","-0.1099","-0.3242","-3.1077","-11.7508","-20.7183","1073.5861","440.0000","0.6102","7.9130","-15.82604093","-47.97155699","25.3461","3.9250","0.0000","0.0000","2341.1860"
"151.000","9.8681","12","-0.1434","-0.3167","-3.2917","-14.7982","-28.5766","1073.5839","440.0000","0.5760","5.4959","-15.82603980","-47.97155740","25.3516","3.9240","0.0000","0.0000","2341.2834"
"151.050","9.1372","12","-0.1684","-0.3190","-3.2662","-20.7949","-35.5989","1073.5951","440.0000","0.5922","4.0850","-15.82603888","-47.97155799","25.3570","3.9240","0.0000","0.0000","2341.3767"
"151.100","8.6224","12","-0.2191","-0.3173","-3.2360","-25.5252","-49.1854","1073.6112","440.0000","0.6372","2.7901","-15.82603795","-47.97155857","25.3625","3.9240","0.0000","0.0000","2341.4683"
"151.150","7.9944","12","-0.2646","-0.3213","-2.8906","-29.3750","-63.2179","1073.6868","440.0000","0.7506","2.0126","-15.82603699","-47.97155918","25.3680","3.9250","0.0000","0.0000","2341.5518"
"151.200","7.2547","12","-0.2601","-0.2908","-2.7417","-28.2717","-66.6580","1073.7158","440.0000","0.7488","1.7322","-15.82603623","-47.97155960","25.3734","3.9260","0.0000","0.0000","2341.6257"
"151.250","6.7894","12","-0.2489","-0.2616","-2.3797","-28.6550","-68.0523","1073.7556","440.0000","0.7200","1.5878","-15.82603546","-47.97156000","25.3789","3.9260","0.0000","0.0000","2341.6917"
"151.300","6.7204","12","-0.1404","-0.2548","-2.2649","-31.7075","-40.7163","1073.7733","440.0000","0.7200","2.6269","-15.82603473","-47.97156055","25.3844","3.9260","0.0000","0.0000","2341.7529"
"151.350","6.6653","12","0.0010","-0.2663","-2.2223","-38.8273","0.4123","1073.7712","440.0000","0.7200","257.3114","-15.82603423","-47.97156128","25.3898","3.9270","0.0000","0.0000","2341.8096"
"151.400","5.6424","12","0.0642","-0.2713","-2.4408","-38.5166","21.8312","1073.7689","440.0000","0.6696","4.1135","-15.82603375","-47.97156164","25.3953","3.9280","0.0000","0.0000","2341.8584"
"151.450","5.0491","12","0.1035","-0.2766","-3.4808","-33.7616","38.0672","1073.7372","440.0000","0.5796","2.1110","-15.82603324","-47.97156197","25.4008","3.9280","0.0000","0.0000","2341.9014"
"151.500","4.5719","12","0.0897","-0.2673","-3.0666","-25.2343","35.9924","1073.7605","440.0000","0.5400","2.0217","-15.82603266","-47.97156202","25.4062","3.9280","0.0000","0.0000","2341.9421"
"151.550","4.3551","12","0.0469","-0.2531","-2.9286","-18.4107","20.8104","1073.7864","440.0000","0.5058","3.3307","-15.82603204","-47.97156200","25.4000","3.9280","0.0000","0.0000","2341.9810"
"151.600","3.9224","12","0.0389","-0.2173","-3.4080","-20.8007","19.4684","1073.7740","440.0000","0.4248","3.2066","-15.82603163","-47.97156232","25.3937","3.9280","0.0000","0.0000","2342.0186"
"151.650","3.2605","12","0.0826","-0.1928","-4.2348","-23.5529","22.3301","1073.7537","440.0000","0.3960","2.3239","-15.82603141","-47.97156263","25.3875","3.9270","0.0000","0.0000","2342.0532"
"151.700","3.0246","12","0.1072","-0.1978","-4.5502","-33.1844","0.0000","1073.7456","447.0000","0.3960","10000.0000","-15.82603121","-47.97156301","25.3813","3.9260","0.0000","0.0000","2342.0884"
"151.750","2.8632","12","0.0740","-0.1627","-4.5774","-35.1403","0.0000","1073.7512","450.0000","0.3960","10000.0000","-15.82603090","-47.97156325","25.3750","3.9260","0.0000","0.0000","2342.1213"
"151.800","2.7600","12","0.0218","-0.0927","-4.5936","-21.1660","0.0000","1073.7544","450.0000","0.3960","10000.0000","-15.82603052","-47.97156317","25.3687","3.9260","0.0000","0.0000","2342.1504"
"151.850","2.6364","12","-0.0283","-0.0620","-4.0145","-15.4136","0.0000","1073.7675","450.0000","0.4122","10000.0000","-15.82603010","-47.97156319","25.3625","3.9260","0.0000","0.0000","2342.1812"
"151.900","2.4072","12","0.0462","-0.0813","-4.6006","-16.0759","0.0000","1073.7511","450.0000","0.4320","10000.0000","-15.82602984","-47.97156335","25.3563","3.9260","0.0000","0.0000","2342.2173"
"151.950","2.7051","12","0.1157","-0.0316","-5.2005","-5.8370","0.0000","1073.7167","450.0000","0.4320","10000.0000","-15.82602949","-47.97156332","25.3500","3.9260","0.0000","0.0000","2342.2534"
"152.000","2.2408","11","0.1391","0.0306","-6.5180","-0.7628","0.0000","1073.7078","450.0000","0.4608","10000.0000","-15.82602929","-47.97156333","25.3438","3.9260","0.0000","0.0000","2342.2866"
"152.050","1.9613","12","0.1063","0.0307","-7.3321","-7.8904","0.0000","1073.6954","450.0000","0.4320","10000.0000","-15.82602916","-47.97156348","25.3375","3.9260","0.0000","0.0000","2342.3201"
"152.100","2.4034","12","0.0507","-0.0088","-6.5810","-12.8567","0.0000","1073.6536","450.0000","0.4320","10000.0000","-15.82602890","-47.97156370","25.3312","3.9260","0.0000","0.0000","2342.3540"
"152.150","2.8145","12","0.0361","-0.0173","-6.5706","-6.6145","0.0000","1073.6315","450.0000","0.4320","10000.0000","-15.82602840","-47.97156368","25.3250","3.9260","0.0000","0.0000","2342.3845"
"152.200","2.4995","12","-0.0103","-0.0124","-6.2012","8.6381","0.0000","1073.6432","450.0000","0.4752","10000.0000","-15.82602814","-47.97156348","25.3188","3.9260","0.0000","0.0000","2342.4146"
"152.250","2.3000","12","-0.0782","-0.0013","-6.4377","11.7911","0.0000","1073.6594","450.0000","0.4878","10000.0000","-15.82602794","-47.97156332","25.3125","3.9260","0.0000","0.0000","2342.4512"
"152.300","2.5115","12","-0.1134","0.0169","-6.0414","-4.1955","0.0000","1073.6431","450.0000","0.4176","10000.0000","-15.82602768","-47.97156367","25.3062","3.9260","0.0000","0.0000","2342.4907"
"152.350","2.4492","12","-0.1211","0.0166","-5.9749","-23.5975","0.0000","1073.6211","450.0000","0.3960","10000.0000","-15.82602747","-47.97156417","25.3000","3.9260","0.0000","0.0000","2342.5295"
"152.400","2.0240","12","-0.1318","0.0114","-7.4321","-23.4195","0.0000","1073.6204","450.0000","0.3960","10000.0000","-15.82602735","-47.97156432","25.2938","3.9260","0.0000","0.0000","2342.5657"
"152.450","2.2563","12","-0.1042","0.0293","-6.2348","-20.9602","0.0000","1073.6306","450.0000","0.3960","10000.0000","-15.82602708","-47.97156437","25.2875","3.9250","0.0000","0.0000","2342.5981"
"152.500","2.8681","12","-0.0979","0.0143","-4.7177","-20.2747","0.0000","1073.6177","450.0000","0.3960","10000.0000","-15.82602671","-47.97156454","25.2812","3.9240","0.0000","0.0000","2342.6311"
"152.550","2.8148","12","-0.0961","0.0284","-5.9174","-34.6289","0.0000","1073.5598","450.0000","0.3960","10000.0000","-15.82602668","-47.97156511","25.2820","3.9240","0.0000","0.0000","2342.6658"
"152.600","2.7567","12","-0.0496","0.0456","-5.2903","-47.6328","0.0000","1073.5636","450.0000","0.4248","10000.0000","-15.82602654","-47.97156553","25.2828","3.9240","0.0000","0.0000","2342.7002"
"152.650","2.4986","12","0.0273","0.0148","-4.2301","-32.7769","0.0000","1073.6196","450.0000","0.3960","10000.0000","-15.82602616","-47.97156544","25.2836","3.9240","0.0000","0.0000","2342.7324"
"152.700","2.2473","12","0.1022","-0.0485","-3.5008","-12.2127","0.0000","1073.6614","450.0000","0.3960","10000.0000","-15.82602575","-47.97156520","25.2844","3.9240","0.0000","0.0000","2342.7632"
"152.750","2.4531","12","0.1528","-0.0563","-2.4617","-15.7150","0.0000","1073.6603","450.0000","0.3960","10000.0000","-15.82602549","-47.97156526","25.2852","3.9250","0.0000","0.0000","2342.7930"
"152.800","2.5733","12","0.1394","-0.0168","-2.9935","-25.8552","0.0000","1073.6522","450.0000","0.3960","10000.0000","-15.82602526","-47.97156564","25.2859","3.9260","0.0000","0.0000","2342.8235"
"152.850","2.4037","12","0.0962","-0.0206","-4.9745","-19.5238","0.0000","1073.5835","450.0000","0.3960","10000.0000","-15.82602508","-47.97156586","25.2867","3.9260","0.0000","0.0000","2342.8530"
"152.900","2.2654","12","0.0611","-0.0511","-5.9730","-10.1749","0.0000","1073.5637","450.0000","0.3708","10000.0000","-15.82602485","-47.97156594","25.2875","3.9260","0.0000","0.0000","2342.8813"
"152.950","2.1958","12","0.0087","-0.0250","-3.9556","-8.1227","0.0000","1073.6493","450.0000","0.3600","10000.0000","-15.82602448","-47.97156586","25.2883","3.9260","0.0000","0.0000","2342.9082"
"153.000","2.1408","12","-0.0352","0.0175","-4.5862","3.7329","0.0000","1073.6359","450.0000","0.3600","10000.0000","-15.82602427","-47.97156591","25.2891","3.9260","0.0000","0.0000","2342.9319"
"153.050","2.1951","12","-0.0638","-0.0253","-5.4668","-0.1112","0.0000","1073.6064","450.0000","0.3600","10000.0000","-15.82602399","-47.97156596","25.2898","3.9250","0.0000","0.0000","2342.9509"
"153.100","2.0667","12","-0.0687","-0.0916","-4.9968","-15.3763","0.0000","1073.6094","450.0000","0.3600","10000.0000","-15.82602383","-47.97156625","25.2906","3.9240","0.0000","0.0000","2342.9668"
"153.150","2.0252","12","-0.0169","-0.1188","-4.6031","-35.0720","0.0000","1073.6161","450.0000","0.3600","10000.0000","-15.82602363","-47.97156651","25.2914","3.9230","0.0000","0.0000","2342.9771"
"153.200","1.9347","12","-0.0920","-0.0899","-6.4916","-44.8696","0.0000","1073.6005","450.0000","0.3600","10000.0000","-15.82602346","-47.97156673","25.2922","3.9220","0.0000","0.0000","2342.9839"
"153.250","1.5249","12","-0.0791","0.0169","-9.5027","-33.5457","0.0000","1073.5659","450.0000","0.3600","10000.0000","-15.82602343","-47.97156683","25.2930","3.9210","0.0000","0.0000","2342.9900"
"153.300","1.3438","12","0.3987","0.0066","-11.5215","-4.9707","0.0000","1073.5607","450.0000","0.3600","10000.0000","-15.82602326","-47.97156678","25.2938","3.9200","0.0000","0.0000","2342.9954"
"153.350","1.0663","12","0.0198","0.0034","-8.9852","20.9388","0.0000","1073.6154","450.0000","0.3942","10000.0000","-15.82602297","-47.97156658","25.2945","3.9200","0.0000","0.0000","2342.9993"
"153.400","0.5083","12","0.0000","0.0000","-15.3243","77.5292","0.0000","1073.6346","450.0000","0.4176","10000.0000","-15.82602313","-47.97156654","25.2953","3.9200","0.0000","0.0000","2343.0024"
"153.450","0.4339","12","0.0000","0.0000","-23.8266","25.2065","0.0000","1073.5925","450.0000","0.3924","10000.0000","-15.82602327","-47.97156678","25.2961","3.9210","0.0000","0.0000","2343.0051"
"153.500","0.4503","12","0.0000","0.0000","-23.4276","-89.7062","0.0000","1073.5935","450.0000","0.4068","10000.0000","-15.82602321","-47.97156685","25.2969","3.9220","0.0000","0.0000","2343.0078"
"153.550","0.3950","12","0.0000","0.0000","-30.6026","-35.3417","0.0000","1073.5767","450.0000","0.3618","10000.0000","-15.82602317","-47.97156705","25.2969","3.9230","0.0000","0.0000","2343.0107"
"153.600","0.2095","12","0.0000","0.0000","-63.1721","1.4479","0.0000","1073.5548","450.0000","0.2808","10000.0000","-15.82602322","-47.97156700","25.2969","3.9240","0.0000","0.0000","2343.0137"
"153.650","0.2008","12","0.0000","0.0000","-69.8978","145.2453","0.0000","1073.5548","450.0000","0.2844","10000.0000","-15.82602322","-47.97156700","25.2969","3.9240","0.0000","0.0000","2343.0166"
"153.700","0.2199","12","0.0000","0.0000","-53.9960","127.8449","0.0000","1073.5548","450.0000","0.2988","10000.0000","-15.82602322","-47.97156700","25.2969","3.9240","0.0000","0.0000","2343.0200"
"153.750","0.1600","12","0.0000","0.0000","-84.5487","-119.1136","0.0000","1073.5554","450.0000","0.2880","10000.0000","-15.82602322","-47.97156713","25.2969","3.9240","0.0000","0.0000","2343.0239"
"153.800","0.2016","12","0.0000","0.0000","-64.9873","-17.4527","0.0000","1073.5349","450.0000","0.2736","10000.0000","-15.82602317","-47.97156710","25.2969","3.9240","0.0000","0.0000","2343.0273"
"153.850","0.2400","12","0.0000","0.0000","-41.9210","-78.7787","0.0000","1073.5463","450.0000","0.3762","10000.0000","-15.82602315","-47.97156720","25.2969","3.9250","0.0000","0.0000","2343.0300"
"153.900","0.1803","12","0.0000","0.0000","-50.2150","-130.6219","0.0000","1073.5463","450.0000","0.3708","10000.0000","-15.82602315","-47.97156720","25.2969","3.9260","0.0000","0.0000","2343.0322"
"153.950","0.2665","12","0.0000","0.0000","-42.0143","-168.0987","0.0000","1073.5273","450.0000","0.3942","10000.0000","-15.82602319","-47.97156728","25.2969","3.9260","0.0000","0.0000","2343.0344"
"154.000","0.3302","12","0.0000","0.0000","-38.4148","104.6593","0.0000","1073.4963","450.0000","0.3456","10000.0000","-15.82602327","-47.97156729","25.2969","3.9260","0.0000","0.0000","2343.0371"
"154.050","0.2105","12","0.0000","0.0000","-62.6240","-142.0874","0.0000","1073.4907","450.0000","0.3204","10000.0000","-15.82602325","-47.97156736","25.2969","3.9260","0.0000","0.0000","2343.0371"
"154.100","0.1812","12","0.0000","0.0000","-54.4443","-79.3668","0.0000","1073.5066","450.0000","0.3348","10000.0000","-15.82602315","-47.97156742","25.2969","3.9260","0.0000","0.0000","2343.0371"
"154.150","0.1493","12","0.0000","0.0000","-70.6467","-43.6933","0.0000","1073.5039","450.0000","0.2556","10000.0000","-15.82602316","-47.97156736","25.2969","3.9260","0.0000","0.0000","2343.0371"
"154.200","0.1575","12","0.0000","0.0000","-56.6948","61.0178","0.0000","1073.4846","450.0000","0.3024","10000.0000","-15.82602321","-47.97156739","25.2969","3.9260","0.0000","0.0000","2343.0371"
"154.250","0.1575","12","0.0000","0.0000","-56.6948","61.0178","0.0000","1073.4846","450.0000","0.3024","10000.0000","-15.82602321","-47.97156739","25.2969","3.9260","0.0000","0.0000","2343.0371"
"154.300","0.1575","12","0.0000","0.0000","-56.6948","61.0178","0.0000","1073.4846","450.0000","0.3024","10000.0000","-15.82602321","-47.97156739","25.2969","3.9260","0.0000","0.0000","2343.0371"
"154.350","0.1575","12","0.0000","0.0000","-56.6948","61.0178","0.0000","1073.4846","450.0000","0.3024","10000.0000","-15.82602321","-47.97156739","25.2969","3.9260","0.0000","0.0000","2343.0371"
"154.400","0.1575","12","0.0000","0.0000","-56.6948","61.0178","0.0000","1073.4846","450.0000","0.3024","10000.0000","-15.82602321","-47.97156739","25.2969","3.9260","0.0000","0.0000","2343.0371"
"154.450","0.1575","12","0.0000","0.0000","-56.6948","61.0178","0.0000","1073.4846","450.0000","0.3024","10000.0000","-15.82602321","-47.97156739","25.2969","3.9260","0.0000","0.0000","2343.0371"
"154.500","0.1575","12","0.0000","0.0000","-56.6948","61.0178","0.0000","1073.4846","450.0000","0.3024","10000.0000","-15.82602321","-47.97156739","25.2969","3.9260","0.0000","0.0000","2343.0371"
"154.550","0.1575","12","0.0000","0.0000","-56.6948","61.0178","0.0000","1073.4846","450.0000","0.3024","10000.0000","-15.82602321","-47.97156739","25.2969","3.9260","0.0000","0.0000","2343.0371"
"154.600","0.1575","12","0.0000","0.0000","-56.6948","61.0178","0.0000","1073.4846","450.0000","0.3024","10000.0000","-15.82602321","-47.97156739","25.2969","3.9260","0.0000","0.0000","2343.0371"
"154.650","0.1575","12","0.0000","0.0000","-56.6948","61.0178","0.0000","1073.4846","450.0000","0.3024","10000.0000","-15.82602321","-47.97156739","25.2969","3.9260","0.0000","0.0000","2343.0371"
"154.700","0.1575","12","0.0000","0.0000","-56.6948","61.0178","0.0000","1073.4846","450.0000","0.3024","10000.0000","-15.82602321","-47.97156739","25.2969","3.9260","0.0000","0.0000","2343.0371"
"154.750","0.1575","12","0.0000","0.0000","-56.6948","61.0178","0.0000","1073.4846","450.0000","0.3024","10000.0000","-15.82602321","-47.97156739","25.2969","3.9260","0.0000","0.0000","2343.0371"
"154.800","0.1575","12","0.0000","0.0000","-56.6948","61.0178","0.0000","1073.4846","450.0000","0.3024","10000.0000","-15.82602321","-47.97156739","25.2969","3.9260","0.0000","0.0000","2343.0371"
"154.850","0.1575","12","0.0000","0.0000","-56.6948","61.0178","0.0000","1073.4846","450.0000","0.3024","10000.0000","-15.82602321","-47.97156739","25.2969","3.9260","0.0000","0.0000","2343.0371"
"154.900","0.1575","12","0.0000","0.0000","-56.6948","61.0178","0.0000","1073.4846","450.0000","0.3024","10000.0000","-15.82602321","-47.97156739","25.2969","3.9260","0.0000","0.0000","2343.0371"
"154.950","0.1575","12","0.0000","0.0000","-56.6948","61.0178","0.0000","1073.4846","450.0000","0.3024","10000.0000","-15.82602321","-47.97156739","25.2969","3.9260","0.0000","0.0000","2343.0371"
